/data/user/m/cmacaire/unsupervised_wav2vec/na/no_silence/train/clips_na_16khz	
crdo-NRU_F4_RENAMING_RenamingS031.wav	114400
crdo-NRU_F4_CARAVANS_CaravansS286.wav	31520
crdo-NRU_AGRICULTURAL_ACTIVITIES_Agriculture_S079.wav	28800
crdo-NRU_F4_HEALING_HealingS101.wav	31680
crdo-NRU_AGRICULTURAL_ACTIVITIES_Agriculture_S076.wav	42560
crdo-NRU_F4_TIGER2_Tiger2S132.wav	49120
crdo-NRU_F4_FOOD_SHORTAGE_FoodShortageS018.wav	127680
crdo-NRU_F4_FOOD_SHORTAGE2_FOOD_SHORTAGE2S025.wav	104800
crdo-NRU_F4_DOG2_Dog2S021.wav	16160
crdo-NRU_F4_FUNERAL_F4_FUNERAL_S199.wav	40160
crdo-NRU_F4_CARAVANS_CaravansS238.wav	60160
crdo-NRU_F4_ELDERS3_Elders3S059.wav	108640
crdo-NRU_F4_DOG2_Dog2S032.wav	73440
crdo-NRU_F4_FOOD_SHORTAGE2_FOOD_SHORTAGE2S011.wav	21440
crdo-NRU_F4_DOG2_Dog2S078.wav	72000
crdo-NRU_Naissance_du_Lac_V3_Lake3_S050.wav	51680
crdo-NRU_F4_RENAMING_RenamingS034.wav	33760
crdo-NRU_F4_MUSHROOMS_MUSHROOMS_S163.wav	95680
crdo-NRU_F4_COMING_OF_AGE2_F4_ComingOfAge2S014.wav	32320
crdo-NRU_F4_HEALING_HealingS083.wav	43040
crdo-NRU_F4_HOUSEBUILDING2_HOUSEBUILDING2_S205.wav	21440
crdo-NRU_F4_HEALING_HealingS072.wav	58080
crdo-NRU_F4_MUSHROOMS_MUSHROOMS_S110.wav	40480
crdo-NRU_F4_FOOD_SHORTAGE2_FOOD_SHORTAGE2S048.wav	63200
crdo-NRU_F4_CARAVANS_CaravansS187.wav	82080
crdo-NRU_F4_COMING_OF_AGE2_F4_ComingOfAge2S045.wav	119040
crdo-NRU_F4_CARAVANS_CaravansS186.wav	34880
crdo-NRU_F4_CARAVANS_CaravansS012.wav	20640
crdo-NRU_F4_FUNERAL_F4_FUNERAL_S189.wav	161440
crdo-NRU_F4_MOUNTAINS_F4_MountainsS157.wav	45920
crdo-NRU_AGRICULTURAL_ACTIVITIES_Agriculture_S045.wav	29120
crdo-NRU_AGRICULTURAL_ACTIVITIES_Agriculture_S064.wav	17120
crdo-NRU_F4_HOUSEBUILDING2_HOUSEBUILDING2_S233.wav	60640
crdo-NRU_F4_FOOD_SHORTAGE_FoodShortageS035.wav	61760
crdo-NRU_F4_TIGER2_Tiger2S003.wav	73920
crdo-NRU_F4_FOOD_SHORTAGE2_FOOD_SHORTAGE2S073.wav	64800
crdo-NRU_F4_COMING_OF_AGE2_F4_ComingOfAge2S077.wav	45440
crdo-NRU_F4_MOUNTAINS_F4_MountainsS117.wav	27040
crdo-NRU_F4_FOOD_SHORTAGE2_FOOD_SHORTAGE2S036.wav	42400
crdo-NRU_F4_DOG2_Dog2S024.wav	51840
crdo-NRU_F4_FUNERAL_F4_FUNERAL_S039.wav	95520
crdo-NRU_F4_HEALING_HealingS059.wav	55840
crdo-NRU_F4_TIGER2_Tiger2S086.wav	70560
crdo-NRU_F4_MOUNTAINS_F4_MountainsS142.wav	145760
crdo-NRU_F4_CARAVANS_CaravansS236.wav	83200
crdo-NRU_F4_FOOD_SHORTAGE_FoodShortageS057.wav	35840
crdo-NRU_F4_ELDERS3_Elders3S002.wav	176000
crdo-NRU_F4_MOUNTAINS_F4_MountainsS077.wav	63840
crdo-NRU_F4_HEALING_HealingS107.wav	53600
crdo-NRU_Naissance_du_Lac_V3_Lake3_S025.wav	47360
crdo-NRU_F4_ELDERS3_Elders3S008.wav	36000
crdo-NRU_F4_FOOD_SHORTAGE2_FOOD_SHORTAGE2S052.wav	58560
crdo-NRU_F4_CARAVANS_CaravansS050.wav	147200
crdo-NRU_Naissance_du_Lac_V3_Lake3_S024.wav	53920
crdo-NRU_F4_FOOD_SHORTAGE_FoodShortageS042.wav	64960
crdo-NRU_F4_TIGER2_Tiger2S095.wav	51040
crdo-NRU_F4_SEEDS_SeedsS023.wav	56640
crdo-NRU_AGRICULTURAL_ACTIVITIES_Agriculture_S002.wav	47040
crdo-NRU_F4_MUSHROOMS_MUSHROOMS_S127.wav	53440
crdo-NRU_F4_MOUNTAINS_F4_MountainsS127.wav	171360
crdo-NRU_F4_MUSHROOMS_MUSHROOMS_S093.wav	64000
crdo-NRU_Mariage_De_La_Soeur_V3_Sister3_S036.wav	67200
crdo-NRU_Mariage_De_La_Soeur_V3_Sister3_S098.wav	44960
crdo-NRU_F4_ELDERS3_Elders3S047.wav	46880
crdo-NRU_F4_FOOD_SHORTAGE_FoodShortageS109.wav	55520
crdo-NRU_F4_COMING_OF_AGE2_F4_ComingOfAge2S067.wav	66560
crdo-NRU_F4_MOUNTAINS_F4_MountainsS118.wav	30400
crdo-NRU_F4_ELDERS3_Elders3S068.wav	70560
crdo-NRU_F4_ELDERS3_Elders3S069.wav	34560
crdo-NRU_F4_RENAMING_RenamingS030.wav	57120
crdo-NRU_Mariage_De_La_Soeur_V3_Sister3_S045.wav	72320
crdo-NRU_F4_FUNERAL_F4_FUNERAL_S228.wav	68320
crdo-NRU_F4_HOUSEBUILDING2_HOUSEBUILDING2_S343.wav	21760
crdo-NRU_F4_TIGER2_Tiger2S103.wav	51840
crdo-NRU_F4_HOUSEBUILDING2_HOUSEBUILDING2_S008.wav	96000
crdo-NRU_F4_HOUSEBUILDING2_HOUSEBUILDING2_S280.wav	47040
crdo-NRU_F4_CARAVANS_CaravansS047.wav	78720
crdo-NRU_F4_MOUNTAINS_F4_MountainsS170.wav	32320
crdo-NRU_F4_FUNERAL_F4_FUNERAL_S009.wav	51520
crdo-NRU_F4_ELDERS3_Elders3S055.wav	27360
crdo-NRU_F4_FOOD_SHORTAGE2_FOOD_SHORTAGE2S004.wav	73440
crdo-NRU_F4_TIGER2_Tiger2S126.wav	60320
crdo-NRU_F4_CARAVANS_CaravansS042.wav	75680
crdo-NRU_F4_CARAVANS_CaravansS125.wav	63040
crdo-NRU_F4_DOG2_Dog2S050.wav	65760
crdo-NRU_F4_HOUSEBUILDING2_HOUSEBUILDING2_S020.wav	37440
crdo-NRU_F4_FOOD_SHORTAGE_FoodShortageS076.wav	74560
crdo-NRU_F4_RENAMING_RenamingS045.wav	21760
crdo-NRU_F4_TIGER2_Tiger2S128.wav	47040
crdo-NRU_F4_SEEDS_SeedsS046.wav	150080
crdo-NRU_F4_FOOD_SHORTAGE_FoodShortageS016.wav	144960
crdo-NRU_F4_MOUNTAINS_F4_MountainsS033.wav	33280
crdo-NRU_F4_MUSHROOMS_MUSHROOMS_S142.wav	31520
crdo-NRU_F4_TIGER2_Tiger2S014.wav	42400
crdo-NRU_F4_MOUNTAINS_F4_MountainsS011.wav	86880
crdo-NRU_F4_FUNERAL_F4_FUNERAL_S051.wav	82560
crdo-NRU_F4_MUSHROOMS_MUSHROOMS_S067.wav	39200
crdo-NRU_F4_MOUNTAINS_F4_MountainsS092.wav	111840
crdo-NRU_F4_HEALING_HealingS002.wav	79520
crdo-NRU_F4_COMING_OF_AGE2_F4_ComingOfAge2S096.wav	72960
crdo-NRU_F4_RENAMING_RenamingS044.wav	91360
crdo-NRU_F4_MUSHROOMS_MUSHROOMS_S154.wav	24800
crdo-NRU_F4_FOOD_SHORTAGE_FoodShortageS039.wav	78720
crdo-NRU_F4_COMING_OF_AGE2_F4_ComingOfAge2S076.wav	120480
crdo-NRU_F4_MUSHROOMS_MUSHROOMS_S076.wav	34560
crdo-NRU_AGRICULTURAL_ACTIVITIES_Agriculture_S032.wav	42240
crdo-NRU_F4_CARAVANS_CaravansS254.wav	85280
crdo-NRU_F4_TIGER2_Tiger2S143.wav	180640
crdo-NRU_AGRICULTURAL_ACTIVITIES_Agriculture_S022.wav	53120
crdo-NRU_F4_FOOD_SHORTAGE2_FOOD_SHORTAGE2S089.wav	31840
crdo-NRU_F4_HOUSEBUILDING2_HOUSEBUILDING2_S017.wav	120960
crdo-NRU_F4_TIGER2_Tiger2S049.wav	33920
crdo-NRU_F4_HEALING_HealingS005.wav	38560
crdo-NRU_F4_HOUSEBUILDING2_HOUSEBUILDING2_S061.wav	61440
crdo-NRU_F4_RENAMING_RenamingS001.wav	115680
crdo-NRU_F4_HOUSEBUILDING2_HOUSEBUILDING2_S172.wav	40640
crdo-NRU_F4_FUNERAL_F4_FUNERAL_S236.wav	27040
crdo-NRU_F4_CARAVANS_CaravansS219.wav	38240
crdo-NRU_Mariage_De_La_Soeur_V3_Sister3_S023.wav	41600
crdo-NRU_Mariage_De_La_Soeur_V3_Sister3_S112.wav	77600
crdo-NRU_F4_CARAVANS_CaravansS128.wav	48480
crdo-NRU_Mariage_De_La_Soeur_V3_Sister3_S141.wav	59840
crdo-NRU_F4_MOUNTAINS_F4_MountainsS100.wav	47520
crdo-NRU_F4_TIGER2_Tiger2S127.wav	84960
crdo-NRU_F4_HOUSEBUILDING2_HOUSEBUILDING2_S016.wav	142400
crdo-NRU_F4_FOOD_SHORTAGE_FoodShortageS086.wav	92320
crdo-NRU_F4_COMING_OF_AGE2_F4_ComingOfAge2S018.wav	24800
crdo-NRU_F4_HEALING_HealingS017.wav	85760
crdo-NRU_F4_MOUNTAINS_F4_MountainsS079.wav	31680
crdo-NRU_F4_FOOD_SHORTAGE_FoodShortageS023.wav	88320
crdo-NRU_F4_MUSHROOMS_MUSHROOMS_S008.wav	88320
crdo-NRU_F4_HOUSEBUILDING2_HOUSEBUILDING2_S284.wav	42720
crdo-NRU_F4_SEEDS_SeedsS024.wav	121600
crdo-NRU_F4_HOUSEBUILDING2_HOUSEBUILDING2_S315.wav	60960
crdo-NRU_F4_TIGER2_Tiger2S032.wav	28000
crdo-NRU_F4_HOUSEBUILDING2_HOUSEBUILDING2_S101.wav	28000
crdo-NRU_F4_CARAVANS_CaravansS150.wav	31040
crdo-NRU_F4_HOUSEBUILDING2_HOUSEBUILDING2_S089.wav	63520
crdo-NRU_F4_SEEDS_SeedsS071.wav	56000
crdo-NRU_AGRICULTURAL_ACTIVITIES_Agriculture_S090.wav	19360
crdo-NRU_F4_TIGER2_Tiger2S066.wav	48000
crdo-NRU_F4_FUNERAL_F4_FUNERAL_S244.wav	89600
crdo-NRU_AGRICULTURAL_ACTIVITIES_Agriculture_S070.wav	48320
crdo-NRU_Mariage_De_La_Soeur_V3_Sister3_S116.wav	82720
crdo-NRU_F4_FUNERAL_F4_FUNERAL_S040.wav	28640
crdo-NRU_F4_ELDERS3_Elders3S004.wav	113920
crdo-NRU_F4_CARAVANS_CaravansS201.wav	42560
crdo-NRU_F4_FOOD_SHORTAGE2_FOOD_SHORTAGE2S029.wav	79360
crdo-NRU_F4_HOUSEBUILDING2_HOUSEBUILDING2_S152.wav	42240
crdo-NRU_F4_FOOD_SHORTAGE_FoodShortageS028.wav	44160
crdo-NRU_F4_MOUNTAINS_F4_MountainsS040.wav	36960
crdo-NRU_F4_FUNERAL_F4_FUNERAL_S092.wav	28640
crdo-NRU_F4_CARAVANS_CaravansS021.wav	50720
crdo-NRU_F4_FUNERAL_F4_FUNERAL_S264.wav	57120
crdo-NRU_F4_SEEDS_SeedsS017.wav	84320
crdo-NRU_F4_FUNERAL_F4_FUNERAL_S090.wav	48320
crdo-NRU_F4_FUNERAL_F4_FUNERAL_S202.wav	27520
crdo-NRU_F4_DOG2_Dog2S105.wav	60000
crdo-NRU_F4_MUSHROOMS_MUSHROOMS_S084.wav	57760
crdo-NRU_F4_FOOD_SHORTAGE2_FOOD_SHORTAGE2S057.wav	53280
crdo-NRU_F4_CARAVANS_CaravansS060.wav	45760
crdo-NRU_F4_HEALING_HealingS056.wav	140000
crdo-NRU_F4_TIGER2_Tiger2S026.wav	48480
crdo-NRU_F4_MUSHROOMS_MUSHROOMS_S139.wav	49280
crdo-NRU_F4_DOG2_Dog2S019.wav	114080
crdo-NRU_F4_MUSHROOMS_MUSHROOMS_S039.wav	38080
crdo-NRU_F4_FUNERAL_F4_FUNERAL_S200.wav	176160
crdo-NRU_F4_FUNERAL_F4_FUNERAL_S159.wav	106560
crdo-NRU_F4_MOUNTAINS_F4_MountainsS094.wav	118720
crdo-NRU_Mariage_De_La_Soeur_V3_Sister3_S107.wav	58080
crdo-NRU_F4_CARAVANS_CaravansS189.wav	50720
crdo-NRU_F4_FUNERAL_F4_FUNERAL_S224.wav	48960
crdo-NRU_F4_RENAMING_RenamingS017.wav	100160
crdo-NRU_F4_MOUNTAINS_F4_MountainsS058.wav	104800
crdo-NRU_F4_FUNERAL_F4_FUNERAL_S150.wav	53120
crdo-NRU_Mariage_De_La_Soeur_V3_Sister3_S090.wav	22720
crdo-NRU_F4_FOOD_SHORTAGE_FoodShortageS097.wav	12320
crdo-NRU_F4_CARAVANS_CaravansS052.wav	46240
crdo-NRU_Naissance_du_Lac_V3_Lake3_S052.wav	63680
crdo-NRU_F4_CARAVANS_CaravansS015.wav	101920
crdo-NRU_AGRICULTURAL_ACTIVITIES_Agriculture_S008.wav	107840
crdo-NRU_F4_HOUSEBUILDING2_HOUSEBUILDING2_S136.wav	72480
crdo-NRU_F4_HOUSEBUILDING2_HOUSEBUILDING2_S340.wav	55840
crdo-NRU_F4_COMING_OF_AGE2_F4_ComingOfAge2S065.wav	36480
crdo-NRU_F4_MOUNTAINS_F4_MountainsS108.wav	69440
crdo-NRU_F4_TIGER2_Tiger2S030.wav	15200
crdo-NRU_F4_MUSHROOMS_MUSHROOMS_S078.wav	88480
crdo-NRU_F4_FOOD_SHORTAGE2_FOOD_SHORTAGE2S017.wav	130720
crdo-NRU_F4_CARAVANS_CaravansS083.wav	42720
crdo-NRU_F4_SEEDS_SeedsS059.wav	50400
crdo-NRU_F4_TIGER2_Tiger2S055.wav	36640
crdo-NRU_F4_FUNERAL_F4_FUNERAL_S133.wav	86880
crdo-NRU_F4_TIGER2_Tiger2S043.wav	65440
crdo-NRU_F4_FOOD_SHORTAGE2_FOOD_SHORTAGE2S081.wav	60000
crdo-NRU_F4_COMING_OF_AGE2_F4_ComingOfAge2S017.wav	41920
crdo-NRU_F4_HOUSEBUILDING2_HOUSEBUILDING2_S334.wav	39040
crdo-NRU_F4_HEALING_HealingS076.wav	40640
crdo-NRU_F4_HOUSEBUILDING2_HOUSEBUILDING2_S265.wav	30560
crdo-NRU_F4_HOUSEBUILDING2_HOUSEBUILDING2_S158.wav	43840
crdo-NRU_Mariage_De_La_Soeur_V3_Sister3_S147.wav	27520
crdo-NRU_F4_HOUSEBUILDING2_HOUSEBUILDING2_S279.wav	109120
crdo-NRU_F4_FUNERAL_F4_FUNERAL_S156.wav	98880
crdo-NRU_F4_HOUSEBUILDING2_HOUSEBUILDING2_S142.wav	39360
crdo-NRU_F4_MUSHROOMS_MUSHROOMS_S145.wav	55360
crdo-NRU_F4_CARAVANS_CaravansS048.wav	66400
crdo-NRU_F4_HOUSEBUILDING2_HOUSEBUILDING2_S114.wav	18400
crdo-NRU_Naissance_du_Lac_V3_Lake3_S042.wav	37920
crdo-NRU_F4_MUSHROOMS_MUSHROOMS_S066.wav	83360
crdo-NRU_F4_MOUNTAINS_F4_MountainsS041.wav	101280
crdo-NRU_F4_DOG2_Dog2S023.wav	36320
crdo-NRU_F4_HOUSEBUILDING2_HOUSEBUILDING2_S047.wav	19680
crdo-NRU_F4_CARAVANS_CaravansS064.wav	95200
crdo-NRU_F4_MOUNTAINS_F4_MountainsS147.wav	95520
crdo-NRU_F4_FOOD_SHORTAGE2_FOOD_SHORTAGE2S008.wav	79360
crdo-NRU_F4_MOUNTAINS_F4_MountainsS085.wav	86880
crdo-NRU_F4_SEEDS_SeedsS007.wav	12320
crdo-NRU_F4_FUNERAL_F4_FUNERAL_S131.wav	62080
crdo-NRU_F4_HOUSEBUILDING2_HOUSEBUILDING2_S033.wav	41280
crdo-NRU_F4_CARAVANS_CaravansS211.wav	43040
crdo-NRU_F4_CARAVANS_CaravansS076.wav	127040
crdo-NRU_AGRICULTURAL_ACTIVITIES_Agriculture_S083.wav	44480
crdo-NRU_F4_MUSHROOMS_MUSHROOMS_S118.wav	64800
crdo-NRU_F4_DOG2_Dog2S039.wav	21920
crdo-NRU_F4_HOUSEBUILDING2_HOUSEBUILDING2_S196.wav	56640
crdo-NRU_F4_HOUSEBUILDING2_HOUSEBUILDING2_S301.wav	27520
crdo-NRU_Naissance_du_Lac_V3_Lake3_S006.wav	52800
crdo-NRU_F4_HOUSEBUILDING2_HOUSEBUILDING2_S115.wav	41760
crdo-NRU_F4_ELDERS3_Elders3S012.wav	47040
crdo-NRU_F4_HOUSEBUILDING2_HOUSEBUILDING2_S246.wav	63040
crdo-NRU_F4_RENAMING_RenamingS042.wav	51200
crdo-NRU_F4_CARAVANS_CaravansS281.wav	70560
crdo-NRU_Mariage_De_La_Soeur_V3_Sister3_S115.wav	27360
crdo-NRU_F4_FUNERAL_F4_FUNERAL_S119.wav	53760
crdo-NRU_F4_MOUNTAINS_F4_MountainsS156.wav	15840
crdo-NRU_Mariage_De_La_Soeur_V3_Sister3_S019.wav	49440
crdo-NRU_F4_MOUNTAINS_F4_MountainsS036.wav	60960
crdo-NRU_F4_FUNERAL_F4_FUNERAL_S041.wav	58880
crdo-NRU_F4_MUSHROOMS_MUSHROOMS_S050.wav	56640
crdo-NRU_F4_HOUSEBUILDING2_HOUSEBUILDING2_S327.wav	62240
crdo-NRU_F4_COMING_OF_AGE2_F4_ComingOfAge2S030.wav	66720
crdo-NRU_F4_HOUSEBUILDING2_HOUSEBUILDING2_S226.wav	37920
crdo-NRU_F4_DOG2_Dog2S077.wav	27520
crdo-NRU_F4_CARAVANS_CaravansS287.wav	75840
crdo-NRU_F4_ELDERS3_Elders3S033.wav	30560
crdo-NRU_F4_HEALING_HealingS050.wav	49280
crdo-NRU_Mariage_De_La_Soeur_V3_Sister3_S102.wav	34240
crdo-NRU_F4_FUNERAL_F4_FUNERAL_S103.wav	27520
crdo-NRU_F4_FOOD_SHORTAGE_FoodShortageS012.wav	50560
crdo-NRU_F4_FUNERAL_F4_FUNERAL_S035.wav	23200
crdo-NRU_F4_MOUNTAINS_F4_MountainsS043.wav	64640
crdo-NRU_F4_FOOD_SHORTAGE2_FOOD_SHORTAGE2S041.wav	32160
crdo-NRU_F4_HOUSEBUILDING2_HOUSEBUILDING2_S220.wav	33440
crdo-NRU_F4_HOUSEBUILDING2_HOUSEBUILDING2_S348.wav	51680
crdo-NRU_F4_MOUNTAINS_F4_MountainsS101.wav	47360
crdo-NRU_F4_HOUSEBUILDING2_HOUSEBUILDING2_S239.wav	45920
crdo-NRU_Mariage_De_La_Soeur_V3_Sister3_S010.wav	29760
crdo-NRU_AGRICULTURAL_ACTIVITIES_Agriculture_S013.wav	41440
crdo-NRU_F4_CARAVANS_CaravansS149.wav	113760
crdo-NRU_F4_TIGER2_Tiger2S013.wav	73120
crdo-NRU_F4_FOOD_SHORTAGE_FoodShortageS055.wav	86880
crdo-NRU_F4_DOG2_Dog2S110.wav	69920
crdo-NRU_F4_DOG2_Dog2S114.wav	30720
crdo-NRU_F4_CARAVANS_CaravansS220.wav	44960
crdo-NRU_F4_HOUSEBUILDING2_HOUSEBUILDING2_S230.wav	49280
crdo-NRU_AGRICULTURAL_ACTIVITIES_Agriculture_S006.wav	45440
crdo-NRU_AGRICULTURAL_ACTIVITIES_Agriculture_S030.wav	32960
crdo-NRU_F4_DOG2_Dog2S038.wav	75360
crdo-NRU_F4_MUSHROOMS_MUSHROOMS_S129.wav	18400
crdo-NRU_F4_MUSHROOMS_MUSHROOMS_S152.wav	48480
crdo-NRU_Mariage_De_La_Soeur_V3_Sister3_S097.wav	32160
crdo-NRU_F4_FUNERAL_F4_FUNERAL_S229.wav	46080
crdo-NRU_F4_FUNERAL_F4_FUNERAL_S182.wav	18880
crdo-NRU_AGRICULTURAL_ACTIVITIES_Agriculture_S085.wav	38880
crdo-NRU_F4_FUNERAL_F4_FUNERAL_S093.wav	23840
crdo-NRU_F4_MUSHROOMS_MUSHROOMS_S164.wav	93920
crdo-NRU_F4_HOUSEBUILDING2_HOUSEBUILDING2_S070.wav	77760
crdo-NRU_F4_TIGER2_Tiger2S037.wav	41440
crdo-NRU_F4_CARAVANS_CaravansS101.wav	53920
crdo-NRU_F4_HEALING_HealingS079.wav	39040
crdo-NRU_F4_CARAVANS_CaravansS192.wav	17600
crdo-NRU_F4_FOOD_SHORTAGE2_FOOD_SHORTAGE2S083.wav	45120
crdo-NRU_F4_HOUSEBUILDING2_HOUSEBUILDING2_S308.wav	74720
crdo-NRU_F4_FOOD_SHORTAGE_FoodShortageS037.wav	34400
crdo-NRU_F4_DOG2_Dog2S058.wav	61440
crdo-NRU_F4_RENAMING_RenamingS020.wav	96320
crdo-NRU_F4_HEALING_HealingS087.wav	12000
crdo-NRU_F4_MUSHROOMS_MUSHROOMS_S056.wav	42240
crdo-NRU_F4_CARAVANS_CaravansS134.wav	33760
crdo-NRU_F4_HOUSEBUILDING2_HOUSEBUILDING2_S231.wav	68640
crdo-NRU_Naissance_du_Lac_V3_Lake3_S072.wav	36480
crdo-NRU_F4_HOUSEBUILDING2_HOUSEBUILDING2_S350.wav	82560
crdo-NRU_F4_FOOD_SHORTAGE_FoodShortageS034.wav	55680
crdo-NRU_F4_FOOD_SHORTAGE2_FOOD_SHORTAGE2S023.wav	99040
crdo-NRU_F4_CARAVANS_CaravansS271.wav	30720
crdo-NRU_F4_DOG2_Dog2S020.wav	64160
crdo-NRU_F4_SEEDS_SeedsS031.wav	30080
crdo-NRU_F4_HOUSEBUILDING2_HOUSEBUILDING2_S258.wav	68480
crdo-NRU_F4_MOUNTAINS_F4_MountainsS063.wav	40000
crdo-NRU_F4_MOUNTAINS_F4_MountainsS155.wav	131360
crdo-NRU_F4_CARAVANS_CaravansS068.wav	119840
crdo-NRU_F4_SEEDS_SeedsS072.wav	38880
crdo-NRU_F4_FOOD_SHORTAGE_FoodShortageS045.wav	62400
crdo-NRU_F4_HOUSEBUILDING2_HOUSEBUILDING2_S247.wav	49600
crdo-NRU_F4_CARAVANS_CaravansS200.wav	9760
crdo-NRU_F4_HOUSEBUILDING2_HOUSEBUILDING2_S024.wav	106560
crdo-NRU_Naissance_du_Lac_V3_Lake3_S022.wav	36960
crdo-NRU_F4_ELDERS3_Elders3S040.wav	46560
crdo-NRU_F4_CARAVANS_CaravansS019.wav	107360
crdo-NRU_F4_MOUNTAINS_F4_MountainsS154.wav	76480
crdo-NRU_F4_TIGER2_Tiger2S116.wav	40800
crdo-NRU_F4_HOUSEBUILDING2_HOUSEBUILDING2_S311.wav	43200
crdo-NRU_F4_CARAVANS_CaravansS075.wav	56800
crdo-NRU_F4_SEEDS_SeedsS012.wav	66080
crdo-NRU_Mariage_De_La_Soeur_V3_Sister3_S009.wav	22240
crdo-NRU_F4_FOOD_SHORTAGE_FoodShortageS096.wav	104640
crdo-NRU_F4_HOUSEBUILDING2_HOUSEBUILDING2_S090.wav	69920
crdo-NRU_F4_COMING_OF_AGE2_F4_ComingOfAge2S041.wav	34560
crdo-NRU_F4_HOUSEBUILDING2_HOUSEBUILDING2_S242.wav	28000
crdo-NRU_Naissance_du_Lac_V3_Lake3_S067.wav	41280
crdo-NRU_F4_TIGER2_Tiger2S123.wav	43040
crdo-NRU_Naissance_du_Lac_V3_Lake3_S062.wav	56960
crdo-NRU_F4_CARAVANS_CaravansS225.wav	36640
crdo-NRU_F4_RENAMING_RenamingS004.wav	87520
crdo-NRU_F4_FOOD_SHORTAGE2_FOOD_SHORTAGE2S084.wav	31840
crdo-NRU_F4_CARAVANS_CaravansS209.wav	43840
crdo-NRU_F4_HEALING_HealingS091.wav	50400
crdo-NRU_F5_AHABALA2_F5_Ahabala2S002.wav	214560
crdo-NRU_F4_FUNERAL_F4_FUNERAL_S219.wav	46720
crdo-NRU_Naissance_du_Lac_V3_Lake3_S018.wav	66880
crdo-NRU_F4_HOUSEBUILDING2_HOUSEBUILDING2_S218.wav	64960
crdo-NRU_F4_HEALING_HealingS028.wav	120960
crdo-NRU_F4_DOG2_Dog2S112.wav	70240
crdo-NRU_F4_MUSHROOMS_MUSHROOMS_S123.wav	28000
crdo-NRU_F4_TIGER2_Tiger2S031.wav	29440
crdo-NRU_F5_AHABALA1_F5_Ahabala1S011.wav	200320
crdo-NRU_F4_FUNERAL_F4_FUNERAL_S172.wav	27840
crdo-NRU_F4_FOOD_SHORTAGE_FoodShortageS083.wav	91840
crdo-NRU_F4_DOG2_Dog2S049.wav	74080
crdo-NRU_Mariage_De_La_Soeur_V3_Sister3_S017.wav	79360
crdo-NRU_F4_FUNERAL_F4_FUNERAL_S140.wav	28320
crdo-NRU_F4_MOUNTAINS_F4_MountainsS055.wav	63360
crdo-NRU_F4_RENAMING_RenamingS043.wav	26560
crdo-NRU_F4_ELDERS3_Elders3S050.wav	134560
crdo-NRU_F4_CARAVANS_CaravansS180.wav	71360
crdo-NRU_F4_CARAVANS_CaravansS073.wav	40640
crdo-NRU_F4_SEEDS_SeedsS030.wav	70720
crdo-NRU_F4_MOUNTAINS_F4_MountainsS128.wav	107840
crdo-NRU_Mariage_De_La_Soeur_V3_Sister3_S033.wav	99520
crdo-NRU_F4_HOUSEBUILDING2_HOUSEBUILDING2_S257.wav	80480
crdo-NRU_F4_COMING_OF_AGE2_F4_ComingOfAge2S075.wav	74400
crdo-NRU_F4_DOG2_Dog2S007.wav	144320
crdo-NRU_F4_COMING_OF_AGE2_F4_ComingOfAge2S023.wav	62880
crdo-NRU_F4_HOUSEBUILDING2_HOUSEBUILDING2_S088.wav	163520
crdo-NRU_F4_TIGER2_Tiger2S069.wav	23040
crdo-NRU_F4_RENAMING_RenamingS018.wav	34240
crdo-NRU_F4_FOOD_SHORTAGE2_FOOD_SHORTAGE2S013.wav	123840
crdo-NRU_AGRICULTURAL_ACTIVITIES_Agriculture_S004.wav	82080
crdo-NRU_F4_MUSHROOMS_MUSHROOMS_S082.wav	73440
crdo-NRU_F4_CARAVANS_CaravansS072.wav	52000
crdo-NRU_F4_HOUSEBUILDING2_HOUSEBUILDING2_S336.wav	45760
crdo-NRU_F5_HINAMI_F5_SONG_HINAMIS002.wav	98720
crdo-NRU_AGRICULTURAL_ACTIVITIES_Agriculture_S105.wav	26720
crdo-NRU_F4_FUNERAL_F4_FUNERAL_S260.wav	54880
crdo-NRU_F4_FUNERAL_F4_FUNERAL_S070.wav	57760
crdo-NRU_F4_COMING_OF_AGE2_F4_ComingOfAge2S007.wav	79200
crdo-NRU_F4_DOG2_Dog2S076.wav	75680
crdo-NRU_F4_SEEDS_SeedsS068.wav	52800
crdo-NRU_F4_HEALING_HealingS015.wav	66560
crdo-NRU_F4_MUSHROOMS_MUSHROOMS_S026.wav	85600
crdo-NRU_F4_RENAMING_RenamingS005.wav	46720
crdo-NRU_F4_HEALING_HealingS003.wav	40480
crdo-NRU_F4_TIGER2_Tiger2S119.wav	76800
crdo-NRU_F4_HEALING_HealingS036.wav	74560
crdo-NRU_F4_CARAVANS_CaravansS255.wav	33280
crdo-NRU_F4_CARAVANS_CaravansS190.wav	62560
crdo-NRU_F4_CARAVANS_CaravansS058.wav	92480
crdo-NRU_F4_HEALING_HealingS010.wav	40000
crdo-NRU_F4_CARAVANS_CaravansS069.wav	52480
crdo-NRU_F4_CARAVANS_CaravansS145.wav	38560
crdo-NRU_F4_DOG2_Dog2S070.wav	55200
crdo-NRU_F4_FOOD_SHORTAGE2_FOOD_SHORTAGE2S043.wav	72800
crdo-NRU_F4_HOUSEBUILDING2_HOUSEBUILDING2_S287.wav	74080
crdo-NRU_F4_TIGER2_Tiger2S075.wav	39520
crdo-NRU_F4_HOUSEBUILDING2_HOUSEBUILDING2_S021.wav	59200
crdo-NRU_F4_FUNERAL_F4_FUNERAL_S036.wav	41440
crdo-NRU_Mariage_De_La_Soeur_V3_Sister3_S080.wav	75040
crdo-NRU_F4_COMING_OF_AGE2_F4_ComingOfAge2S089.wav	51840
crdo-NRU_F4_FUNERAL_F4_FUNERAL_S205.wav	72960
crdo-NRU_F4_CARAVANS_CaravansS224.wav	48480
crdo-NRU_F4_HOUSEBUILDING2_HOUSEBUILDING2_S180.wav	74720
crdo-NRU_F4_FUNERAL_F4_FUNERAL_S222.wav	41760
crdo-NRU_F4_FOOD_SHORTAGE_FoodShortageS110.wav	58720
crdo-NRU_F4_FOOD_SHORTAGE2_FOOD_SHORTAGE2S054.wav	171680
crdo-NRU_F4_HOUSEBUILDING2_HOUSEBUILDING2_S312.wav	57440
crdo-NRU_F4_MOUNTAINS_F4_MountainsS029.wav	26080
crdo-NRU_F4_FOOD_SHORTAGE2_FOOD_SHORTAGE2S068.wav	76160
crdo-NRU_F4_FUNERAL_F4_FUNERAL_S082.wav	33920
crdo-NRU_F5_AHABALA2_F5_Ahabala2S001.wav	201600
crdo-NRU_F4_FUNERAL_F4_FUNERAL_S197.wav	124960
crdo-NRU_F4_HOUSEBUILDING2_HOUSEBUILDING2_S187.wav	42080
crdo-NRU_F4_SEEDS_SeedsS008.wav	63680
crdo-NRU_F4_HOUSEBUILDING2_HOUSEBUILDING2_S324.wav	21920
crdo-NRU_F4_ELDERS3_Elders3S007.wav	238720
crdo-NRU_F4_CARAVANS_CaravansS057.wav	109600
crdo-NRU_F4_HOUSEBUILDING2_HOUSEBUILDING2_S048.wav	32960
crdo-NRU_F4_FOOD_SHORTAGE_FoodShortageS019.wav	114560
crdo-NRU_F4_FUNERAL_F4_FUNERAL_S142.wav	34560
crdo-NRU_F4_DOG2_Dog2S102.wav	40160
crdo-NRU_F4_COMING_OF_AGE2_F4_ComingOfAge2S008.wav	43520
crdo-NRU_F4_FUNERAL_F4_FUNERAL_S006.wav	20160
crdo-NRU_F4_CARAVANS_CaravansS025.wav	22720
crdo-NRU_F4_HEALING_HealingS034.wav	38880
crdo-NRU_AGRICULTURAL_ACTIVITIES_Agriculture_S108.wav	33120
crdo-NRU_F4_MUSHROOMS_MUSHROOMS_S058.wav	40640
crdo-NRU_F4_DOG2_Dog2S040.wav	76960
crdo-NRU_Mariage_De_La_Soeur_V3_Sister3_S070.wav	20320
crdo-NRU_F4_HEALING_HealingS027.wav	21600
crdo-NRU_F4_TIGER2_Tiger2S115.wav	32320
crdo-NRU_F4_COMING_OF_AGE2_F4_ComingOfAge2S019.wav	150720
crdo-NRU_F4_FUNERAL_F4_FUNERAL_S045.wav	72480
crdo-NRU_Naissance_du_Lac_V3_Lake3_S054.wav	32000
crdo-NRU_F4_HOUSEBUILDING2_HOUSEBUILDING2_S159.wav	10720
crdo-NRU_Mariage_De_La_Soeur_V3_Sister3_S016.wav	52800
crdo-NRU_F4_MUSHROOMS_MUSHROOMS_S034.wav	32960
crdo-NRU_F4_MOUNTAINS_F4_MountainsS099.wav	33760
crdo-NRU_F5_AHABALA2_F5_Ahabala2S003.wav	204960
crdo-NRU_F4_FUNERAL_F4_FUNERAL_S005.wav	52000
crdo-NRU_F4_FUNERAL_F4_FUNERAL_S201.wav	53920
crdo-NRU_F4_FOOD_SHORTAGE2_FOOD_SHORTAGE2S082.wav	78080
crdo-NRU_AGRICULTURAL_ACTIVITIES_Agriculture_S073.wav	88320
crdo-NRU_F4_DOG2_Dog2S006.wav	104480
crdo-NRU_F4_CARAVANS_CaravansS036.wav	107840
crdo-NRU_AGRICULTURAL_ACTIVITIES_Agriculture_S096.wav	30400
crdo-NRU_F4_CARAVANS_CaravansS127.wav	39840
crdo-NRU_Mariage_De_La_Soeur_V3_Sister3_S104.wav	30560
crdo-NRU_F4_HOUSEBUILDING2_HOUSEBUILDING2_S206.wav	31520
crdo-NRU_F4_TIGER2_Tiger2S118.wav	72000
crdo-NRU_F4_MUSHROOMS_MUSHROOMS_S117.wav	63200
crdo-NRU_F4_MUSHROOMS_MUSHROOMS_S012.wav	191040
crdo-NRU_F4_TIGER2_Tiger2S108.wav	50880
crdo-NRU_Mariage_De_La_Soeur_V3_Sister3_S077.wav	23360
crdo-NRU_F4_FUNERAL_F4_FUNERAL_S186.wav	39840
crdo-NRU_F4_TIGER2_Tiger2S077.wav	24640
crdo-NRU_F4_FUNERAL_F4_FUNERAL_S148.wav	28160
crdo-NRU_F4_CARAVANS_CaravansS107.wav	40000
crdo-NRU_F4_HOUSEBUILDING2_HOUSEBUILDING2_S037.wav	63040
crdo-NRU_F4_CARAVANS_CaravansS208.wav	85760
crdo-NRU_AGRICULTURAL_ACTIVITIES_Agriculture_S012.wav	122880
crdo-NRU_F4_MOUNTAINS_F4_MountainsS018.wav	47040
crdo-NRU_F4_HOUSEBUILDING2_HOUSEBUILDING2_S314.wav	57280
crdo-NRU_AGRICULTURAL_ACTIVITIES_Agriculture_S003.wav	60480
crdo-NRU_F4_HEALING_HealingS052.wav	51840
crdo-NRU_F4_CARAVANS_CaravansS245.wav	61280
crdo-NRU_F4_FUNERAL_F4_FUNERAL_S206.wav	73920
crdo-NRU_F4_FUNERAL_F4_FUNERAL_S134.wav	101120
crdo-NRU_F4_CARAVANS_CaravansS154.wav	88320
crdo-NRU_F4_FUNERAL_F4_FUNERAL_S078.wav	50240
crdo-NRU_F4_HOUSEBUILDING2_HOUSEBUILDING2_S104.wav	53760
crdo-NRU_F4_FUNERAL_F4_FUNERAL_S245.wav	67840
crdo-NRU_F4_MUSHROOMS_MUSHROOMS_S119.wav	40320
crdo-NRU_F4_CARAVANS_CaravansS205.wav	67040
crdo-NRU_Mariage_De_La_Soeur_V3_Sister3_S024.wav	42880
crdo-NRU_F4_FOOD_SHORTAGE_FoodShortageS001.wav	55360
crdo-NRU_F4_MOUNTAINS_F4_MountainsS034.wav	94560
crdo-NRU_F4_MOUNTAINS_F4_MountainsS046.wav	66080
crdo-NRU_F4_FUNERAL_F4_FUNERAL_S248.wav	85760
crdo-NRU_F4_TIGER2_Tiger2S015.wav	34560
crdo-NRU_F4_HEALING_HealingS070.wav	26880
crdo-NRU_F4_HEALING_HealingS100.wav	25440
crdo-NRU_F4_ELDERS3_Elders3S028.wav	16320
crdo-NRU_F4_CARAVANS_CaravansS043.wav	40000
crdo-NRU_F4_COMING_OF_AGE2_F4_ComingOfAge2S057.wav	71680
crdo-NRU_F4_HOUSEBUILDING2_HOUSEBUILDING2_S123.wav	26720
crdo-NRU_F4_HOUSEBUILDING2_HOUSEBUILDING2_S252.wav	70400
crdo-NRU_F4_FUNERAL_F4_FUNERAL_S147.wav	26400
crdo-NRU_F4_FUNERAL_F4_FUNERAL_S100.wav	36320
crdo-NRU_F4_HOUSEBUILDING2_HOUSEBUILDING2_S109.wav	57440
crdo-NRU_AGRICULTURAL_ACTIVITIES_Agriculture_S072.wav	68320
crdo-NRU_F4_MUSHROOMS_MUSHROOMS_S120.wav	68800
crdo-NRU_AGRICULTURAL_ACTIVITIES_Agriculture_S049.wav	45920
crdo-NRU_F4_TIGER2_Tiger2S097.wav	84000
crdo-NRU_F4_RENAMING_RenamingS022.wav	116800
crdo-NRU_F4_COMING_OF_AGE2_F4_ComingOfAge2S042.wav	24160
crdo-NRU_F4_HOUSEBUILDING2_HOUSEBUILDING2_S211.wav	44640
crdo-NRU_F4_FOOD_SHORTAGE_FoodShortageS024.wav	38560
crdo-NRU_F4_HOUSEBUILDING2_HOUSEBUILDING2_S124.wav	47040
crdo-NRU_F4_FUNERAL_F4_FUNERAL_S076.wav	57280
crdo-NRU_F4_CARAVANS_CaravansS120.wav	47360
crdo-NRU_F4_TIGER2_Tiger2S006.wav	120320
crdo-NRU_F4_CARAVANS_CaravansS179.wav	38240
crdo-NRU_F4_HOUSEBUILDING2_HOUSEBUILDING2_S117.wav	62400
crdo-NRU_F4_FUNERAL_F4_FUNERAL_S116.wav	69920
crdo-NRU_F4_HOUSEBUILDING2_HOUSEBUILDING2_S190.wav	93440
crdo-NRU_F4_FUNERAL_F4_FUNERAL_S105.wav	38720
crdo-NRU_F4_FUNERAL_F4_FUNERAL_S144.wav	108800
crdo-NRU_AGRICULTURAL_ACTIVITIES_Agriculture_S066.wav	138240
crdo-NRU_F4_MOUNTAINS_F4_MountainsS106.wav	76320
crdo-NRU_F4_TIGER2_Tiger2S078.wav	29120
crdo-NRU_F4_HOUSEBUILDING2_HOUSEBUILDING2_S084.wav	54880
crdo-NRU_F4_COMING_OF_AGE2_F4_ComingOfAge2S083.wav	39360
crdo-NRU_Mariage_De_La_Soeur_V3_Sister3_S060.wav	52800
crdo-NRU_F4_CARAVANS_CaravansS078.wav	132960
crdo-NRU_F4_MOUNTAINS_F4_MountainsS164.wav	33120
crdo-NRU_F4_HOUSEBUILDING2_HOUSEBUILDING2_S164.wav	48800
crdo-NRU_AGRICULTURAL_ACTIVITIES_Agriculture_S021.wav	29760
crdo-NRU_F4_MOUNTAINS_F4_MountainsS098.wav	70720
crdo-NRU_F4_COMING_OF_AGE2_F4_ComingOfAge2S047.wav	83680
crdo-NRU_F4_CARAVANS_CaravansS102.wav	158560
crdo-NRU_F4_MUSHROOMS_MUSHROOMS_S090.wav	26560
crdo-NRU_Mariage_De_La_Soeur_V3_Sister3_S026.wav	33280
crdo-NRU_F4_MOUNTAINS_F4_MountainsS087.wav	52000
crdo-NRU_F4_FOOD_SHORTAGE_FoodShortageS051.wav	50240
crdo-NRU_F4_FUNERAL_F4_FUNERAL_S190.wav	160160
crdo-NRU_F4_HOUSEBUILDING2_HOUSEBUILDING2_S359.wav	109920
crdo-NRU_F4_SEEDS_SeedsS015.wav	17600
crdo-NRU_F4_CARAVANS_CaravansS087.wav	91680
crdo-NRU_F5_AHABALA2_F5_Ahabala2S004.wav	203040
crdo-NRU_F4_MOUNTAINS_F4_MountainsS039.wav	38560
crdo-NRU_F4_COMING_OF_AGE2_F4_ComingOfAge2S069.wav	42880
crdo-NRU_F4_FUNERAL_F4_FUNERAL_S073.wav	37760
crdo-NRU_F4_RENAMING_RenamingS016.wav	73760
crdo-NRU_F4_FUNERAL_F4_FUNERAL_S136.wav	49600
crdo-NRU_F4_RENAMING_RenamingS027.wav	28800
crdo-NRU_F4_COMING_OF_AGE2_F4_ComingOfAge2S060.wav	53440
crdo-NRU_F4_HOUSEBUILDING2_HOUSEBUILDING2_S354.wav	39040
crdo-NRU_F4_MUSHROOMS_MUSHROOMS_S132.wav	45120
crdo-NRU_F4_MUSHROOMS_MUSHROOMS_S157.wav	83520
crdo-NRU_F4_DOG2_Dog2S011.wav	97280
crdo-NRU_F4_HEALING_HealingS023.wav	69600
crdo-NRU_F4_FUNERAL_F4_FUNERAL_S091.wav	76480
crdo-NRU_F4_FOOD_SHORTAGE_FoodShortageS056.wav	71040
crdo-NRU_F4_CARAVANS_CaravansS177.wav	35840
crdo-NRU_F4_FUNERAL_F4_FUNERAL_S108.wav	43360
crdo-NRU_F4_HOUSEBUILDING2_HOUSEBUILDING2_S192.wav	34240
crdo-NRU_F4_MUSHROOMS_MUSHROOMS_S021.wav	93440
crdo-NRU_Mariage_De_La_Soeur_V3_Sister3_S108.wav	41280
crdo-NRU_F4_ELDERS3_Elders3S014.wav	65920
crdo-NRU_F4_COMING_OF_AGE2_F4_ComingOfAge2S006.wav	71840
crdo-NRU_F4_FUNERAL_F4_FUNERAL_S209.wav	31200
crdo-NRU_F4_TIGER2_Tiger2S005.wav	66560
crdo-NRU_F4_HOUSEBUILDING2_HOUSEBUILDING2_S303.wav	76640
crdo-NRU_F4_COMING_OF_AGE2_F4_ComingOfAge2S048.wav	155840
crdo-NRU_F4_FUNERAL_F4_FUNERAL_S221.wav	26880
crdo-NRU_Naissance_du_Lac_V3_Lake3_S047.wav	30240
crdo-NRU_F4_HEALING_HealingS081.wav	95040
crdo-NRU_F4_MUSHROOMS_MUSHROOMS_S049.wav	88800
crdo-NRU_F4_HOUSEBUILDING2_HOUSEBUILDING2_S057.wav	83520
crdo-NRU_F4_COMING_OF_AGE2_F4_ComingOfAge2S004.wav	142240
crdo-NRU_F4_HOUSEBUILDING2_HOUSEBUILDING2_S283.wav	79840
crdo-NRU_F4_CARAVANS_CaravansS264.wav	106560
crdo-NRU_F4_RENAMING_RenamingS012.wav	72480
crdo-NRU_F4_HOUSEBUILDING2_HOUSEBUILDING2_S157.wav	27520
crdo-NRU_F4_MUSHROOMS_MUSHROOMS_S011.wav	37600
crdo-NRU_F4_HOUSEBUILDING2_HOUSEBUILDING2_S038.wav	51680
crdo-NRU_F4_HEALING_HealingS020.wav	45600
crdo-NRU_F4_HOUSEBUILDING2_HOUSEBUILDING2_S244.wav	19680
crdo-NRU_Naissance_du_Lac_V3_Lake3_S023.wav	79200
crdo-NRU_F4_CARAVANS_CaravansS065.wav	115520
crdo-NRU_F4_CARAVANS_CaravansS277.wav	91680
crdo-NRU_F4_CARAVANS_CaravansS085.wav	52160
crdo-NRU_F4_FUNERAL_F4_FUNERAL_S098.wav	136640
crdo-NRU_F4_HOUSEBUILDING2_HOUSEBUILDING2_S200.wav	21920
crdo-NRU_F4_FUNERAL_F4_FUNERAL_S020.wav	21120
crdo-NRU_F4_FUNERAL_F4_FUNERAL_S235.wav	24960
crdo-NRU_Mariage_De_La_Soeur_V3_Sister3_S015.wav	54720
crdo-NRU_F4_SEEDS_SeedsS039.wav	18080
crdo-NRU_F4_DOG2_Dog2S017.wav	193600
crdo-NRU_F4_HOUSEBUILDING2_HOUSEBUILDING2_S003.wav	64160
crdo-NRU_F4_FOOD_SHORTAGE2_FOOD_SHORTAGE2S055.wav	125280
crdo-NRU_AGRICULTURAL_ACTIVITIES_Agriculture_S042.wav	32160
crdo-NRU_F4_HEALING_HealingS041.wav	59040
crdo-NRU_F4_TIGER2_Tiger2S091.wav	120800
crdo-NRU_F4_TIGER2_Tiger2S038.wav	69440
crdo-NRU_F4_FUNERAL_F4_FUNERAL_S218.wav	31520
crdo-NRU_F4_CARAVANS_CaravansS001.wav	62240
crdo-NRU_Mariage_De_La_Soeur_V3_Sister3_S149.wav	110400
crdo-NRU_AGRICULTURAL_ACTIVITIES_Agriculture_S080.wav	20800
crdo-NRU_F4_FOOD_SHORTAGE2_FOOD_SHORTAGE2S086.wav	32160
crdo-NRU_F4_RENAMING_RenamingS038.wav	71200
crdo-NRU_F4_MOUNTAINS_F4_MountainsS114.wav	46400
crdo-NRU_F4_MOUNTAINS_F4_MountainsS050.wav	61440
crdo-NRU_F4_MOUNTAINS_F4_MountainsS121.wav	26560
crdo-NRU_F4_MUSHROOMS_MUSHROOMS_S079.wav	74240
crdo-NRU_F4_DOG2_Dog2S115.wav	23360
crdo-NRU_F4_HOUSEBUILDING2_HOUSEBUILDING2_S351.wav	87200
crdo-NRU_F4_FOOD_SHORTAGE_FoodShortageS004.wav	87040
crdo-NRU_F4_HOUSEBUILDING2_HOUSEBUILDING2_S043.wav	44960
crdo-NRU_F4_MOUNTAINS_F4_MountainsS054.wav	84800
crdo-NRU_F4_FUNERAL_F4_FUNERAL_S220.wav	14080
crdo-NRU_F4_FOOD_SHORTAGE2_FOOD_SHORTAGE2S031.wav	100160
crdo-NRU_F4_COMING_OF_AGE2_F4_ComingOfAge2S108.wav	23680
crdo-NRU_F4_FUNERAL_F4_FUNERAL_S165.wav	55680
crdo-NRU_F4_HOUSEBUILDING2_HOUSEBUILDING2_S034.wav	47360
crdo-NRU_F4_MOUNTAINS_F4_MountainsS053.wav	50880
crdo-NRU_F4_SEEDS_SeedsS021.wav	51200
crdo-NRU_F4_HOUSEBUILDING2_HOUSEBUILDING2_S132.wav	26240
crdo-NRU_Naissance_du_Lac_V3_Lake3_S073.wav	20480
crdo-NRU_F4_SEEDS_SeedsS063.wav	52000
crdo-NRU_F4_CARAVANS_CaravansS119.wav	37600
crdo-NRU_F4_HEALING_HealingS046.wav	20800
crdo-NRU_AGRICULTURAL_ACTIVITIES_Agriculture_S027.wav	27520
crdo-NRU_F4_MUSHROOMS_MUSHROOMS_S035.wav	29920
crdo-NRU_F4_CARAVANS_CaravansS039.wav	53600
crdo-NRU_F4_SEEDS_SeedsS010.wav	144160
crdo-NRU_F4_MOUNTAINS_F4_MountainsS015.wav	87840
crdo-NRU_F4_CARAVANS_CaravansS004.wav	140960
crdo-NRU_F4_FOOD_SHORTAGE_FoodShortageS079.wav	88160
crdo-NRU_F4_HOUSEBUILDING2_HOUSEBUILDING2_S022.wav	127840
crdo-NRU_Mariage_De_La_Soeur_V3_Sister3_S013.wav	64000
crdo-NRU_F4_FUNERAL_F4_FUNERAL_S153.wav	26720
crdo-NRU_F4_DOG2_Dog2S051.wav	104960
crdo-NRU_F4_HOUSEBUILDING2_HOUSEBUILDING2_S128.wav	64000
crdo-NRU_F4_FUNERAL_F4_FUNERAL_S234.wav	34400
crdo-NRU_F4_HOUSEBUILDING2_HOUSEBUILDING2_S273.wav	21600
crdo-NRU_F4_FOOD_SHORTAGE_FoodShortageS027.wav	82560
crdo-NRU_F4_FUNERAL_F4_FUNERAL_S169.wav	68800
crdo-NRU_Mariage_De_La_Soeur_V3_Sister3_S129.wav	55360
crdo-NRU_F4_MUSHROOMS_MUSHROOMS_S073.wav	156800
crdo-NRU_F4_HOUSEBUILDING2_HOUSEBUILDING2_S331.wav	193600
crdo-NRU_F4_FUNERAL_F4_FUNERAL_S257.wav	33440
crdo-NRU_F4_HOUSEBUILDING2_HOUSEBUILDING2_S259.wav	34560
crdo-NRU_F4_FUNERAL_F4_FUNERAL_S135.wav	63840
crdo-NRU_F4_FOOD_SHORTAGE_FoodShortageS015.wav	97600
crdo-NRU_F4_COMING_OF_AGE2_F4_ComingOfAge2S097.wav	85920
crdo-NRU_F4_HOUSEBUILDING2_HOUSEBUILDING2_S362.wav	30720
crdo-NRU_F4_CARAVANS_CaravansS227.wav	80480
crdo-NRU_F4_FUNERAL_F4_FUNERAL_S018.wav	46080
crdo-NRU_F4_SEEDS_SeedsS062.wav	20160
crdo-NRU_F4_HOUSEBUILDING2_HOUSEBUILDING2_S039.wav	40000
crdo-NRU_F4_HEALING_HealingS044.wav	36640
crdo-NRU_F4_CARAVANS_CaravansS014.wav	68960
crdo-NRU_F4_DOG2_Dog2S031.wav	101600
crdo-NRU_F4_HEALING_HealingS024.wav	77760
crdo-NRU_F4_COMING_OF_AGE2_F4_ComingOfAge2S080.wav	67680
crdo-NRU_F4_TIGER2_Tiger2S021.wav	46720
crdo-NRU_F4_HOUSEBUILDING2_HOUSEBUILDING2_S137.wav	42240
crdo-NRU_F4_ELDERS3_Elders3S021.wav	60640
crdo-NRU_F4_FUNERAL_F4_FUNERAL_S170.wav	55680
crdo-NRU_F4_ELDERS3_Elders3S024.wav	18240
crdo-NRU_F4_MOUNTAINS_F4_MountainsS135.wav	44320
crdo-NRU_F4_TIGER2_Tiger2S129.wav	85120
crdo-NRU_F4_HOUSEBUILDING2_HOUSEBUILDING2_S015.wav	119840
crdo-NRU_F4_ELDERS3_Elders3S054.wav	42240
crdo-NRU_F4_HOUSEBUILDING2_HOUSEBUILDING2_S208.wav	85920
crdo-NRU_F4_CARAVANS_CaravansS248.wav	88480
crdo-NRU_F4_FOOD_SHORTAGE_FoodShortageS043.wav	50240
crdo-NRU_F4_SEEDS_SeedsS065.wav	52000
crdo-NRU_F4_MUSHROOMS_MUSHROOMS_S095.wav	49280
crdo-NRU_F4_MUSHROOMS_MUSHROOMS_S137.wav	20800
crdo-NRU_F4_FOOD_SHORTAGE_FoodShortageS014.wav	90880
crdo-NRU_Mariage_De_La_Soeur_V3_Sister3_S044.wav	60800
crdo-NRU_F4_DOG2_Dog2S054.wav	162880
crdo-NRU_F4_DOG2_Dog2S016.wav	23840
crdo-NRU_F4_FOOD_SHORTAGE_FoodShortageS074.wav	33600
crdo-NRU_F4_FOOD_SHORTAGE2_FOOD_SHORTAGE2S047.wav	35520
crdo-NRU_F4_FOOD_SHORTAGE2_FOOD_SHORTAGE2S059.wav	52800
crdo-NRU_F4_FOOD_SHORTAGE_FoodShortageS101.wav	76480
crdo-NRU_F4_RENAMING_RenamingS009.wav	113280
crdo-NRU_F4_COMING_OF_AGE2_F4_ComingOfAge2S072.wav	84800
crdo-NRU_F4_HEALING_HealingS042.wav	37440
crdo-NRU_F4_HEALING_HealingS045.wav	88800
crdo-NRU_F4_CARAVANS_CaravansS239.wav	58240
crdo-NRU_F4_FUNERAL_F4_FUNERAL_S053.wav	42720
crdo-NRU_F4_FOOD_SHORTAGE_FoodShortageS094.wav	27360
crdo-NRU_Mariage_De_La_Soeur_V3_Sister3_S146.wav	51040
crdo-NRU_F4_CARAVANS_CaravansS137.wav	79200
crdo-NRU_F4_MUSHROOMS_MUSHROOMS_S017.wav	166400
crdo-NRU_F4_CARAVANS_CaravansS124.wav	79040
crdo-NRU_F4_CARAVANS_CaravansS062.wav	44800
crdo-NRU_F4_HOUSEBUILDING2_HOUSEBUILDING2_S241.wav	27680
crdo-NRU_Mariage_De_La_Soeur_V3_Sister3_S034.wav	17280
crdo-NRU_F4_DOG2_Dog2S074.wav	56160
crdo-NRU_F4_FUNERAL_F4_FUNERAL_S110.wav	55360
crdo-NRU_AGRICULTURAL_ACTIVITIES_Agriculture_S062.wav	33120
crdo-NRU_F4_FUNERAL_F4_FUNERAL_S215.wav	36160
crdo-NRU_AGRICULTURAL_ACTIVITIES_Agriculture_S109.wav	39360
crdo-NRU_F4_FUNERAL_F4_FUNERAL_S225.wav	40160
crdo-NRU_F4_DOG2_Dog2S109.wav	27200
crdo-NRU_Mariage_De_La_Soeur_V3_Sister3_S127.wav	67040
crdo-NRU_F4_CARAVANS_CaravansS144.wav	53280
crdo-NRU_F4_HEALING_HealingS029.wav	90720
crdo-NRU_F4_FOOD_SHORTAGE2_FOOD_SHORTAGE2S079.wav	86720
crdo-NRU_F4_ELDERS3_Elders3S052.wav	33440
crdo-NRU_F4_SEEDS_SeedsS020.wav	35040
crdo-NRU_F4_ELDERS3_Elders3S003.wav	54560
crdo-NRU_F4_FOOD_SHORTAGE2_FOOD_SHORTAGE2S056.wav	90240
crdo-NRU_F4_HOUSEBUILDING2_HOUSEBUILDING2_S116.wav	123200
crdo-NRU_F4_FUNERAL_F4_FUNERAL_S196.wav	28480
crdo-NRU_F4_HOUSEBUILDING2_HOUSEBUILDING2_S323.wav	48320
crdo-NRU_F4_TIGER2_Tiger2S093.wav	28160
crdo-NRU_F4_MUSHROOMS_MUSHROOMS_S107.wav	9600
crdo-NRU_F4_MUSHROOMS_MUSHROOMS_S071.wav	27840
crdo-NRU_F4_HOUSEBUILDING2_HOUSEBUILDING2_S285.wav	23360
crdo-NRU_Naissance_du_Lac_V3_Lake3_S031.wav	39200
crdo-NRU_F4_HOUSEBUILDING2_HOUSEBUILDING2_S050.wav	15360
crdo-NRU_Mariage_De_La_Soeur_V3_Sister3_S008.wav	72320
crdo-NRU_Mariage_De_La_Soeur_V3_Sister3_S030.wav	36640
crdo-NRU_F4_HEALING_HealingS021.wav	50880
crdo-NRU_F4_HOUSEBUILDING2_HOUSEBUILDING2_S096.wav	29280
crdo-NRU_F4_HOUSEBUILDING2_HOUSEBUILDING2_S267.wav	33280
crdo-NRU_F4_HOUSEBUILDING2_HOUSEBUILDING2_S216.wav	40640
crdo-NRU_F4_MOUNTAINS_F4_MountainsS021.wav	51520
crdo-NRU_F4_HOUSEBUILDING2_HOUSEBUILDING2_S295.wav	97600
crdo-NRU_F5_HINAMI_F5_SONG_HINAMIS005.wav	194880
crdo-NRU_F4_TIGER2_Tiger2S085.wav	62720
crdo-NRU_F4_MUSHROOMS_MUSHROOMS_S098.wav	65120
crdo-NRU_F4_FOOD_SHORTAGE_FoodShortageS041.wav	61760
crdo-NRU_F4_CARAVANS_CaravansS045.wav	66720
crdo-NRU_F4_ELDERS3_Elders3S045.wav	73920
crdo-NRU_F4_HOUSEBUILDING2_HOUSEBUILDING2_S036.wav	85440
crdo-NRU_Naissance_du_Lac_V3_Lake3_S002.wav	26560
crdo-NRU_F4_ELDERS3_Elders3S038.wav	71200
crdo-NRU_F5_HINAMI_F5_SONG_HINAMIS009.wav	215840
crdo-NRU_F4_FUNERAL_F4_FUNERAL_S099.wav	43680
crdo-NRU_F4_MUSHROOMS_MUSHROOMS_S105.wav	82880
crdo-NRU_F4_FUNERAL_F4_FUNERAL_S066.wav	47040
crdo-NRU_F4_FUNERAL_F4_FUNERAL_S261.wav	25920
crdo-NRU_F4_CARAVANS_CaravansS024.wav	34560
crdo-NRU_F4_MOUNTAINS_F4_MountainsS048.wav	34080
crdo-NRU_F4_FUNERAL_F4_FUNERAL_S255.wav	37440
crdo-NRU_F4_COMING_OF_AGE2_F4_ComingOfAge2S106.wav	48960
crdo-NRU_Mariage_De_La_Soeur_V3_Sister3_S117.wav	70720
crdo-NRU_F4_MUSHROOMS_MUSHROOMS_S114.wav	34400
crdo-NRU_F4_ELDERS3_Elders3S015.wav	59200
crdo-NRU_F4_HEALING_HealingS098.wav	73280
crdo-NRU_F4_HOUSEBUILDING2_HOUSEBUILDING2_S229.wav	175200
crdo-NRU_F4_MUSHROOMS_MUSHROOMS_S047.wav	68800
crdo-NRU_F4_FUNERAL_F4_FUNERAL_S168.wav	61120
crdo-NRU_F4_SEEDS_SeedsS052.wav	97440
crdo-NRU_F4_HEALING_HealingS103.wav	39840
crdo-NRU_F4_MUSHROOMS_MUSHROOMS_S151.wav	72160
crdo-NRU_F4_MOUNTAINS_F4_MountainsS075.wav	57920
crdo-NRU_F4_MOUNTAINS_F4_MountainsS008.wav	144640
crdo-NRU_F4_FOOD_SHORTAGE_FoodShortageS108.wav	46720
crdo-NRU_F4_FOOD_SHORTAGE_FoodShortageS047.wav	39200
crdo-NRU_F4_RENAMING_RenamingS011.wav	24320
crdo-NRU_F4_COMING_OF_AGE2_F4_ComingOfAge2S066.wav	87680
crdo-NRU_Naissance_du_Lac_V3_Lake3_S021.wav	40640
crdo-NRU_F4_FOOD_SHORTAGE_FoodShortageS008.wav	149760
crdo-NRU_F4_ELDERS3_Elders3S009.wav	93280
crdo-NRU_F4_HOUSEBUILDING2_HOUSEBUILDING2_S118.wav	64800
crdo-NRU_F4_COMING_OF_AGE2_F4_ComingOfAge2S010.wav	114400
crdo-NRU_F4_FOOD_SHORTAGE_FoodShortageS003.wav	94720
crdo-NRU_F4_MUSHROOMS_MUSHROOMS_S077.wav	59840
crdo-NRU_F4_DOG2_Dog2S092.wav	32960
crdo-NRU_Mariage_De_La_Soeur_V3_Sister3_S133.wav	92160
crdo-NRU_F4_HOUSEBUILDING2_HOUSEBUILDING2_S201.wav	26240
crdo-NRU_Mariage_De_La_Soeur_V3_Sister3_S041.wav	113280
crdo-NRU_F4_MOUNTAINS_F4_MountainsS028.wav	68800
crdo-NRU_F4_MOUNTAINS_F4_MountainsS107.wav	61600
crdo-NRU_F4_MUSHROOMS_MUSHROOMS_S074.wav	154400
crdo-NRU_AGRICULTURAL_ACTIVITIES_Agriculture_S017.wav	45600
crdo-NRU_Mariage_De_La_Soeur_V3_Sister3_S085.wav	127040
crdo-NRU_F4_FUNERAL_F4_FUNERAL_S087.wav	37280
crdo-NRU_F4_HOUSEBUILDING2_HOUSEBUILDING2_S330.wav	18400
crdo-NRU_F4_FOOD_SHORTAGE_FoodShortageS032.wav	14560
crdo-NRU_F4_FUNERAL_F4_FUNERAL_S096.wav	72320
crdo-NRU_F4_HOUSEBUILDING2_HOUSEBUILDING2_S028.wav	61280
crdo-NRU_F4_FOOD_SHORTAGE_FoodShortageS020.wav	33600
crdo-NRU_F4_FOOD_SHORTAGE_FoodShortageS071.wav	67840
crdo-NRU_F4_COMING_OF_AGE2_F4_ComingOfAge2S035.wav	40640
crdo-NRU_F4_HOUSEBUILDING2_HOUSEBUILDING2_S235.wav	60960
crdo-NRU_F4_HOUSEBUILDING2_HOUSEBUILDING2_S085.wav	74240
crdo-NRU_F4_FOOD_SHORTAGE_FoodShortageS080.wav	44960
crdo-NRU_F4_COMING_OF_AGE2_F4_ComingOfAge2S050.wav	55360
crdo-NRU_F4_CARAVANS_CaravansS282.wav	54080
crdo-NRU_Mariage_De_La_Soeur_V3_Sister3_S093.wav	51040
crdo-NRU_F4_FOOD_SHORTAGE_FoodShortageS073.wav	62880
crdo-NRU_F4_FOOD_SHORTAGE2_FOOD_SHORTAGE2S019.wav	31840
crdo-NRU_F4_COMING_OF_AGE2_F4_ComingOfAge2S058.wav	159520
crdo-NRU_Mariage_De_La_Soeur_V3_Sister3_S018.wav	33600
crdo-NRU_F5_HINAMI_F5_SONG_HINAMIS006.wav	204960
crdo-NRU_Mariage_De_La_Soeur_V3_Sister3_S043.wav	80320
crdo-NRU_F4_DOG2_Dog2S104.wav	61760
crdo-NRU_F4_CARAVANS_CaravansS040.wav	43360
crdo-NRU_F4_HOUSEBUILDING2_HOUSEBUILDING2_S054.wav	57760
crdo-NRU_F4_MOUNTAINS_F4_MountainsS012.wav	28480
crdo-NRU_F4_DOG2_Dog2S106.wav	68480
crdo-NRU_F4_FOOD_SHORTAGE_FoodShortageS044.wav	51520
crdo-NRU_Naissance_du_Lac_V3_Lake3_S045.wav	18400
crdo-NRU_F4_CARAVANS_CaravansS094.wav	81600
crdo-NRU_F4_MOUNTAINS_F4_MountainsS122.wav	45280
crdo-NRU_Naissance_du_Lac_V3_Lake3_S038.wav	63520
crdo-NRU_F4_MOUNTAINS_F4_MountainsS131.wav	56800
crdo-NRU_Naissance_du_Lac_V3_Lake3_S044.wav	52160
crdo-NRU_F4_CARAVANS_CaravansS093.wav	52160
crdo-NRU_F4_MOUNTAINS_F4_MountainsS146.wav	68000
crdo-NRU_F4_FUNERAL_F4_FUNERAL_S015.wav	25280
crdo-NRU_F4_SEEDS_SeedsS060.wav	31040
crdo-NRU_Mariage_De_La_Soeur_V3_Sister3_S111.wav	56960
crdo-NRU_F4_FUNERAL_F4_FUNERAL_S004.wav	156000
crdo-NRU_F4_HOUSEBUILDING2_HOUSEBUILDING2_S305.wav	36000
crdo-NRU_F4_FUNERAL_F4_FUNERAL_S079.wav	50400
crdo-NRU_F5_HINAMI_F5_SONG_HINAMIS003.wav	104800
crdo-NRU_F4_CARAVANS_CaravansS147.wav	102400
crdo-NRU_F4_HEALING_HealingS097.wav	21280
crdo-NRU_F4_HOUSEBUILDING2_HOUSEBUILDING2_S178.wav	63360
crdo-NRU_AGRICULTURAL_ACTIVITIES_Agriculture_S091.wav	28480
crdo-NRU_AGRICULTURAL_ACTIVITIES_Agriculture_S092.wav	59200
crdo-NRU_F4_ELDERS3_Elders3S043.wav	122720
crdo-NRU_F4_FUNERAL_F4_FUNERAL_S171.wav	107520
crdo-NRU_F4_HEALING_HealingS037.wav	54080
crdo-NRU_F4_CARAVANS_CaravansS028.wav	58080
crdo-NRU_F4_CARAVANS_CaravansS071.wav	46400
crdo-NRU_F4_HOUSEBUILDING2_HOUSEBUILDING2_S339.wav	64960
crdo-NRU_AGRICULTURAL_ACTIVITIES_Agriculture_S035.wav	30560
crdo-NRU_F4_FOOD_SHORTAGE_FoodShortageS009.wav	122560
crdo-NRU_F4_TIGER2_Tiger2S012.wav	85760
crdo-NRU_AGRICULTURAL_ACTIVITIES_Agriculture_S102.wav	99680
crdo-NRU_F4_DOG2_Dog2S091.wav	37760
crdo-NRU_F4_HOUSEBUILDING2_HOUSEBUILDING2_S253.wav	51200
crdo-NRU_F4_MUSHROOMS_MUSHROOMS_S101.wav	38880
crdo-NRU_F4_HEALING_HealingS001.wav	104160
crdo-NRU_F4_CARAVANS_CaravansS181.wav	21280
crdo-NRU_F4_HOUSEBUILDING2_HOUSEBUILDING2_S127.wav	49760
crdo-NRU_F4_CARAVANS_CaravansS234.wav	63680
crdo-NRU_F4_FUNERAL_F4_FUNERAL_S143.wav	73280
crdo-NRU_F4_ELDERS3_Elders3S062.wav	58560
crdo-NRU_F4_HOUSEBUILDING2_HOUSEBUILDING2_S173.wav	59520
crdo-NRU_F4_CARAVANS_CaravansS265.wav	32320
crdo-NRU_AGRICULTURAL_ACTIVITIES_Agriculture_S075.wav	55360
crdo-NRU_F4_COMING_OF_AGE2_F4_ComingOfAge2S044.wav	51040
crdo-NRU_F4_FUNERAL_F4_FUNERAL_S141.wav	179680
crdo-NRU_F4_FUNERAL_F4_FUNERAL_S151.wav	16320
crdo-NRU_F4_HOUSEBUILDING2_HOUSEBUILDING2_S300.wav	81600
crdo-NRU_AGRICULTURAL_ACTIVITIES_Agriculture_S074.wav	57760
crdo-NRU_F4_FUNERAL_F4_FUNERAL_S024.wav	114240
crdo-NRU_F4_MUSHROOMS_MUSHROOMS_S104.wav	93600
crdo-NRU_Naissance_du_Lac_V3_Lake3_S064.wav	52960
crdo-NRU_F4_HOUSEBUILDING2_HOUSEBUILDING2_S212.wav	60480
crdo-NRU_F4_MUSHROOMS_MUSHROOMS_S130.wav	66560
crdo-NRU_F4_FUNERAL_F4_FUNERAL_S126.wav	16160
crdo-NRU_F4_HOUSEBUILDING2_HOUSEBUILDING2_S261.wav	37440
crdo-NRU_F4_CARAVANS_CaravansS195.wav	16000
crdo-NRU_F4_MUSHROOMS_MUSHROOMS_S068.wav	11200
crdo-NRU_F4_TIGER2_Tiger2S067.wav	34400
crdo-NRU_F4_MUSHROOMS_MUSHROOMS_S091.wav	34720
crdo-NRU_F4_HEALING_HealingS013.wav	56960
crdo-NRU_F4_HOUSEBUILDING2_HOUSEBUILDING2_S102.wav	45600
crdo-NRU_F4_HOUSEBUILDING2_HOUSEBUILDING2_S210.wav	35200
crdo-NRU_Mariage_De_La_Soeur_V3_Sister3_S145.wav	27360
crdo-NRU_F4_FUNERAL_F4_FUNERAL_S114.wav	83680
crdo-NRU_F4_HOUSEBUILDING2_HOUSEBUILDING2_S167.wav	52960
crdo-NRU_F4_HEALING_HealingS018.wav	109600
crdo-NRU_F4_FUNERAL_F4_FUNERAL_S050.wav	58560
crdo-NRU_F4_HOUSEBUILDING2_HOUSEBUILDING2_S002.wav	91520
crdo-NRU_F4_HEALING_HealingS105.wav	41920
crdo-NRU_F4_COMING_OF_AGE2_F4_ComingOfAge2S028.wav	75360
crdo-NRU_F4_CARAVANS_CaravansS041.wav	74080
crdo-NRU_F4_MOUNTAINS_F4_MountainsS163.wav	57120
crdo-NRU_F4_HOUSEBUILDING2_HOUSEBUILDING2_S184.wav	63200
crdo-NRU_F4_MUSHROOMS_MUSHROOMS_S085.wav	30560
crdo-NRU_F4_MOUNTAINS_F4_MountainsS129.wav	22720
crdo-NRU_F4_SEEDS_SeedsS013.wav	29600
crdo-NRU_F4_FUNERAL_F4_FUNERAL_S160.wav	214080
crdo-NRU_F4_COMING_OF_AGE2_F4_ComingOfAge2S068.wav	55360
crdo-NRU_F4_HOUSEBUILDING2_HOUSEBUILDING2_S281.wav	122400
crdo-NRU_F4_FOOD_SHORTAGE_FoodShortageS058.wav	98080
crdo-NRU_F4_HOUSEBUILDING2_HOUSEBUILDING2_S027.wav	17600
crdo-NRU_F4_CARAVANS_CaravansS251.wav	31680
crdo-NRU_Mariage_De_La_Soeur_V3_Sister3_S138.wav	40640
crdo-NRU_F4_ELDERS3_Elders3S049.wav	45600
crdo-NRU_Mariage_De_La_Soeur_V3_Sister3_S058.wav	74560
crdo-NRU_F4_TIGER2_Tiger2S008.wav	45280
crdo-NRU_AGRICULTURAL_ACTIVITIES_Agriculture_S041.wav	18720
crdo-NRU_Mariage_De_La_Soeur_V3_Sister3_S148.wav	38080
crdo-NRU_F4_SEEDS_SeedsS055.wav	38080
crdo-NRU_F4_MUSHROOMS_MUSHROOMS_S007.wav	139680
crdo-NRU_F4_FOOD_SHORTAGE2_FOOD_SHORTAGE2S088.wav	43200
crdo-NRU_F4_MOUNTAINS_F4_MountainsS088.wav	33760
crdo-NRU_F4_MUSHROOMS_MUSHROOMS_S075.wav	85440
crdo-NRU_F4_MUSHROOMS_MUSHROOMS_S002.wav	55200
crdo-NRU_F4_MOUNTAINS_F4_MountainsS109.wav	35680
crdo-NRU_F4_MOUNTAINS_F4_MountainsS052.wav	120320
crdo-NRU_F4_FUNERAL_F4_FUNERAL_S254.wav	47840
crdo-NRU_F4_TIGER2_Tiger2S072.wav	52000
crdo-NRU_F4_MOUNTAINS_F4_MountainsS126.wav	50720
crdo-NRU_F4_FOOD_SHORTAGE_FoodShortageS062.wav	12480
crdo-NRU_F4_FUNERAL_F4_FUNERAL_S118.wav	44000
crdo-NRU_F4_CARAVANS_CaravansS059.wav	65600
crdo-NRU_F4_DOG2_Dog2S087.wav	38560
crdo-NRU_F4_MOUNTAINS_F4_MountainsS139.wav	48320
crdo-NRU_F4_FOOD_SHORTAGE2_FOOD_SHORTAGE2S060.wav	77600
crdo-NRU_F4_CARAVANS_CaravansS118.wav	68160
crdo-NRU_F4_FOOD_SHORTAGE2_FOOD_SHORTAGE2S024.wav	69280
crdo-NRU_F4_FUNERAL_F4_FUNERAL_S120.wav	24480
crdo-NRU_F4_MOUNTAINS_F4_MountainsS162.wav	96320
crdo-NRU_F4_CARAVANS_CaravansS268.wav	59200
crdo-NRU_F4_HOUSEBUILDING2_HOUSEBUILDING2_S063.wav	43520
crdo-NRU_F4_CARAVANS_CaravansS056.wav	52000
crdo-NRU_F4_SEEDS_SeedsS058.wav	34560
crdo-NRU_F4_HOUSEBUILDING2_HOUSEBUILDING2_S007.wav	34880
crdo-NRU_F4_CARAVANS_CaravansS139.wav	71200
crdo-NRU_F4_MUSHROOMS_MUSHROOMS_S167.wav	24640
crdo-NRU_F4_ELDERS3_Elders3S056.wav	34080
crdo-NRU_F4_CARAVANS_CaravansS222.wav	44640
crdo-NRU_F4_FOOD_SHORTAGE_FoodShortageS100.wav	54080
crdo-NRU_F4_FOOD_SHORTAGE2_FOOD_SHORTAGE2S022.wav	54080
crdo-NRU_F4_HOUSEBUILDING2_HOUSEBUILDING2_S272.wav	61920
crdo-NRU_Mariage_De_La_Soeur_V3_Sister3_S088.wav	37120
crdo-NRU_F4_MOUNTAINS_F4_MountainsS144.wav	72800
crdo-NRU_F4_COMING_OF_AGE2_F4_ComingOfAge2S093.wav	22880
crdo-NRU_F4_FUNERAL_F4_FUNERAL_S069.wav	16160
crdo-NRU_F4_SEEDS_SeedsS064.wav	78080
crdo-NRU_F4_HEALING_HealingS031.wav	37760
crdo-NRU_F4_FOOD_SHORTAGE2_FOOD_SHORTAGE2S018.wav	38880
crdo-NRU_Mariage_De_La_Soeur_V3_Sister3_S061.wav	38400
crdo-NRU_F4_TIGER2_Tiger2S131.wav	44960
crdo-NRU_F4_CARAVANS_CaravansS063.wav	97280
crdo-NRU_Mariage_De_La_Soeur_V3_Sister3_S144.wav	44480
crdo-NRU_Naissance_du_Lac_V3_Lake3_S026.wav	46720
crdo-NRU_F4_TIGER2_Tiger2S117.wav	41440
crdo-NRU_F4_HEALING_HealingS074.wav	30400
crdo-NRU_F4_CARAVANS_CaravansS247.wav	61120
crdo-NRU_F4_HOUSEBUILDING2_HOUSEBUILDING2_S269.wav	58720
crdo-NRU_F4_CARAVANS_CaravansS166.wav	184640
crdo-NRU_Mariage_De_La_Soeur_V3_Sister3_S054.wav	56480
crdo-NRU_Mariage_De_La_Soeur_V3_Sister3_S109.wav	48320
crdo-NRU_Mariage_De_La_Soeur_V3_Sister3_S051.wav	103680
crdo-NRU_F4_CARAVANS_CaravansS051.wav	73600
crdo-NRU_F4_HOUSEBUILDING2_HOUSEBUILDING2_S213.wav	126880
crdo-NRU_F4_CARAVANS_CaravansS070.wav	41120
crdo-NRU_F4_CARAVANS_CaravansS074.wav	49280
crdo-NRU_F4_FOOD_SHORTAGE_FoodShortageS078.wav	47680
crdo-NRU_F4_HOUSEBUILDING2_HOUSEBUILDING2_S358.wav	89120
crdo-NRU_F4_FUNERAL_F4_FUNERAL_S012.wav	74880
crdo-NRU_F4_MUSHROOMS_MUSHROOMS_S069.wav	66560
crdo-NRU_F4_CARAVANS_CaravansS230.wav	80480
crdo-NRU_F4_DOG2_Dog2S097.wav	20160
crdo-NRU_F4_FUNERAL_F4_FUNERAL_S184.wav	137600
crdo-NRU_F4_TIGER2_Tiger2S010.wav	131200
crdo-NRU_F4_FUNERAL_F4_FUNERAL_S223.wav	33440
crdo-NRU_F4_MOUNTAINS_F4_MountainsS076.wav	60960
crdo-NRU_F4_FOOD_SHORTAGE2_FOOD_SHORTAGE2S020.wav	75200
crdo-NRU_F4_FOOD_SHORTAGE_FoodShortageS048.wav	30080
crdo-NRU_F4_CARAVANS_CaravansS003.wav	59360
crdo-NRU_Mariage_De_La_Soeur_V3_Sister3_S083.wav	32000
crdo-NRU_F4_ELDERS3_Elders3S058.wav	22240
crdo-NRU_F4_FUNERAL_F4_FUNERAL_S085.wav	59360
crdo-NRU_F4_RENAMING_RenamingS003.wav	51680
crdo-NRU_F4_CARAVANS_CaravansS260.wav	156000
crdo-NRU_F4_CARAVANS_CaravansS121.wav	82880
crdo-NRU_F4_HEALING_HealingS038.wav	74720
crdo-NRU_F4_MOUNTAINS_F4_MountainsS119.wav	75360
crdo-NRU_F4_FUNERAL_F4_FUNERAL_S112.wav	85120
crdo-NRU_F4_MUSHROOMS_MUSHROOMS_S094.wav	73760
crdo-NRU_F4_COMING_OF_AGE2_F4_ComingOfAge2S101.wav	31200
crdo-NRU_F4_COMING_OF_AGE2_F4_ComingOfAge2S011.wav	85600
crdo-NRU_F4_MUSHROOMS_MUSHROOMS_S124.wav	60160
crdo-NRU_F4_RENAMING_RenamingS033.wav	28480
crdo-NRU_F4_DOG2_Dog2S095.wav	52160
crdo-NRU_Mariage_De_La_Soeur_V3_Sister3_S056.wav	88480
crdo-NRU_F4_TIGER2_Tiger2S054.wav	38400
crdo-NRU_F4_FUNERAL_F4_FUNERAL_S074.wav	48960
crdo-NRU_F4_TIGER2_Tiger2S019.wav	70240
crdo-NRU_Mariage_De_La_Soeur_V3_Sister3_S005.wav	31520
crdo-NRU_F4_HOUSEBUILDING2_HOUSEBUILDING2_S318.wav	35680
crdo-NRU_F4_HOUSEBUILDING2_HOUSEBUILDING2_S198.wav	151840
crdo-NRU_F4_CARAVANS_CaravansS235.wav	72800
crdo-NRU_Naissance_du_Lac_V3_Lake3_S005.wav	96160
crdo-NRU_F4_DOG2_Dog2S062.wav	51520
crdo-NRU_F4_COMING_OF_AGE2_F4_ComingOfAge2S081.wav	70880
crdo-NRU_F4_CARAVANS_CaravansS204.wav	104160
crdo-NRU_F4_FOOD_SHORTAGE_FoodShortageS063.wav	67840
crdo-NRU_F4_HOUSEBUILDING2_HOUSEBUILDING2_S138.wav	84480
crdo-NRU_F4_MOUNTAINS_F4_MountainsS169.wav	35040
crdo-NRU_F4_CARAVANS_CaravansS174.wav	39040
crdo-NRU_F4_FUNERAL_F4_FUNERAL_S044.wav	62720
crdo-NRU_Mariage_De_La_Soeur_V3_Sister3_S069.wav	64640
crdo-NRU_F4_MOUNTAINS_F4_MountainsS005.wav	119520
crdo-NRU_F4_MUSHROOMS_MUSHROOMS_S109.wav	188960
crdo-NRU_F4_MUSHROOMS_MUSHROOMS_S097.wav	52160
crdo-NRU_F4_FOOD_SHORTAGE2_FOOD_SHORTAGE2S087.wav	28000
crdo-NRU_Naissance_du_Lac_V3_Lake3_S059.wav	66880
crdo-NRU_F4_HOUSEBUILDING2_HOUSEBUILDING2_S302.wav	32480
crdo-NRU_Mariage_De_La_Soeur_V3_Sister3_S064.wav	42560
crdo-NRU_F4_MUSHROOMS_MUSHROOMS_S149.wav	46080
crdo-NRU_F4_DOG2_Dog2S005.wav	27680
crdo-NRU_F4_FUNERAL_F4_FUNERAL_S210.wav	67680
crdo-NRU_F4_HOUSEBUILDING2_HOUSEBUILDING2_S221.wav	18720
crdo-NRU_F4_CARAVANS_CaravansS084.wav	77280
crdo-NRU_F4_DOG2_Dog2S088.wav	25600
crdo-NRU_AGRICULTURAL_ACTIVITIES_Agriculture_S056.wav	19840
crdo-NRU_F4_FOOD_SHORTAGE_FoodShortageS050.wav	136000
crdo-NRU_F4_FUNERAL_F4_FUNERAL_S123.wav	68800
crdo-NRU_F4_MUSHROOMS_MUSHROOMS_S055.wav	49760
crdo-NRU_F4_FUNERAL_F4_FUNERAL_S025.wav	54560
crdo-NRU_AGRICULTURAL_ACTIVITIES_Agriculture_S034.wav	45440
crdo-NRU_F4_ELDERS3_Elders3S011.wav	47200
crdo-NRU_F4_FUNERAL_F4_FUNERAL_S014.wav	96000
crdo-NRU_F4_FOOD_SHORTAGE2_FOOD_SHORTAGE2S021.wav	152800
crdo-NRU_F4_HOUSEBUILDING2_HOUSEBUILDING2_S148.wav	105120
crdo-NRU_F4_CARAVANS_CaravansS105.wav	24640
crdo-NRU_Naissance_du_Lac_V3_Lake3_S032.wav	68960
crdo-NRU_F4_TIGER2_Tiger2S135.wav	37120
crdo-NRU_F4_FOOD_SHORTAGE_FoodShortageS006.wav	72320
crdo-NRU_Naissance_du_Lac_V3_Lake3_S058.wav	61440
crdo-NRU_F4_HEALING_HealingS032.wav	26240
crdo-NRU_F4_DOG2_Dog2S060.wav	78400
crdo-NRU_Mariage_De_La_Soeur_V3_Sister3_S135.wav	37440
crdo-NRU_F4_HOUSEBUILDING2_HOUSEBUILDING2_S186.wav	51200
crdo-NRU_AGRICULTURAL_ACTIVITIES_Agriculture_S044.wav	60480
crdo-NRU_F4_HOUSEBUILDING2_HOUSEBUILDING2_S333.wav	62080
crdo-NRU_F4_MOUNTAINS_F4_MountainsS068.wav	45120
crdo-NRU_F4_HOUSEBUILDING2_HOUSEBUILDING2_S282.wav	55040
crdo-NRU_Naissance_du_Lac_V3_Lake3_S034.wav	61280
crdo-NRU_F4_MUSHROOMS_MUSHROOMS_S133.wav	129920
crdo-NRU_F4_TIGER2_Tiger2S060.wav	75200
crdo-NRU_F4_FUNERAL_F4_FUNERAL_S107.wav	30240
crdo-NRU_Naissance_du_Lac_V3_Lake3_S010.wav	19520
crdo-NRU_F4_MUSHROOMS_MUSHROOMS_S023.wav	70880
crdo-NRU_F4_DOG2_Dog2S057.wav	106880
crdo-NRU_F4_TIGER2_Tiger2S045.wav	174880
crdo-NRU_F4_HOUSEBUILDING2_HOUSEBUILDING2_S289.wav	13920
crdo-NRU_F4_COMING_OF_AGE2_F4_ComingOfAge2S092.wav	96480
crdo-NRU_F4_FOOD_SHORTAGE2_FOOD_SHORTAGE2S046.wav	65600
crdo-NRU_F4_FOOD_SHORTAGE_FoodShortageS072.wav	51840
crdo-NRU_F4_MUSHROOMS_MUSHROOMS_S126.wav	40800
crdo-NRU_F4_TIGER2_Tiger2S084.wav	85280
crdo-NRU_F4_FUNERAL_F4_FUNERAL_S231.wav	55200
crdo-NRU_F4_CARAVANS_CaravansS242.wav	173600
crdo-NRU_F4_FOOD_SHORTAGE_FoodShortageS090.wav	53280
crdo-NRU_F4_HOUSEBUILDING2_HOUSEBUILDING2_S264.wav	49920
crdo-NRU_F4_ELDERS3_Elders3S048.wav	45120
crdo-NRU_F4_TIGER2_Tiger2S033.wav	54240
crdo-NRU_F4_MUSHROOMS_MUSHROOMS_S125.wav	70720
crdo-NRU_F4_HOUSEBUILDING2_HOUSEBUILDING2_S065.wav	69120
crdo-NRU_F4_FOOD_SHORTAGE_FoodShortageS105.wav	4000
crdo-NRU_F4_FOOD_SHORTAGE2_FOOD_SHORTAGE2S058.wav	46880
crdo-NRU_F4_CARAVANS_CaravansS097.wav	69440
crdo-NRU_F4_FUNERAL_F4_FUNERAL_S002.wav	187520
crdo-NRU_F4_DOG2_Dog2S043.wav	29920
crdo-NRU_F4_FUNERAL_F4_FUNERAL_S127.wav	56480
crdo-NRU_F4_ELDERS3_Elders3S060.wav	35520
crdo-NRU_AGRICULTURAL_ACTIVITIES_Agriculture_S052.wav	50880
crdo-NRU_F4_DOG2_Dog2S027.wav	28160
crdo-NRU_Naissance_du_Lac_V3_Lake3_S035.wav	32640
crdo-NRU_F4_HEALING_HealingS085.wav	49440
crdo-NRU_F4_CARAVANS_CaravansS146.wav	61440
crdo-NRU_F4_MUSHROOMS_MUSHROOMS_S103.wav	22720
crdo-NRU_F4_FUNERAL_F4_FUNERAL_S211.wav	16640
crdo-NRU_F4_HEALING_HealingS078.wav	22400
crdo-NRU_AGRICULTURAL_ACTIVITIES_Agriculture_S067.wav	70880
crdo-NRU_F4_HEALING_HealingS060.wav	49600
crdo-NRU_F4_FOOD_SHORTAGE2_FOOD_SHORTAGE2S078.wav	82560
crdo-NRU_F4_FOOD_SHORTAGE_FoodShortageS070.wav	83200
crdo-NRU_F4_FOOD_SHORTAGE2_FOOD_SHORTAGE2S091.wav	24160
crdo-NRU_F4_FOOD_SHORTAGE2_FOOD_SHORTAGE2S002.wav	88000
crdo-NRU_F4_FUNERAL_F4_FUNERAL_S032.wav	51520
crdo-NRU_F4_MUSHROOMS_MUSHROOMS_S160.wav	29120
crdo-NRU_F4_TIGER2_Tiger2S009.wav	100800
crdo-NRU_F4_DOG2_Dog2S002.wav	27840
crdo-NRU_F4_HOUSEBUILDING2_HOUSEBUILDING2_S204.wav	33120
crdo-NRU_F4_CARAVANS_CaravansS172.wav	18720
crdo-NRU_F4_FUNERAL_F4_FUNERAL_S188.wav	129920
crdo-NRU_F4_HOUSEBUILDING2_HOUSEBUILDING2_S169.wav	19680
crdo-NRU_F4_TIGER2_Tiger2S130.wav	52480
crdo-NRU_F4_RENAMING_RenamingS040.wav	72320
crdo-NRU_F4_MOUNTAINS_F4_MountainsS160.wav	94720
crdo-NRU_F4_CARAVANS_CaravansS088.wav	73600
crdo-NRU_AGRICULTURAL_ACTIVITIES_Agriculture_S047.wav	4960
crdo-NRU_F4_COMING_OF_AGE2_F4_ComingOfAge2S025.wav	39360
crdo-NRU_F4_TIGER2_Tiger2S113.wav	62720
crdo-NRU_F4_FUNERAL_F4_FUNERAL_S227.wav	27040
crdo-NRU_F4_FUNERAL_F4_FUNERAL_S046.wav	82880
crdo-NRU_F4_TIGER2_Tiger2S146.wav	65600
crdo-NRU_F4_CARAVANS_CaravansS223.wav	48640
crdo-NRU_F4_HEALING_HealingS108.wav	44640
crdo-NRU_F4_FUNERAL_F4_FUNERAL_S019.wav	47840
crdo-NRU_F4_CARAVANS_CaravansS276.wav	114240
crdo-NRU_F4_HOUSEBUILDING2_HOUSEBUILDING2_S001.wav	107680
crdo-NRU_F4_TIGER2_Tiger2S134.wav	30880
crdo-NRU_F4_HOUSEBUILDING2_HOUSEBUILDING2_S209.wav	47360
crdo-NRU_F4_FUNERAL_F4_FUNERAL_S061.wav	46080
crdo-NRU_F4_FOOD_SHORTAGE_FoodShortageS026.wav	83040
crdo-NRU_F4_HOUSEBUILDING2_HOUSEBUILDING2_S154.wav	57280
crdo-NRU_F4_MUSHROOMS_MUSHROOMS_S065.wav	53760
crdo-NRU_F4_FUNERAL_F4_FUNERAL_S230.wav	32000
crdo-NRU_F4_COMING_OF_AGE2_F4_ComingOfAge2S104.wav	25760
crdo-NRU_F4_ELDERS3_Elders3S051.wav	71840
crdo-NRU_F4_SEEDS_SeedsS044.wav	45440
crdo-NRU_F4_CARAVANS_CaravansS098.wav	73440
crdo-NRU_Mariage_De_La_Soeur_V3_Sister3_S089.wav	111200
crdo-NRU_F4_HOUSEBUILDING2_HOUSEBUILDING2_S316.wav	35840
crdo-NRU_F4_CARAVANS_CaravansS148.wav	31040
crdo-NRU_AGRICULTURAL_ACTIVITIES_Agriculture_S060.wav	36640
crdo-NRU_F4_HOUSEBUILDING2_HOUSEBUILDING2_S185.wav	32160
crdo-NRU_F4_CARAVANS_CaravansS288.wav	17440
crdo-NRU_F4_FOOD_SHORTAGE2_FOOD_SHORTAGE2S050.wav	59200
crdo-NRU_F4_FOOD_SHORTAGE_FoodShortageS084.wav	106240
crdo-NRU_F4_FUNERAL_F4_FUNERAL_S047.wav	36320
crdo-NRU_F4_HEALING_HealingS039.wav	148160
crdo-NRU_F4_HOUSEBUILDING2_HOUSEBUILDING2_S306.wav	24320
crdo-NRU_F4_FUNERAL_F4_FUNERAL_S164.wav	29120
crdo-NRU_F4_MOUNTAINS_F4_MountainsS078.wav	69600
crdo-NRU_AGRICULTURAL_ACTIVITIES_Agriculture_S093.wav	46080
crdo-NRU_F4_FOOD_SHORTAGE2_FOOD_SHORTAGE2S070.wav	111680
crdo-NRU_Mariage_De_La_Soeur_V3_Sister3_S066.wav	71680
crdo-NRU_F4_DOG2_Dog2S083.wav	33760
crdo-NRU_F4_HEALING_HealingS007.wav	24800
crdo-NRU_Mariage_De_La_Soeur_V3_Sister3_S027.wav	81280
crdo-NRU_Naissance_du_Lac_V3_Lake3_S057.wav	58880
crdo-NRU_F4_DOG2_Dog2S080.wav	50080
crdo-NRU_F4_HOUSEBUILDING2_HOUSEBUILDING2_S082.wav	84480
crdo-NRU_AGRICULTURAL_ACTIVITIES_Agriculture_S031.wav	26720
crdo-NRU_F4_MUSHROOMS_MUSHROOMS_S147.wav	61280
crdo-NRU_F4_DOG2_Dog2S046.wav	30560
crdo-NRU_Naissance_du_Lac_V3_Lake3_S011.wav	17760
crdo-NRU_F4_MOUNTAINS_F4_MountainsS044.wav	75360
crdo-NRU_F4_FUNERAL_F4_FUNERAL_S095.wav	57280
crdo-NRU_F4_CARAVANS_CaravansS171.wav	56640
crdo-NRU_F4_HEALING_HealingS082.wav	32800
crdo-NRU_F4_COMING_OF_AGE2_F4_ComingOfAge2S022.wav	79200
crdo-NRU_F4_HEALING_HealingS065.wav	51200
crdo-NRU_F4_HOUSEBUILDING2_HOUSEBUILDING2_S309.wav	38720
crdo-NRU_F4_SEEDS_SeedsS009.wav	89120
crdo-NRU_Mariage_De_La_Soeur_V3_Sister3_S119.wav	143040
crdo-NRU_F4_HOUSEBUILDING2_HOUSEBUILDING2_S277.wav	9120
crdo-NRU_F4_MUSHROOMS_MUSHROOMS_S108.wav	42080
crdo-NRU_F4_HOUSEBUILDING2_HOUSEBUILDING2_S297.wav	18400
crdo-NRU_F4_DOG2_Dog2S026.wav	76000
crdo-NRU_F4_HOUSEBUILDING2_HOUSEBUILDING2_S245.wav	20800
crdo-NRU_F4_MOUNTAINS_F4_MountainsS083.wav	175680
crdo-NRU_F4_MOUNTAINS_F4_MountainsS004.wav	59040
crdo-NRU_F4_HOUSEBUILDING2_HOUSEBUILDING2_S004.wav	85120
crdo-NRU_F4_HOUSEBUILDING2_HOUSEBUILDING2_S310.wav	69600
crdo-NRU_F4_CARAVANS_CaravansS162.wav	202400
crdo-NRU_F4_TIGER2_Tiger2S024.wav	25440
crdo-NRU_F4_CARAVANS_CaravansS113.wav	35360
crdo-NRU_Naissance_du_Lac_V3_Lake3_S016.wav	39360
crdo-NRU_F4_FUNERAL_F4_FUNERAL_S056.wav	121760
crdo-NRU_Mariage_De_La_Soeur_V3_Sister3_S100.wav	30400
crdo-NRU_F4_FUNERAL_F4_FUNERAL_S052.wav	30240
crdo-NRU_F4_CARAVANS_CaravansS082.wav	71520
crdo-NRU_F4_HOUSEBUILDING2_HOUSEBUILDING2_S240.wav	106080
crdo-NRU_F4_FUNERAL_F4_FUNERAL_S026.wav	43520
crdo-NRU_Naissance_du_Lac_V3_Lake3_S066.wav	33280
crdo-NRU_F4_HOUSEBUILDING2_HOUSEBUILDING2_S243.wav	44320
crdo-NRU_F4_TIGER2_Tiger2S042.wav	60480
crdo-NRU_F4_MOUNTAINS_F4_MountainsS080.wav	76320
crdo-NRU_F4_SEEDS_SeedsS033.wav	29280
crdo-NRU_F4_COMING_OF_AGE2_F4_ComingOfAge2S100.wav	20480
crdo-NRU_F4_FOOD_SHORTAGE2_FOOD_SHORTAGE2S044.wav	104800
crdo-NRU_F4_SEEDS_SeedsS018.wav	139200
crdo-NRU_F4_SEEDS_SeedsS004.wav	66240
crdo-NRU_F4_CARAVANS_CaravansS285.wav	130560
crdo-NRU_F4_FUNERAL_F4_FUNERAL_S262.wav	47040
crdo-NRU_F4_HOUSEBUILDING2_HOUSEBUILDING2_S075.wav	40800
crdo-NRU_F4_HEALING_HealingS104.wav	49920
crdo-NRU_F4_FUNERAL_F4_FUNERAL_S247.wav	21440
crdo-NRU_F4_ELDERS3_Elders3S057.wav	19360
crdo-NRU_F4_MOUNTAINS_F4_MountainsS035.wav	75360
crdo-NRU_AGRICULTURAL_ACTIVITIES_Agriculture_S107.wav	48960
crdo-NRU_Naissance_du_Lac_V3_Lake3_S048.wav	45440
crdo-NRU_F4_DOG2_Dog2S001.wav	56000
crdo-NRU_F4_DOG2_Dog2S068.wav	42240
crdo-NRU_F4_HOUSEBUILDING2_HOUSEBUILDING2_S076.wav	40320
crdo-NRU_F4_COMING_OF_AGE2_F4_ComingOfAge2S005.wav	30720
crdo-NRU_F4_FOOD_SHORTAGE2_FOOD_SHORTAGE2S012.wav	79040
crdo-NRU_F4_MUSHROOMS_MUSHROOMS_S059.wav	61120
crdo-NRU_F4_HOUSEBUILDING2_HOUSEBUILDING2_S188.wav	46240
crdo-NRU_F4_FOOD_SHORTAGE_FoodShortageS010.wav	71520
crdo-NRU_F4_TIGER2_Tiger2S002.wav	71200
crdo-NRU_F4_MOUNTAINS_F4_MountainsS105.wav	118720
crdo-NRU_F4_SEEDS_SeedsS042.wav	145280
crdo-NRU_F4_HOUSEBUILDING2_HOUSEBUILDING2_S055.wav	36960
crdo-NRU_F4_MUSHROOMS_MUSHROOMS_S143.wav	57600
crdo-NRU_F4_HEALING_HealingS035.wav	40480
crdo-NRU_F4_DOG2_Dog2S086.wav	84640
crdo-NRU_F4_FUNERAL_F4_FUNERAL_S049.wav	20000
crdo-NRU_AGRICULTURAL_ACTIVITIES_Agriculture_S077.wav	82880
crdo-NRU_F4_CARAVANS_CaravansS008.wav	98880
crdo-NRU_F4_TIGER2_Tiger2S111.wav	63680
crdo-NRU_F4_HOUSEBUILDING2_HOUSEBUILDING2_S111.wav	52320
crdo-NRU_F4_HOUSEBUILDING2_HOUSEBUILDING2_S074.wav	26240
crdo-NRU_Mariage_De_La_Soeur_V3_Sister3_S071.wav	93440
crdo-NRU_F4_HOUSEBUILDING2_HOUSEBUILDING2_S271.wav	74080
crdo-NRU_F4_FOOD_SHORTAGE2_FOOD_SHORTAGE2S007.wav	111520
crdo-NRU_F4_MOUNTAINS_F4_MountainsS104.wav	84640
crdo-NRU_Mariage_De_La_Soeur_V3_Sister3_S004.wav	47040
crdo-NRU_F4_CARAVANS_CaravansS175.wav	56480
crdo-NRU_F4_CARAVANS_CaravansS160.wav	73600
crdo-NRU_F4_HEALING_HealingS068.wav	62080
crdo-NRU_F4_FOOD_SHORTAGE2_FOOD_SHORTAGE2S051.wav	13920
crdo-NRU_F4_CARAVANS_CaravansS066.wav	41440
crdo-NRU_F4_HEALING_HealingS012.wav	89280
crdo-NRU_F4_CARAVANS_CaravansS165.wav	129920
crdo-NRU_F4_MOUNTAINS_F4_MountainsS024.wav	107840
crdo-NRU_F4_FUNERAL_F4_FUNERAL_S249.wav	36800
crdo-NRU_F4_MOUNTAINS_F4_MountainsS002.wav	126240
crdo-NRU_F4_CARAVANS_CaravansS112.wav	84960
crdo-NRU_Naissance_du_Lac_V3_Lake3_S060.wav	36640
crdo-NRU_F4_COMING_OF_AGE2_F4_ComingOfAge2S049.wav	36320
crdo-NRU_F4_CARAVANS_CaravansS193.wav	23360
crdo-NRU_F4_ELDERS3_Elders3S039.wav	25120
crdo-NRU_F4_FOOD_SHORTAGE_FoodShortageS095.wav	52320
crdo-NRU_F4_HOUSEBUILDING2_HOUSEBUILDING2_S165.wav	75520
crdo-NRU_F4_HEALING_HealingS062.wav	50400
crdo-NRU_F4_MOUNTAINS_F4_MountainsS069.wav	123360
crdo-NRU_F4_MUSHROOMS_MUSHROOMS_S131.wav	79520
crdo-NRU_F4_FOOD_SHORTAGE_FoodShortageS103.wav	63040
crdo-NRU_F4_MUSHROOMS_MUSHROOMS_S080.wav	261600
crdo-NRU_F4_HOUSEBUILDING2_HOUSEBUILDING2_S304.wav	71360
crdo-NRU_F4_FUNERAL_F4_FUNERAL_S208.wav	47840
crdo-NRU_F4_RENAMING_RenamingS015.wav	56000
crdo-NRU_F4_COMING_OF_AGE2_F4_ComingOfAge2S037.wav	49440
crdo-NRU_F4_HOUSEBUILDING2_HOUSEBUILDING2_S112.wav	41600
crdo-NRU_F4_FOOD_SHORTAGE2_FOOD_SHORTAGE2S066.wav	42880
crdo-NRU_F4_COMING_OF_AGE2_F4_ComingOfAge2S073.wav	102080
crdo-NRU_F4_CARAVANS_CaravansS232.wav	88640
crdo-NRU_Mariage_De_La_Soeur_V3_Sister3_S101.wav	95040
crdo-NRU_F4_CARAVANS_CaravansS207.wav	53440
crdo-NRU_F4_HEALING_HealingS066.wav	51360
crdo-NRU_F4_FOOD_SHORTAGE_FoodShortageS011.wav	126240
crdo-NRU_F5_AHABALA1_F5_Ahabala1S012.wav	186560
crdo-NRU_F4_HOUSEBUILDING2_HOUSEBUILDING2_S177.wav	101280
crdo-NRU_F4_RENAMING_RenamingS010.wav	54880
crdo-NRU_Naissance_du_Lac_V3_Lake3_S041.wav	47200
crdo-NRU_F4_MUSHROOMS_MUSHROOMS_S010.wav	40480
crdo-NRU_F4_TIGER2_Tiger2S025.wav	78400
crdo-NRU_F4_TIGER2_Tiger2S036.wav	73440
crdo-NRU_F4_HOUSEBUILDING2_HOUSEBUILDING2_S352.wav	70400
crdo-NRU_F4_DOG2_Dog2S073.wav	72160
crdo-NRU_F4_FUNERAL_F4_FUNERAL_S001.wav	129440
crdo-NRU_F4_SEEDS_SeedsS011.wav	119840
crdo-NRU_Naissance_du_Lac_V3_Lake3_S020.wav	57440
crdo-NRU_Mariage_De_La_Soeur_V3_Sister3_S103.wav	44000
crdo-NRU_F4_FOOD_SHORTAGE2_FOOD_SHORTAGE2S015.wav	87680
crdo-NRU_F4_COMING_OF_AGE2_F4_ComingOfAge2S063.wav	51200
crdo-NRU_F4_HEALING_HealingS084.wav	27520
crdo-NRU_F4_HOUSEBUILDING2_HOUSEBUILDING2_S199.wav	48960
crdo-NRU_F4_MOUNTAINS_F4_MountainsS049.wav	75680
crdo-NRU_F4_MUSHROOMS_MUSHROOMS_S148.wav	25760
crdo-NRU_F4_HEALING_HealingS069.wav	57280
crdo-NRU_F4_HEALING_HealingS033.wav	19520
crdo-NRU_F4_HEALING_HealingS051.wav	59840
crdo-NRU_F4_HOUSEBUILDING2_HOUSEBUILDING2_S341.wav	33600
crdo-NRU_F4_MOUNTAINS_F4_MountainsS064.wav	41280
crdo-NRU_F4_CARAVANS_CaravansS143.wav	24160
crdo-NRU_F4_HOUSEBUILDING2_HOUSEBUILDING2_S349.wav	38400
crdo-NRU_F4_HOUSEBUILDING2_HOUSEBUILDING2_S170.wav	44320
crdo-NRU_F4_CARAVANS_CaravansS216.wav	79040
crdo-NRU_F4_HOUSEBUILDING2_HOUSEBUILDING2_S237.wav	96640
crdo-NRU_F4_FOOD_SHORTAGE2_FOOD_SHORTAGE2S010.wav	34080
crdo-NRU_F4_HOUSEBUILDING2_HOUSEBUILDING2_S025.wav	14720
crdo-NRU_AGRICULTURAL_ACTIVITIES_Agriculture_S099.wav	16000
crdo-NRU_F4_FUNERAL_F4_FUNERAL_S130.wav	150880
crdo-NRU_F4_HOUSEBUILDING2_HOUSEBUILDING2_S236.wav	21280
crdo-NRU_F4_HOUSEBUILDING2_HOUSEBUILDING2_S119.wav	83680
crdo-NRU_Mariage_De_La_Soeur_V3_Sister3_S131.wav	53920
crdo-NRU_F4_FUNERAL_F4_FUNERAL_S187.wav	57920
crdo-NRU_F4_DOG2_Dog2S069.wav	41280
crdo-NRU_F4_CARAVANS_CaravansS142.wav	45920
crdo-NRU_F4_FOOD_SHORTAGE2_FOOD_SHORTAGE2S005.wav	69280
crdo-NRU_F4_CARAVANS_CaravansS163.wav	32320
crdo-NRU_AGRICULTURAL_ACTIVITIES_Agriculture_S063.wav	34560
crdo-NRU_Naissance_du_Lac_V3_Lake3_S071.wav	25280
crdo-NRU_F4_DOG2_Dog2S059.wav	30560
crdo-NRU_F4_FUNERAL_F4_FUNERAL_S239.wav	44800
crdo-NRU_F4_FUNERAL_F4_FUNERAL_S226.wav	76160
crdo-NRU_F4_ELDERS3_Elders3S018.wav	38240
crdo-NRU_F4_DOG2_Dog2S098.wav	70080
crdo-NRU_F4_HOUSEBUILDING2_HOUSEBUILDING2_S256.wav	87200
crdo-NRU_F4_MOUNTAINS_F4_MountainsS022.wav	104000
crdo-NRU_F4_HOUSEBUILDING2_HOUSEBUILDING2_S313.wav	52320
crdo-NRU_Naissance_du_Lac_V3_Lake3_S065.wav	31200
crdo-NRU_F4_MOUNTAINS_F4_MountainsS168.wav	62880
crdo-NRU_Naissance_du_Lac_V3_Lake3_S053.wav	59520
crdo-NRU_Mariage_De_La_Soeur_V3_Sister3_S020.wav	47360
crdo-NRU_F4_HOUSEBUILDING2_HOUSEBUILDING2_S150.wav	72320
crdo-NRU_F4_CARAVANS_CaravansS280.wav	60160
crdo-NRU_F4_HOUSEBUILDING2_HOUSEBUILDING2_S126.wav	64480
crdo-NRU_F4_HEALING_HealingS071.wav	112640
crdo-NRU_F4_COMING_OF_AGE2_F4_ComingOfAge2S001.wav	73760
crdo-NRU_F4_MOUNTAINS_F4_MountainsS115.wav	34720
crdo-NRU_F4_MUSHROOMS_MUSHROOMS_S060.wav	41600
crdo-NRU_Naissance_du_Lac_V3_Lake3_S007.wav	26080
crdo-NRU_F4_FOOD_SHORTAGE2_FOOD_SHORTAGE2S090.wav	68800
crdo-NRU_Mariage_De_La_Soeur_V3_Sister3_S076.wav	134560
crdo-NRU_F4_CARAVANS_CaravansS206.wav	82560
crdo-NRU_F4_HOUSEBUILDING2_HOUSEBUILDING2_S292.wav	88800
crdo-NRU_F4_FOOD_SHORTAGE2_FOOD_SHORTAGE2S049.wav	92640
crdo-NRU_F4_FUNERAL_F4_FUNERAL_S240.wav	31680
crdo-NRU_F4_FUNERAL_F4_FUNERAL_S007.wav	166560
crdo-NRU_F4_RENAMING_RenamingS028.wav	66560
crdo-NRU_F4_FUNERAL_F4_FUNERAL_S246.wav	33760
crdo-NRU_F4_FOOD_SHORTAGE_FoodShortageS075.wav	8320
crdo-NRU_F4_HOUSEBUILDING2_HOUSEBUILDING2_S193.wav	8640
crdo-NRU_F4_MOUNTAINS_F4_MountainsS137.wav	75680
crdo-NRU_F4_TIGER2_Tiger2S122.wav	25920
crdo-NRU_F4_MUSHROOMS_MUSHROOMS_S140.wav	71840
crdo-NRU_F4_FUNERAL_F4_FUNERAL_S192.wav	77760
crdo-NRU_F4_MUSHROOMS_MUSHROOMS_S141.wav	31040
crdo-NRU_F4_FUNERAL_F4_FUNERAL_S057.wav	40000
crdo-NRU_F4_HOUSEBUILDING2_HOUSEBUILDING2_S251.wav	102240
crdo-NRU_F4_MOUNTAINS_F4_MountainsS132.wav	48640
crdo-NRU_F4_FOOD_SHORTAGE_FoodShortageS040.wav	85440
crdo-NRU_F4_FUNERAL_F4_FUNERAL_S068.wav	54880
crdo-NRU_F4_CARAVANS_CaravansS269.wav	40320
crdo-NRU_F4_MOUNTAINS_F4_MountainsS082.wav	82080
crdo-NRU_F4_SEEDS_SeedsS067.wav	171360
crdo-NRU_F4_MUSHROOMS_MUSHROOMS_S115.wav	27840
crdo-NRU_F4_TIGER2_Tiger2S048.wav	124320
crdo-NRU_F4_HOUSEBUILDING2_HOUSEBUILDING2_S026.wav	62880
crdo-NRU_F4_HOUSEBUILDING2_HOUSEBUILDING2_S249.wav	48160
crdo-NRU_F4_MUSHROOMS_MUSHROOMS_S088.wav	56000
crdo-NRU_F5_AHABALA1_F5_Ahabala1S002.wav	192320
crdo-NRU_F4_HOUSEBUILDING2_HOUSEBUILDING2_S361.wav	74400
crdo-NRU_F4_TIGER2_Tiger2S040.wav	41600
crdo-NRU_F4_HOUSEBUILDING2_HOUSEBUILDING2_S156.wav	134880
crdo-NRU_F4_HOUSEBUILDING2_HOUSEBUILDING2_S077.wav	51520
crdo-NRU_Mariage_De_La_Soeur_V3_Sister3_S095.wav	135520
crdo-NRU_F4_TIGER2_Tiger2S057.wav	131360
crdo-NRU_F4_FOOD_SHORTAGE2_FOOD_SHORTAGE2S075.wav	80320
crdo-NRU_F4_ELDERS3_Elders3S063.wav	98080
crdo-NRU_F4_MOUNTAINS_F4_MountainsS081.wav	76320
crdo-NRU_AGRICULTURAL_ACTIVITIES_Agriculture_S111.wav	27040
crdo-NRU_Naissance_du_Lac_V3_Lake3_S013.wav	33440
crdo-NRU_F4_DOG2_Dog2S010.wav	23200
crdo-NRU_Mariage_De_La_Soeur_V3_Sister3_S126.wav	77120
crdo-NRU_F4_MOUNTAINS_F4_MountainsS165.wav	52960
crdo-NRU_F4_HEALING_HealingS090.wav	36480
crdo-NRU_F4_FOOD_SHORTAGE2_FOOD_SHORTAGE2S077.wav	111840
crdo-NRU_F4_ELDERS3_Elders3S031.wav	111360
crdo-NRU_F4_DOG2_Dog2S108.wav	46400
crdo-NRU_F4_ELDERS3_Elders3S016.wav	20000
crdo-NRU_F4_TIGER2_Tiger2S064.wav	28000
crdo-NRU_F4_MUSHROOMS_MUSHROOMS_S040.wav	80960
crdo-NRU_F4_MOUNTAINS_F4_MountainsS148.wav	53120
crdo-NRU_F4_DOG2_Dog2S045.wav	41600
crdo-NRU_F4_FUNERAL_F4_FUNERAL_S097.wav	25440
crdo-NRU_F4_CARAVANS_CaravansS049.wav	79200
crdo-NRU_F4_CARAVANS_CaravansS138.wav	131040
crdo-NRU_F4_COMING_OF_AGE2_F4_ComingOfAge2S053.wav	64480
crdo-NRU_F4_CARAVANS_CaravansS210.wav	27840
crdo-NRU_F4_FOOD_SHORTAGE_FoodShortageS106.wav	76480
crdo-NRU_F4_FUNERAL_F4_FUNERAL_S145.wav	60960
crdo-NRU_F4_DOG2_Dog2S014.wav	35200
crdo-NRU_Mariage_De_La_Soeur_V3_Sister3_S014.wav	99200
crdo-NRU_F4_MOUNTAINS_F4_MountainsS032.wav	108800
crdo-NRU_F4_ELDERS3_Elders3S034.wav	102880
crdo-NRU_F4_FUNERAL_F4_FUNERAL_S003.wav	104000
crdo-NRU_F4_SEEDS_SeedsS057.wav	6400
crdo-NRU_F4_HOUSEBUILDING2_HOUSEBUILDING2_S134.wav	8800
crdo-NRU_Naissance_du_Lac_V3_Lake3_S039.wav	20480
crdo-NRU_F4_FUNERAL_F4_FUNERAL_S022.wav	23840
crdo-NRU_F4_HOUSEBUILDING2_HOUSEBUILDING2_S176.wav	52160
crdo-NRU_F4_CARAVANS_CaravansS212.wav	45120
crdo-NRU_F4_FUNERAL_F4_FUNERAL_S115.wav	37440
crdo-NRU_Mariage_De_La_Soeur_V3_Sister3_S130.wav	65120
crdo-NRU_F4_CARAVANS_CaravansS229.wav	57280
crdo-NRU_F4_TIGER2_Tiger2S081.wav	30080
crdo-NRU_F4_CARAVANS_CaravansS284.wav	135360
crdo-NRU_AGRICULTURAL_ACTIVITIES_Agriculture_S110.wav	108000
crdo-NRU_F4_FUNERAL_F4_FUNERAL_S198.wav	58560
crdo-NRU_F4_COMING_OF_AGE2_F4_ComingOfAge2S055.wav	52000
crdo-NRU_F4_HOUSEBUILDING2_HOUSEBUILDING2_S091.wav	62560
crdo-NRU_F4_CARAVANS_CaravansS228.wav	47360
crdo-NRU_F4_CARAVANS_CaravansS240.wav	69120
crdo-NRU_F4_HOUSEBUILDING2_HOUSEBUILDING2_S029.wav	85280
crdo-NRU_Mariage_De_La_Soeur_V3_Sister3_S092.wav	24480
crdo-NRU_F4_HOUSEBUILDING2_HOUSEBUILDING2_S149.wav	24160
crdo-NRU_F4_SEEDS_SeedsS003.wav	125760
crdo-NRU_F4_TIGER2_Tiger2S104.wav	34880
crdo-NRU_F4_MUSHROOMS_MUSHROOMS_S144.wav	148640
crdo-NRU_F4_FUNERAL_F4_FUNERAL_S011.wav	44160
crdo-NRU_F4_MOUNTAINS_F4_MountainsS103.wav	59040
crdo-NRU_F4_TIGER2_Tiger2S125.wav	50720
crdo-NRU_F4_DOG2_Dog2S055.wav	160640
crdo-NRU_F4_DOG2_Dog2S100.wav	147680
crdo-NRU_F4_COMING_OF_AGE2_F4_ComingOfAge2S026.wav	33760
crdo-NRU_AGRICULTURAL_ACTIVITIES_Agriculture_S033.wav	23520
crdo-NRU_F4_FUNERAL_F4_FUNERAL_S033.wav	23200
crdo-NRU_F4_SEEDS_SeedsS022.wav	41440
crdo-NRU_F4_MUSHROOMS_MUSHROOMS_S046.wav	111200
crdo-NRU_F4_MOUNTAINS_F4_MountainsS010.wav	76800
crdo-NRU_F4_CARAVANS_CaravansS022.wav	38400
crdo-NRU_F4_CARAVANS_CaravansS253.wav	36800
crdo-NRU_F4_COMING_OF_AGE2_F4_ComingOfAge2S088.wav	76480
crdo-NRU_F4_COMING_OF_AGE2_F4_ComingOfAge2S046.wav	96000
crdo-NRU_F4_ELDERS3_Elders3S053.wav	46240
crdo-NRU_F4_FOOD_SHORTAGE2_FOOD_SHORTAGE2S032.wav	85440
crdo-NRU_Mariage_De_La_Soeur_V3_Sister3_S029.wav	23680
crdo-NRU_F4_HOUSEBUILDING2_HOUSEBUILDING2_S276.wav	43840
crdo-NRU_F4_CARAVANS_CaravansS080.wav	97760
crdo-NRU_F4_CARAVANS_CaravansS035.wav	93440
crdo-NRU_F4_MOUNTAINS_F4_MountainsS172.wav	28000
crdo-NRU_F4_HEALING_HealingS057.wav	102880
crdo-NRU_F4_RENAMING_RenamingS039.wav	22400
crdo-NRU_F4_COMING_OF_AGE2_F4_ComingOfAge2S091.wav	128480
crdo-NRU_F4_FOOD_SHORTAGE_FoodShortageS059.wav	152640
crdo-NRU_F4_FOOD_SHORTAGE2_FOOD_SHORTAGE2S061.wav	66880
crdo-NRU_F4_DOG2_Dog2S090.wav	50720
crdo-NRU_F4_FOOD_SHORTAGE_FoodShortageS017.wav	136640
crdo-NRU_F4_FOOD_SHORTAGE_FoodShortageS002.wav	94880
crdo-NRU_F4_MUSHROOMS_MUSHROOMS_S031.wav	50560
crdo-NRU_F4_MOUNTAINS_F4_MountainsS003.wav	107200
crdo-NRU_F4_HOUSEBUILDING2_HOUSEBUILDING2_S140.wav	36480
crdo-NRU_F4_RENAMING_RenamingS024.wav	51040
crdo-NRU_F4_DOG2_Dog2S066.wav	98240
crdo-NRU_F4_CARAVANS_CaravansS117.wav	69760
crdo-NRU_F4_MOUNTAINS_F4_MountainsS074.wav	136160
crdo-NRU_F4_CARAVANS_CaravansS126.wav	45920
crdo-NRU_F4_SEEDS_SeedsS041.wav	94880
crdo-NRU_F5_AHABALA1_F5_Ahabala1S009.wav	222560
crdo-NRU_Naissance_du_Lac_V3_Lake3_S036.wav	19680
crdo-NRU_F4_HEALING_HealingS093.wav	35680
crdo-NRU_F4_DOG2_Dog2S075.wav	72000
crdo-NRU_F4_MOUNTAINS_F4_MountainsS152.wav	105600
crdo-NRU_Mariage_De_La_Soeur_V3_Sister3_S125.wav	88160
crdo-NRU_F4_HEALING_HealingS094.wav	60480
crdo-NRU_F4_HOUSEBUILDING2_HOUSEBUILDING2_S219.wav	43840
crdo-NRU_F4_MOUNTAINS_F4_MountainsS084.wav	10720
crdo-NRU_F4_HOUSEBUILDING2_HOUSEBUILDING2_S254.wav	99040
crdo-NRU_F4_FOOD_SHORTAGE2_FOOD_SHORTAGE2S037.wav	53120
crdo-NRU_F4_CARAVANS_CaravansS133.wav	63520
crdo-NRU_F4_FUNERAL_F4_FUNERAL_S161.wav	53280
crdo-NRU_AGRICULTURAL_ACTIVITIES_Agriculture_S081.wav	41760
crdo-NRU_F4_DOG2_Dog2S009.wav	96800
crdo-NRU_F4_HEALING_HealingS030.wav	28480
crdo-NRU_F4_MOUNTAINS_F4_MountainsS009.wav	70720
crdo-NRU_AGRICULTURAL_ACTIVITIES_Agriculture_S020.wav	52800
crdo-NRU_F4_SEEDS_SeedsS051.wav	11520
crdo-NRU_F4_FOOD_SHORTAGE_FoodShortageS053.wav	131360
crdo-NRU_Mariage_De_La_Soeur_V3_Sister3_S068.wav	71200
crdo-NRU_F4_CARAVANS_CaravansS005.wav	107200
crdo-NRU_AGRICULTURAL_ACTIVITIES_Agriculture_S103.wav	26720
crdo-NRU_F4_CARAVANS_CaravansS110.wav	89120
crdo-NRU_Mariage_De_La_Soeur_V3_Sister3_S001.wav	37440
crdo-NRU_F4_CARAVANS_CaravansS037.wav	95040
crdo-NRU_F4_SEEDS_SeedsS050.wav	39840
crdo-NRU_F4_FOOD_SHORTAGE_FoodShortageS046.wav	55040
crdo-NRU_F4_COMING_OF_AGE2_F4_ComingOfAge2S013.wav	178080
crdo-NRU_F4_MOUNTAINS_F4_MountainsS031.wav	16640
crdo-NRU_F4_DOG2_Dog2S111.wav	68160
crdo-NRU_F4_FOOD_SHORTAGE_FoodShortageS099.wav	82720
crdo-NRU_F4_COMING_OF_AGE2_F4_ComingOfAge2S064.wav	37280
crdo-NRU_AGRICULTURAL_ACTIVITIES_Agriculture_S029.wav	46080
crdo-NRU_F4_HOUSEBUILDING2_HOUSEBUILDING2_S203.wav	23360
crdo-NRU_F4_MUSHROOMS_MUSHROOMS_S033.wav	29920
crdo-NRU_F4_MOUNTAINS_F4_MountainsS133.wav	49120
crdo-NRU_Mariage_De_La_Soeur_V3_Sister3_S047.wav	109440
crdo-NRU_F4_RENAMING_RenamingS019.wav	62080
crdo-NRU_F4_CARAVANS_CaravansS233.wav	68640
crdo-NRU_F4_HOUSEBUILDING2_HOUSEBUILDING2_S202.wav	37920
crdo-NRU_F4_HEALING_HealingS008.wav	26560
crdo-NRU_F4_DOG2_Dog2S096.wav	100160
crdo-NRU_F4_FOOD_SHORTAGE_FoodShortageS007.wav	83040
crdo-NRU_F4_HOUSEBUILDING2_HOUSEBUILDING2_S131.wav	50080
crdo-NRU_F4_FOOD_SHORTAGE_FoodShortageS061.wav	4000
crdo-NRU_F4_HEALING_HealingS019.wav	47200
crdo-NRU_F4_SEEDS_SeedsS019.wav	89920
crdo-NRU_F4_FUNERAL_F4_FUNERAL_S028.wav	101440
crdo-NRU_AGRICULTURAL_ACTIVITIES_Agriculture_S057.wav	34240
crdo-NRU_F4_HOUSEBUILDING2_HOUSEBUILDING2_S227.wav	43200
crdo-NRU_F4_CARAVANS_CaravansS199.wav	48480
crdo-NRU_F4_FOOD_SHORTAGE_FoodShortageS064.wav	91040
crdo-NRU_F4_MUSHROOMS_MUSHROOMS_S003.wav	96960
crdo-NRU_F4_TIGER2_Tiger2S034.wav	77760
crdo-NRU_F4_HOUSEBUILDING2_HOUSEBUILDING2_S291.wav	69920
crdo-NRU_F4_RENAMING_RenamingS037.wav	77440
crdo-NRU_F4_FOOD_SHORTAGE_FoodShortageS021.wav	118240
crdo-NRU_F4_COMING_OF_AGE2_F4_ComingOfAge2S095.wav	33280
crdo-NRU_F5_HINAMI_F5_SONG_HINAMIS001.wav	103360
crdo-NRU_Mariage_De_La_Soeur_V3_Sister3_S074.wav	41120
crdo-NRU_F4_CARAVANS_CaravansS241.wav	95200
crdo-NRU_F4_FOOD_SHORTAGE_FoodShortageS091.wav	51360
crdo-NRU_F4_HOUSEBUILDING2_HOUSEBUILDING2_S329.wav	60960
crdo-NRU_F4_HOUSEBUILDING2_HOUSEBUILDING2_S325.wav	66720
crdo-NRU_F4_FUNERAL_F4_FUNERAL_S162.wav	30400
crdo-NRU_F4_HOUSEBUILDING2_HOUSEBUILDING2_S286.wav	86880
crdo-NRU_F4_FOOD_SHORTAGE2_FOOD_SHORTAGE2S080.wav	47680
crdo-NRU_F4_CARAVANS_CaravansS188.wav	58880
crdo-NRU_F4_CARAVANS_CaravansS231.wav	39040
crdo-NRU_F4_DOG2_Dog2S061.wav	79040
crdo-NRU_F4_TIGER2_Tiger2S051.wav	38400
crdo-NRU_Mariage_De_La_Soeur_V3_Sister3_S049.wav	86880
crdo-NRU_F4_FOOD_SHORTAGE2_FOOD_SHORTAGE2S076.wav	48640
crdo-NRU_F4_HOUSEBUILDING2_HOUSEBUILDING2_S353.wav	43840
crdo-NRU_F4_MUSHROOMS_MUSHROOMS_S121.wav	44960
crdo-NRU_F4_TIGER2_Tiger2S120.wav	59680
crdo-NRU_F4_COMING_OF_AGE2_F4_ComingOfAge2S105.wav	140480
crdo-NRU_F4_CARAVANS_CaravansS183.wav	47520
crdo-NRU_F4_RENAMING_RenamingS002.wav	95200
crdo-NRU_F4_COMING_OF_AGE2_F4_ComingOfAge2S084.wav	91520
crdo-NRU_F4_COMING_OF_AGE2_F4_ComingOfAge2S090.wav	23680
crdo-NRU_F4_DOG2_Dog2S029.wav	46400
crdo-NRU_F4_HOUSEBUILDING2_HOUSEBUILDING2_S179.wav	72640
crdo-NRU_F4_RENAMING_RenamingS029.wav	186240
crdo-NRU_F4_MUSHROOMS_MUSHROOMS_S136.wav	45920
crdo-NRU_F4_MUSHROOMS_MUSHROOMS_S004.wav	41280
crdo-NRU_F4_CARAVANS_CaravansS032.wav	45280
crdo-NRU_F4_ELDERS3_Elders3S041.wav	38560
crdo-NRU_Mariage_De_La_Soeur_V3_Sister3_S081.wav	20480
crdo-NRU_Naissance_du_Lac_V3_Lake3_S069.wav	42080
crdo-NRU_F4_HOUSEBUILDING2_HOUSEBUILDING2_S328.wav	46880
crdo-NRU_F4_CARAVANS_CaravansS096.wav	88320
crdo-NRU_F4_FUNERAL_F4_FUNERAL_S191.wav	25600
crdo-NRU_F4_CARAVANS_CaravansS100.wav	181760
crdo-NRU_F4_ELDERS3_Elders3S064.wav	89920
crdo-NRU_F4_TIGER2_Tiger2S062.wav	91040
crdo-NRU_F4_HOUSEBUILDING2_HOUSEBUILDING2_S052.wav	39520
crdo-NRU_F4_FUNERAL_F4_FUNERAL_S030.wav	32480
crdo-NRU_F4_FOOD_SHORTAGE_FoodShortageS089.wav	19840
crdo-NRU_F4_TIGER2_Tiger2S141.wav	67040
crdo-NRU_F4_CARAVANS_CaravansS266.wav	53120
crdo-NRU_F4_FUNERAL_F4_FUNERAL_S063.wav	86400
crdo-NRU_F4_MOUNTAINS_F4_MountainsS153.wav	64160
crdo-NRU_AGRICULTURAL_ACTIVITIES_Agriculture_S015.wav	88800
crdo-NRU_F4_FOOD_SHORTAGE_FoodShortageS060.wav	35360
crdo-NRU_F4_FUNERAL_F4_FUNERAL_S067.wav	38720
crdo-NRU_AGRICULTURAL_ACTIVITIES_Agriculture_S011.wav	55520
crdo-NRU_F4_MUSHROOMS_MUSHROOMS_S138.wav	59840
crdo-NRU_F4_CARAVANS_CaravansS006.wav	63040
crdo-NRU_F4_ELDERS3_Elders3S022.wav	43200
crdo-NRU_Mariage_De_La_Soeur_V3_Sister3_S084.wav	76000
crdo-NRU_AGRICULTURAL_ACTIVITIES_Agriculture_S089.wav	46880
crdo-NRU_Mariage_De_La_Soeur_V3_Sister3_S065.wav	42720
crdo-NRU_F4_TIGER2_Tiger2S137.wav	62720
crdo-NRU_F4_TIGER2_Tiger2S018.wav	44480
crdo-NRU_F4_DOG2_Dog2S094.wav	24000
crdo-NRU_F4_MUSHROOMS_MUSHROOMS_S038.wav	22400
crdo-NRU_F4_FOOD_SHORTAGE_FoodShortageS077.wav	107680
crdo-NRU_F4_FUNERAL_F4_FUNERAL_S023.wav	70080
crdo-NRU_F4_FOOD_SHORTAGE2_FOOD_SHORTAGE2S063.wav	57760
crdo-NRU_F4_HOUSEBUILDING2_HOUSEBUILDING2_S095.wav	32320
crdo-NRU_F4_ELDERS3_Elders3S023.wav	184800
crdo-NRU_F4_MUSHROOMS_MUSHROOMS_S072.wav	32320
crdo-NRU_F4_RENAMING_RenamingS025.wav	131520
crdo-NRU_AGRICULTURAL_ACTIVITIES_Agriculture_S069.wav	20640
crdo-NRU_F4_HOUSEBUILDING2_HOUSEBUILDING2_S275.wav	75360
crdo-NRU_F4_HOUSEBUILDING2_HOUSEBUILDING2_S215.wav	45440
crdo-NRU_AGRICULTURAL_ACTIVITIES_Agriculture_S068.wav	21600
crdo-NRU_AGRICULTURAL_ACTIVITIES_Agriculture_S104.wav	27360
crdo-NRU_F4_HOUSEBUILDING2_HOUSEBUILDING2_S214.wav	44640
crdo-NRU_Mariage_De_La_Soeur_V3_Sister3_S055.wav	42400
crdo-NRU_Naissance_du_Lac_V3_Lake3_S029.wav	113280
crdo-NRU_AGRICULTURAL_ACTIVITIES_Agriculture_S018.wav	87200
crdo-NRU_F4_CARAVANS_CaravansS275.wav	69920
crdo-NRU_F4_HOUSEBUILDING2_HOUSEBUILDING2_S072.wav	24320
crdo-NRU_F4_HOUSEBUILDING2_HOUSEBUILDING2_S130.wav	51840
crdo-NRU_F4_SEEDS_SeedsS001.wav	31520
crdo-NRU_F4_HEALING_HealingS016.wav	55520
crdo-NRU_AGRICULTURAL_ACTIVITIES_Agriculture_S106.wav	36800
crdo-NRU_F4_FUNERAL_F4_FUNERAL_S203.wav	46560
crdo-NRU_F4_HOUSEBUILDING2_HOUSEBUILDING2_S168.wav	107680
crdo-NRU_F4_FUNERAL_F4_FUNERAL_S102.wav	62080
crdo-NRU_F4_HOUSEBUILDING2_HOUSEBUILDING2_S222.wav	106560
crdo-NRU_F4_ELDERS3_Elders3S067.wav	54240
crdo-NRU_F4_SEEDS_SeedsS014.wav	94240
crdo-NRU_F4_COMING_OF_AGE2_F4_ComingOfAge2S020.wav	68000
crdo-NRU_Mariage_De_La_Soeur_V3_Sister3_S002.wav	70240
crdo-NRU_F4_MOUNTAINS_F4_MountainsS089.wav	28320
crdo-NRU_F4_HOUSEBUILDING2_HOUSEBUILDING2_S058.wav	33760
crdo-NRU_F4_FUNERAL_F4_FUNERAL_S072.wav	32480
crdo-NRU_F4_MOUNTAINS_F4_MountainsS025.wav	94240
crdo-NRU_F4_COMING_OF_AGE2_F4_ComingOfAge2S036.wav	81600
crdo-NRU_F4_COMING_OF_AGE2_F4_ComingOfAge2S110.wav	24160
crdo-NRU_F4_TIGER2_Tiger2S073.wav	115680
crdo-NRU_Mariage_De_La_Soeur_V3_Sister3_S025.wav	42240
crdo-NRU_F4_HEALING_HealingS075.wav	37440
crdo-NRU_F4_COMING_OF_AGE2_F4_ComingOfAge2S087.wav	39360
crdo-NRU_F4_SEEDS_SeedsS049.wav	53280
crdo-NRU_F4_HOUSEBUILDING2_HOUSEBUILDING2_S262.wav	111200
crdo-NRU_F4_MOUNTAINS_F4_MountainsS110.wav	33920
crdo-NRU_AGRICULTURAL_ACTIVITIES_Agriculture_S097.wav	35040
crdo-NRU_AGRICULTURAL_ACTIVITIES_Agriculture_S100.wav	31040
crdo-NRU_F4_HOUSEBUILDING2_HOUSEBUILDING2_S268.wav	38080
crdo-NRU_F4_MOUNTAINS_F4_MountainsS086.wav	42240
crdo-NRU_F4_MUSHROOMS_MUSHROOMS_S029.wav	20160
crdo-NRU_F4_MOUNTAINS_F4_MountainsS143.wav	43680
crdo-NRU_F4_TIGER2_Tiger2S110.wav	71200
crdo-NRU_F4_RENAMING_RenamingS026.wav	79520
crdo-NRU_F4_TIGER2_Tiger2S094.wav	38560
crdo-NRU_F4_MUSHROOMS_MUSHROOMS_S022.wav	50400
crdo-NRU_F4_TIGER2_Tiger2S056.wav	117920
crdo-NRU_F4_MUSHROOMS_MUSHROOMS_S063.wav	52800
crdo-NRU_F4_COMING_OF_AGE2_F4_ComingOfAge2S079.wav	29280
crdo-NRU_F4_FOOD_SHORTAGE2_FOOD_SHORTAGE2S034.wav	47360
crdo-NRU_F4_HOUSEBUILDING2_HOUSEBUILDING2_S108.wav	67680
crdo-NRU_F4_CARAVANS_CaravansS246.wav	73120
crdo-NRU_AGRICULTURAL_ACTIVITIES_Agriculture_S071.wav	72480
crdo-NRU_F4_CARAVANS_CaravansS114.wav	27040
crdo-NRU_F4_CARAVANS_CaravansS256.wav	62400
crdo-NRU_F4_FOOD_SHORTAGE2_FOOD_SHORTAGE2S035.wav	38080
crdo-NRU_F4_SEEDS_SeedsS025.wav	50720
crdo-NRU_F4_ELDERS3_Elders3S042.wav	41440
crdo-NRU_F4_HOUSEBUILDING2_HOUSEBUILDING2_S356.wav	42400
crdo-NRU_Mariage_De_La_Soeur_V3_Sister3_S038.wav	101920
crdo-NRU_F4_CARAVANS_CaravansS033.wav	34880
crdo-NRU_F4_FOOD_SHORTAGE_FoodShortageS085.wav	39840
crdo-NRU_F4_SEEDS_SeedsS040.wav	39520
crdo-NRU_Mariage_De_La_Soeur_V3_Sister3_S075.wav	63680
crdo-NRU_F4_HOUSEBUILDING2_HOUSEBUILDING2_S182.wav	91200
crdo-NRU_F4_FUNERAL_F4_FUNERAL_S029.wav	85120
crdo-NRU_AGRICULTURAL_ACTIVITIES_Agriculture_S014.wav	167840
crdo-NRU_F4_TIGER2_Tiger2S074.wav	29120
crdo-NRU_F4_FUNERAL_F4_FUNERAL_S166.wav	76160
crdo-NRU_F4_CARAVANS_CaravansS184.wav	103520
crdo-NRU_F4_FUNERAL_F4_FUNERAL_S125.wav	176640
crdo-NRU_F4_SEEDS_SeedsS047.wav	67360
crdo-NRU_F4_MUSHROOMS_MUSHROOMS_S009.wav	38400
crdo-NRU_F4_ELDERS3_Elders3S044.wav	143840
crdo-NRU_F4_HOUSEBUILDING2_HOUSEBUILDING2_S086.wav	126400
crdo-NRU_F4_CARAVANS_CaravansS079.wav	48320
crdo-NRU_F4_TIGER2_Tiger2S070.wav	122560
crdo-NRU_F4_MUSHROOMS_MUSHROOMS_S089.wav	50080
crdo-NRU_F4_SEEDS_SeedsS034.wav	10240
crdo-NRU_F4_TIGER2_Tiger2S047.wav	111840
crdo-NRU_F4_MOUNTAINS_F4_MountainsS071.wav	55360
crdo-NRU_F4_HOUSEBUILDING2_HOUSEBUILDING2_S217.wav	43840
crdo-NRU_F4_MOUNTAINS_F4_MountainsS047.wav	42560
crdo-NRU_F4_CARAVANS_CaravansS081.wav	120480
crdo-NRU_F4_MOUNTAINS_F4_MountainsS006.wav	53600
crdo-NRU_F4_HOUSEBUILDING2_HOUSEBUILDING2_S345.wav	24160
crdo-NRU_F4_CARAVANS_CaravansS156.wav	105760
crdo-NRU_F4_FOOD_SHORTAGE_FoodShortageS033.wav	57120
crdo-NRU_Mariage_De_La_Soeur_V3_Sister3_S078.wav	77440
crdo-NRU_F4_SEEDS_SeedsS074.wav	53280
crdo-NRU_F4_CARAVANS_CaravansS038.wav	6880
crdo-NRU_Mariage_De_La_Soeur_V3_Sister3_S003.wav	77280
crdo-NRU_F4_FUNERAL_F4_FUNERAL_S060.wav	20320
crdo-NRU_F4_HOUSEBUILDING2_HOUSEBUILDING2_S030.wav	27680
crdo-NRU_F4_MUSHROOMS_MUSHROOMS_S001.wav	68480
crdo-NRU_F4_FUNERAL_F4_FUNERAL_S064.wav	37440
crdo-NRU_Naissance_du_Lac_V3_Lake3_S040.wav	53280
crdo-NRU_AGRICULTURAL_ACTIVITIES_Agriculture_S010.wav	130880
crdo-NRU_F4_HEALING_HealingS099.wav	67200
crdo-NRU_F4_TIGER2_Tiger2S050.wav	92160
crdo-NRU_AGRICULTURAL_ACTIVITIES_Agriculture_S037.wav	47360
crdo-NRU_F4_MOUNTAINS_F4_MountainsS161.wav	54880
crdo-NRU_F4_HOUSEBUILDING2_HOUSEBUILDING2_S144.wav	48480
crdo-NRU_Mariage_De_La_Soeur_V3_Sister3_S050.wav	48000
crdo-NRU_F4_FUNERAL_F4_FUNERAL_S251.wav	38400
crdo-NRU_F4_DOG2_Dog2S033.wav	31200
crdo-NRU_F4_HOUSEBUILDING2_HOUSEBUILDING2_S326.wav	37760
crdo-NRU_F4_CARAVANS_CaravansS244.wav	69920
crdo-NRU_F4_HEALING_HealingS058.wav	40640
crdo-NRU_F4_FOOD_SHORTAGE2_FOOD_SHORTAGE2S071.wav	18880
crdo-NRU_F4_HOUSEBUILDING2_HOUSEBUILDING2_S260.wav	59680
crdo-NRU_F4_CARAVANS_CaravansS169.wav	81920
crdo-NRU_F4_HOUSEBUILDING2_HOUSEBUILDING2_S093.wav	71520
crdo-NRU_F4_CARAVANS_CaravansS168.wav	74560
crdo-NRU_F4_SEEDS_SeedsS053.wav	52320
crdo-NRU_F4_HOUSEBUILDING2_HOUSEBUILDING2_S342.wav	97600
crdo-NRU_Mariage_De_La_Soeur_V3_Sister3_S091.wav	50240
crdo-NRU_F4_TIGER2_Tiger2S076.wav	88640
crdo-NRU_F4_MUSHROOMS_MUSHROOMS_S052.wav	65600
crdo-NRU_F4_HOUSEBUILDING2_HOUSEBUILDING2_S322.wav	83360
crdo-NRU_F4_HOUSEBUILDING2_HOUSEBUILDING2_S288.wav	45760
crdo-NRU_F4_HOUSEBUILDING2_HOUSEBUILDING2_S079.wav	52960
crdo-NRU_F4_FOOD_SHORTAGE_FoodShortageS088.wav	49920
crdo-NRU_F4_FOOD_SHORTAGE_FoodShortageS005.wav	70080
crdo-NRU_F4_MUSHROOMS_MUSHROOMS_S150.wav	213600
crdo-NRU_F4_TIGER2_Tiger2S016.wav	30560
crdo-NRU_F4_CARAVANS_CaravansS153.wav	80960
crdo-NRU_Naissance_du_Lac_V3_Lake3_S043.wav	28000
crdo-NRU_F4_CARAVANS_CaravansS007.wav	66720
crdo-NRU_F4_COMING_OF_AGE2_F4_ComingOfAge2S107.wav	79680
crdo-NRU_F4_HOUSEBUILDING2_HOUSEBUILDING2_S092.wav	41600
crdo-NRU_F4_HOUSEBUILDING2_HOUSEBUILDING2_S143.wav	28960
crdo-NRU_F4_CARAVANS_CaravansS249.wav	42240
crdo-NRU_F4_TIGER2_Tiger2S087.wav	32000
crdo-NRU_F4_FUNERAL_F4_FUNERAL_S054.wav	21280
crdo-NRU_AGRICULTURAL_ACTIVITIES_Agriculture_S088.wav	27680
crdo-NRU_F4_FOOD_SHORTAGE2_FOOD_SHORTAGE2S072.wav	30240
crdo-NRU_F4_CARAVANS_CaravansS013.wav	57760
crdo-NRU_F4_CARAVANS_CaravansS115.wav	48640
crdo-NRU_F4_MOUNTAINS_F4_MountainsS014.wav	60480
crdo-NRU_F4_MOUNTAINS_F4_MountainsS097.wav	106880
crdo-NRU_F4_MOUNTAINS_F4_MountainsS037.wav	44960
crdo-NRU_F4_HOUSEBUILDING2_HOUSEBUILDING2_S162.wav	34400
crdo-NRU_F4_HOUSEBUILDING2_HOUSEBUILDING2_S105.wav	67200
crdo-NRU_F4_MUSHROOMS_MUSHROOMS_S102.wav	38240
crdo-NRU_Mariage_De_La_Soeur_V3_Sister3_S137.wav	32320
crdo-NRU_Mariage_De_La_Soeur_V3_Sister3_S128.wav	51360
crdo-NRU_Mariage_De_La_Soeur_V3_Sister3_S040.wav	60480
crdo-NRU_F4_CARAVANS_CaravansS221.wav	45440
crdo-NRU_Mariage_De_La_Soeur_V3_Sister3_S032.wav	41440
crdo-NRU_F4_TIGER2_Tiger2S088.wav	77120
crdo-NRU_F4_FOOD_SHORTAGE_FoodShortageS102.wav	78880
crdo-NRU_Naissance_du_Lac_V3_Lake3_S019.wav	36320
crdo-NRU_F4_SEEDS_SeedsS061.wav	186880
crdo-NRU_AGRICULTURAL_ACTIVITIES_Agriculture_S059.wav	39360
crdo-NRU_F4_DOG2_Dog2S082.wav	71200
crdo-NRU_F4_COMING_OF_AGE2_F4_ComingOfAge2S021.wav	50240
crdo-NRU_F4_MOUNTAINS_F4_MountainsS113.wav	40320
crdo-NRU_AGRICULTURAL_ACTIVITIES_Agriculture_S053.wav	73920
crdo-NRU_Mariage_De_La_Soeur_V3_Sister3_S113.wav	58400
crdo-NRU_F4_HOUSEBUILDING2_HOUSEBUILDING2_S023.wav	48640
crdo-NRU_F4_FOOD_SHORTAGE_FoodShortageS104.wav	64800
crdo-NRU_F4_HEALING_HealingS047.wav	79520
crdo-NRU_F4_SEEDS_SeedsS038.wav	40160
crdo-NRU_F4_HOUSEBUILDING2_HOUSEBUILDING2_S360.wav	45120
crdo-NRU_F4_DOG2_Dog2S113.wav	46400
crdo-NRU_F4_FUNERAL_F4_FUNERAL_S167.wav	74240
crdo-NRU_F4_DOG2_Dog2S093.wav	77120
crdo-NRU_Mariage_De_La_Soeur_V3_Sister3_S121.wav	39200
crdo-NRU_F4_FUNERAL_F4_FUNERAL_S094.wav	66080
crdo-NRU_F4_HEALING_HealingS055.wav	48640
crdo-NRU_F4_FOOD_SHORTAGE2_FOOD_SHORTAGE2S014.wav	67680
crdo-NRU_F4_MOUNTAINS_F4_MountainsS067.wav	42080
crdo-NRU_Mariage_De_La_Soeur_V3_Sister3_S057.wav	45600
crdo-NRU_F5_AHABALA1_F5_Ahabala1S010.wav	163840
crdo-NRU_F4_FOOD_SHORTAGE2_FOOD_SHORTAGE2S039.wav	85600
crdo-NRU_F4_MOUNTAINS_F4_MountainsS158.wav	107840
crdo-NRU_F4_MUSHROOMS_MUSHROOMS_S057.wav	19680
crdo-NRU_F4_FUNERAL_F4_FUNERAL_S194.wav	73280
crdo-NRU_F4_DOG2_Dog2S015.wav	110560
crdo-NRU_F4_HOUSEBUILDING2_HOUSEBUILDING2_S197.wav	37920
crdo-NRU_F4_RENAMING_RenamingS007.wav	45920
crdo-NRU_F4_MOUNTAINS_F4_MountainsS027.wav	88640
crdo-NRU_F4_COMING_OF_AGE2_F4_ComingOfAge2S034.wav	50880
crdo-NRU_F4_FUNERAL_F4_FUNERAL_S179.wav	51520
crdo-NRU_F4_DOG2_Dog2S053.wav	98400
crdo-NRU_F4_SEEDS_SeedsS043.wav	41440
crdo-NRU_F4_TIGER2_Tiger2S138.wav	30240
crdo-NRU_AGRICULTURAL_ACTIVITIES_Agriculture_S055.wav	54080
crdo-NRU_F4_MUSHROOMS_MUSHROOMS_S135.wav	85760
crdo-NRU_F4_FUNERAL_F4_FUNERAL_S146.wav	60000
crdo-NRU_F4_FOOD_SHORTAGE_FoodShortageS069.wav	35200
crdo-NRU_F4_CARAVANS_CaravansS140.wav	85600
crdo-NRU_F4_SEEDS_SeedsS045.wav	11200
crdo-NRU_F4_HOUSEBUILDING2_HOUSEBUILDING2_S270.wav	60160
crdo-NRU_F4_FOOD_SHORTAGE2_FOOD_SHORTAGE2S074.wav	34240
crdo-NRU_Mariage_De_La_Soeur_V3_Sister3_S006.wav	40640
crdo-NRU_F4_FUNERAL_F4_FUNERAL_S157.wav	60160
crdo-NRU_F4_MUSHROOMS_MUSHROOMS_S028.wav	45920
crdo-NRU_F4_FUNERAL_F4_FUNERAL_S128.wav	39200
crdo-NRU_F4_DOG2_Dog2S047.wav	76640
crdo-NRU_F4_FOOD_SHORTAGE2_FOOD_SHORTAGE2S085.wav	25120
crdo-NRU_F4_CARAVANS_CaravansS203.wav	60000
crdo-NRU_F4_HOUSEBUILDING2_HOUSEBUILDING2_S107.wav	139200
crdo-NRU_F4_FOOD_SHORTAGE_FoodShortageS111.wav	97280
crdo-NRU_F4_COMING_OF_AGE2_F4_ComingOfAge2S029.wav	56800
crdo-NRU_F4_MOUNTAINS_F4_MountainsS141.wav	20000
crdo-NRU_F4_CARAVANS_CaravansS016.wav	90880
crdo-NRU_F4_FUNERAL_F4_FUNERAL_S180.wav	35200
