Reference,Prediction
tʰi˩˥|le˧qæ˧˥|mv̩˩mɤ˩tʰɑ˥dʑo˩|tʰi˩˥|hĩ˧ɳɯ˩|le˧wo˧˥|ə˧mv̩˧ki˥|,tʰi˩˥ le˧qæ˧˥ ɳv̩˩ mɤ˧tʰɑ˥ dʑo˩ tʰi˩˥ hĩ˧ɳɯ˩ le˧wo˧˥ ə˧mv̩˧ki˥
hæ˧ni˩|tʰi˧ʑi˧mɤ˥kv̩˩mæ˩|tʰi˧dzi˩kʰɯ˩|,hæ˧ni˩ tʰi˧ʑi˧mɤ˥kv̩˩mæ˩ tʰi˧dzi˩kʰɯ˩
njo˩kæ˧tɕi˩ɲi˥|pi˧hĩ˧|ʈʰææ̃˧|kʰɯ˧tsʰɤ˧po˥ɳɯ˩|tsɑ˧di˧ɲi˥ɖwæ˧˥|tʰi˧di˩kv̩˩|,ɲi˩kæ˧˥ tɕɤ˧ɲi˥pi˩hĩ ʈʰææ̃˧ kʰɯ˧sʰɤ˧po˥ɳɯ˩ tsɑ˩di˧ɲi˥ ɖwæ˧˥ tʰi˧di˩kv̩˩
njæ˧sɯ˩kv̩˩dʑo˩|ə˧v̩˧ɲi˥ze˩mæ˩|tʰi˩˥|kɤ˧zo˧mv̩˥ʈʂæ˩kv̩˩mæ˩|kɤ˧zo˧tsʰɯ˩ɻ̍˩|pi˧zo˩|kɤ˧zo˧mv̩˥ʈʂæ˩kv̩˩mæ˩|,njæ˧sɯ˩kv̩˩dʑo˩ ə˧v̩˧ɲi˥ze˩mæ˩ tʰi˩˥ kɯ˧zo˧mv̩˥ʈʂæ˩kv̩˩mæ˩ kɤ˧zo˧tsʰɯ˩ pi˧zo˩ kɤ˧zo˧mv̩˥ʈʂæ˧kv̩˩mæ˩
kʰi˧|tʰi˧dzɤ˩|mv̩˩˥|dʑo˩|tʰi˩˥|le˧ɖwæ˩zo˩|zəəə…no˧,kʰi˧˥ tʰi˧dzi˩ mv̩˩˥ dʑo˩ tʰi˩˥ le˧ɖɤ˩zo˩ oə̃əno˧
tɕʰɤ˧ɲi˧ne˧ʝi˥|ʐo˩˥|le˧po˧˥|hõ˧|pi˧dʑo˩|zo˧bæ˩|ɖɯ˧v̩˧ɳɯ˧|mɤ˧ɲi˧|pi˧tsɯ˩mv̩˩|ɑ˩ʁo˧|,tɕʰɤ˧ɲi˧le˧ʝi˩ ʐo˩˥ le˧po˧˥hõ˩ pi˧dʑo˩ zo˧bæ˧ ɖɯ˧v̩˧ɳɯ˧ mɤ˧ɲi˩ pi˥tsɯ˩ mv̩˩ ɑ˩ʁo˧
sɑ˧|mv̩˧di˩dʑo˩ho˩ze˩pi˩|tʰi˩˥|sɑ˧pʰo˩|mmm…wo˩pʰo˩˥|,sɑ˧ mv̩˧di˩dʑo˩ho˩ze˩pi˩ tʰi˩˥ sɑ˧pʰo˩ mm…ʁwo˩pʰo˧˥
tʰi˩˥|ə˧si˧le˧mo˩hĩ˩tʰv̩˩v̩˩|ʈʰææ̃˧|dʑo˩tʰi˩˥|mmm…zo˩no˥|mmm…hĩ˧|no˧ɻ̍˩|qʰɑ˧ʈʂʰæ˧gv̩˧hĩ˧dʑo˧˥|kwɤ˩tɕɯ˩lɑ˩|tʰi˩˥|ʈʂʰɯ˧v̩˧dʑo˩|wɤ˩˥|ki˧kv̩˥mæ˩|,tʰi˩˥ ə˧si˧le˧mo˩hĩ˩tʰv̩˩v̩˧ tʰɯæ˧ɻæ˧dʑo˩ tʰi˩˥ mm…zo˩no˥ nhĩ˧no˧ɻ̍˩ qʰɑ˧ʈʂʰæ˧gv̩˧hĩ˧dʑo˧˥ kwɤ˩tɕɯ˩lɑ˩ tʰi˩˥ ʈʂʰɯ˧v̩˧dʑo˩ wɤ˩˥ ki˧kv̩˧˥ mæ˩
ʁwɤ˧qo˧|ʐv̩˧tsʰi˩ʑi˩dʑo˩bi˩bi˩|zo˩no˥|əəə…ʐv̩˧tsʰi˩ʑi˩|le˧ʈʂv̩˩se˩dʑo˩|wɤ˩˥|ɑ˩pʰo˩˥|gæ˧ɻæ˩|əəə…lɑ˧ŋwɤ˧|qʰæ˧tɕʰi˧|tʰv̩˧ə˧zɯ˩|qʰwɤ˩ɖɯ˩dʑo˩˥|pi˧|,ʁwɤ˧qo˧ ʐv̩˧tsʰi˩ʑi˩dʑo˩bi˩bi˩ zo˩no˥ əə…ʐv̩˧tsʰi˩ʑi˩ le˧ʈʂv̩˩se˩dʑo˩ wɤ˩˥ ɑ˩pʰo˩˥ gæ˧ɻæ˩ əə…lɑ˧ŋwɤ˧ qʰæ˧tɕʰi˥ tʰv̩˧ ə˧zɯ˩ qʰwɤ˩ɖɯ˩dʑo˩˥ pi˧
wɤ˩˥|le˧lɑ˧˥|wɤ˩˥|ɑ˩ʁo˧|tʰi˧tɕɯ˥|wɤ˩˥|ʝi˧lv̩˧˥|ʈʂʰɯ˧lɑ˩ɲi˩wɤ˩|,wɤ˩˥ le˧lɑ˧˥ wɤ˩˥ ɑ˩ʁo˧ tʰi˧tɕɯ˥ wɤ˩˥ ʝi˧lv̩˥ ʈʂʰɯ˧lɑ˩ɲi˩wɤ˩
mmm…ʁo˧qʰwɤ˩|le˧pv̩˩kʰɯ˩|,mm…ʁo˧qʰwɤ˩ le˧pv̩˩kʰɯ˩
tʰi˩˥|njæ˧sɯ˩kv̩˩|hĩ˧|ɲi˧tsi˧kv̩˧ɲi˥|ə˩gi˩|lɑ˧tʰɑ˧mi˧ɻ̍˧pi˥|,tʰi˩˥ njæ˧sɯ˩kv̩˩ hĩ˧ ɲi˧tsi˧kv̩˧ɲi˥ ə˩gi˩˥ lɑ˧tʰɑ˧mi˧ɻ̍˧pi˥
tʰv̩˧v̩˧ʂɯ˧se˥kwɤ˩tɕɯ˩lɑ˩|kʰv̩˧ʈʂʰɯ˧|ɲi˧kʰv̩˧so˧kʰv̩˥|le˧ʂɯ˧ze˧le˧ʂe˧mɤ˧ɖɯ˧|ɲi˧kʰv̩˧so˧kʰv̩˥|le˧ʂɯ˧ze˧le˧ʂe˧mɤ˧ɖɯ˧|ʈʂʰɯ˧|tsʰe˩kʰv̩˩hĩ˥|ɖɯ˧v̩˧ɳɯ˧ʈʂʰɯ˧|ʈʂʰɯ˧lɑ˩|ɑ˩ʁo˧|tʰi˧pʰæ˧dʑo˥|hɑ˧|tʰi˧ki˧dʑo˩|gɯ˩ʝi˥|tsʰe˩kʰv̩˩ze˩gv̩˩ɳɯ˥|ʂɯ˧|,ʈʂʰɯ˧v̩˧ʂɯ˧se˥kʰwɤ˩tɕɯ˩ɑ kʰv̩˧ʈʂʰɯ˧ ɲi˧kʰv̩˧sʰo˧kʰwɤ˥ le˧ʂɯ˧ze˧ ɲi˧kʰv̩˧tsʰo˧kʰv̩˥ le˧ʂɯ˧ze˧ ʈʂʰɯ˧ tsʰe˩kʰv̩˩hĩ˥ ɖɯ˧v̩˧ɳɯ˧ ʈʂʰɯ˧ ʈʂʰɯ˧lɑ˩ ɑ˩ʁo˧ tʰi˧pʰæ˧dʑo˥ hɑ˧ tʰi˧ki˧ dʑo˩ gɯ˩ʝi˥ tsʰe˩kʰv̩˩ze˩gv̩˩ɳɯ˥ʂɯ˩
ə˧mi˧|dzɑ˧hĩ˧ki˧|ə˧sɯ˩kv̩˩|tɑ˧ho˧bi˧ze˧|pi˧|dʑɤ˩hĩ˧ki˧|tɑ˧ho˧bi˧ze˧|pi˧|,ə˧mi˧dzɑ˧hĩ˧ki˧ ə˩sɯ˩kv̩˩ tɑ˧ho˧bi˩ze˩ pi˧ dʑɤ˩hĩ˧ki˥ tɑ˧hwɤ˧bi˧ze˩ pi˧
qwæ˩ʈʂæ˩qo˥|sɑ˧|tʰi˧ʈʰæ˧˥|ʈʂʰɖɯ˧kʰwɤ˥ɖɯ˩kʰwɤ˩|le˧kʰi˥|ʈʂʰɯ˧ne˧ʝi˥|le˧ɲi˩|,qwæ˩ɖʐæ˩qo˥ sɑ˧ tʰi˧ʈʰæ˧˥ ɖɯ˧ʈʰɯ˧kʰwɤ˥ɖɯ˩kʰwɤ˩ le˧ʝi˧kʰi˧˥ ʈʂʰɯ˧ne˧ʝi˥ le˧ɲi˩
njæ˧ɻæ˩dʑo˩|kʰv̩˩mi˩pi˥hĩ˩dʑo˩|ɑ˩ʁo˥|ʈʰææ̃˧|kʰv̩˧ʂe˧|le˧ʁhĩ˧ɻæ˥|ʝi˧kʰv̩˥|ɑ˩ʁo˥|kʰv̩˧ʂe˧tɕɤ˧kʰɯ˥|mɤ˧kv̩˧˥|,nij̃˧ɻæ˩dʑo˩ kʰv̩˩mi˩pi˥hĩ˩dʑo˩ ɑ˩ʁo˧ ʈʰææ̃˧ kʰv̩˧ɯ le˧ʁohĩ˧ɻæ˥ ʝi˧kʰv̩˥ ɑ˩ʁo˧ kʰv̩˧ʂe˧ tɕɤ˩kʰɯ˥ mɤ˧kv̩˧
ʈʂʰɯ˧ne˧ʝi˥|ɖɯ˧hɑ̃˧˥|ɖɯ˧hɑ̃˧˥|ɖɯ˧hɑ̃˧ɳɯ˥|tʰi˩˥|bi˧lo˧gv̩˩|so˩hɑ̃˩hɑ̃˥kv̩˩tsɯ˩|mv̩˩,ʈʂʰɯ˧ne˧ʝi˥ ɖɯ˧hɑ̃˧ ɖɯ˧hɑ̃˧ ɖɯ˧hɑ̃˧ɳɯ˥ tʰi˩˥ bi˧ lo˧gv̩˩ so˩hɑ̃˩hɑ̃˥kv̩˩tsɯ˩ mv̩˩
ə˧tso˧ɲi˩kv̩˩hɤ˩|pi˧zo˩|,ə˧tso˧hĩ˧ɲi˩kv̩˩hɯ˩ pi˧zo˩
zo˩no˧ne˩ʝi˩zo˩|ə˧tso˧ə˧tso˥|ɖɯ˧qʰwɤ˧ɖɯ˥qʰwɤ˩|pi˧zo˩|ɖɯ˧ʈʂo˩ɖɯ˩ʈʂo˩|dʑo˧mɤ˧kv̩˧˥|,zo˩no˧ni˩dzo˩ ə˧tso˧ə˧tso˥ ɖɯ˧qʰwɤ˧ɖɯ˧qʰwɤ˧pi˥zo˩ ɖɯ˧ʈʂo˩ɖɯ˧ʈʂo˩ dʑo˩mɤ˩kv̩˩
le˧dzɯ˥zo˩|tʰi˩˥|ʈʂʰɯ˧ne˧ʝi˥|le˧ʈʰæ˧˥|dʑo˩|mɤ˩ʈʂʰɯ˥|tʰi˧di˩|le˧tsʰɯ˩tsɯ˩mv̩˩|,le˧dzɯ˧zo˥ tʰi˩˥ ʈʂʰɯ˧ne˧ʝi˥ le˧ʈʰæ˧˥ dʑo˩ mo˩ʈʂʰɯ˥ tʰi˧di˩le˩tsɯ˩tsɯ˩ mv̩˩
tʰi˩˥|dɑ˧pɤ˧|ʈʂʰɯ˧v̩˧ɳɯ˩|ɖɯ˧ʑi˩ɖɯ˩ʑi˩|mv̩˧ɻwæ˧kv̩˩ze˩|,tʰi˩˥ dɑ˧pɤ˧ ʈʂʰɯ˧v̩˧ɳɯ˧ ɖɯ˧ʑi˩ɖɯ˩ʑi˩ mv̩˧ɻæ˩kv̩˩ze˩mæ˩
tʰi˩˥|ə˧ʑi˧˥|ʁɑ˩mi˧|njɤ˧|tso˩bi˩zo˩ʝi˩˥|ʁɑ˩mi˧|tʰi˩˥|qʰɑ˩ne˩˥|tso˩bi˩˥|pi˧tsɯ˩|mv̩˩|,tʰi˩˥ ə˧ʑi˧˥ ʁɑ˩mi˧ njɤ˧ tso˧bi˧ zo˩ʝi˥ ʁɑ˩mi˧ tʰi˩˥ qʰɑ˩ne˩˥ tso˩bi˩˥ pi˧tsɯ˩ mv̩˩
ə˧dɑ˧|no˧|qʰɑ˩ne˩ʝi˥tso˩ɲi˩|ʈʂʰɯ˧ne˧ʝi˥se˩|hɑ˧ʐwɤ˩zo˩,ə˧dɑ˥ɳɯ˩ qʰɑ˩ne˩ʝi˥tso˧ɲi˩ ʈʂʰɯ˧ne˧ʝi˥se˩ hɑ˧ʐwɤ˩zo˩
ʈʂʰɯ˧ɲi˥kv̩˩qo˩|kʰɯ˧le˧po˧tsʰɯ˧˥|mv̩˩zɯ˩˥|tʰi˧lɑ˧˥|dʑo˩|zo˩no˥|zo˩no˥|njæ˧sɯ˩kv̩˩|ə˧ʝi˧ʂɯ˥ʝi˩|zo˩no˥|hĩ˧ɻæ˥|ʈæ˧bɤ˧ʁɑ˧ʂe˩|ə˩gi˩|,ʈʂʰɯ˧ɲi˥kʰv̩˩qo˩kʰɯ˩le˧po˧tsʰɯ˧˥ mv̩˩dzɯ˩˥ tʰi˧lɑ˧˥ dʑo˩ zo˩no˥ zo˩no˥ njæ˧sɯ˩kv̩˩ ə˧ʝi˧ʂɯ˥ʝi˩ zo˩no˥ hĩ˧ɻæ˥ ʈæ˧bɤ˧ʁɑ˧ʂe˩ ə˩gi˩
ʂe˧ʐe˧|ɖɯ˧ʐe˥|ʂe˧sɑ˩|ɖɯ˧sɑ˧˥|əʐɯ˧ɖɯ˧kɤ˩|əəə…pɤ˩jɤ˧ɖɯ˧qo˧ho˩|dze˧|pɤ˩jɤ˧|ʈʂwæ˧ʈʂwæ˧|ɖɯ˧qo˧ho˩|tʰi˩˥|le˧pɤ˥pɤ˩|,ʂe˧ʐe˧ɖɯ˧ʐɯ˧˥ ʂe˧sɑ˩ ɖɯ˧sɑ˥ əʐɯ˧ ɖɯ˧kɤ˩ əə…pɤ˩jɤ˧˥ ɖɯ˧qo˥ho˩ dze˧ pɤ˩jɤ˧˥ ʈʂwæ˩ʈʂwæ˧˥ ɖɯ˧qo˧ho˩ tʰi˩˥ le˧pɤ˥pɤ˩
ə˧ʝi˧ʂɯ˥ʝi˩|le˧go˩|le˧go˩|le˧go˩|le˧go˩dʑo˩|tsʰi˧ɲi˧|le˧go˩|ʈʂʰæ˧ɣɯ˧mɤ˧dʑo˧|hu˧mi˧ʈʂʰæ˧ɣɯ˧mɤ˧dʑo˧|ə˩gi˩|,ə˧ʝi˧ʂɯ˥ʝi˩ le˧go˩ le˧go˩ le˧go˩ le˧wgo˩dʑo˩ tsʰi˧ɲi˧ le˧go˩ ʈʂʰæ˧ɣɯ˧mɤ˧dʑo˧ hu˧mi˧ʈʂʰæ˧ɣɯ˧ mɤ˧dʑo˧ ə˩gi˩
kv̩˧tʰv̩˧|õ˧bv̩˥õ˩le˩tv̩˩|ɖɯ˧ʑi˩ɳɯ˩|kv̩˧|ɲi˧ɭɯ˧so˩ɭɯ˩po˩|ɖɯ˧v̩˧tʰi˧tɕɤ˧˥|,kv̩˧tɕʰo˧ õ˧bv̩˥õ˩ le˧tv̩˧˥ ɖɯ˧ʑi˩ɳɯ˩kv̩˩˥ ɲi˧ɭɯ˧so˧ɭɯ˩po˩ ɖɯ˧wɤ˧ tʰi˧tɕɤ˧˥
tʰi˧dʑo˧|tʰi˧wɤ˧|wɤ˧mɤ˧kv̩˩lɑ˩|tʰi˧ʂe˧|tʰi˧kʰɤ˧ɕjɤ˧ɻ˧ɲi˥jɤjɤ|,tʰi˧dʑo˧ tʰi˧wɤ˧ wɤ˧mɤ˧kv̩˩lɑ˩ tʰi˧ʂe˧ tʰi˧kʰɤ˧ɕjɤ˧ɻ˧ɲi˥jɤ
hĩ˧ʈʂʰɯ˧|qʰɑ˩jɤ˩dʑo˩ɲi˥tsɯ˩mv̩˩|tʰi˩˥|ʈʂʰɯ˧ne˧ʝi˥|ʈʂʰɯ˧dʑo˩|zo˩no˥|pʰe˧|ʈʂʰɯ˧ɻ̍˩se˩|mi˩zɯ˩dʑo˩˥|se˩|ɖwæ˩mɤ˧zo˧|ʂɯ˧ɬi˧mi˧mo˧ɖʐv̩˥ne˩|ɖʐv̩˧kv̩˧mæ˩|pi˧|,hĩ˧ʈʂʰɯ˧ qʰɑ˩jɤ˩dʑo˩ɲi˥tsɯ˩ mv̩˩ tʰi˩˥ ʈʂʰɯ˧ne˧ʝi˥ ʈʂʰɯ˧dʑo˩ zo˩no˥ pʰe˧ ʈʂʰɯ˧ɻ̍se˩ mi˩zɯ˩dʑo˩˥se˩ ɖwɯ˧mɤ˥zo˧ ʂɯ˧ɬi˧mi˧mo˧ɖʐv̩˥ni˩ ɖʐv̩˧kv̩˩mæ˩ pi˧
ə˧mi˧ɻæ˩|ɲi˧mi˧qʰæ˧ʂæ˧|pʰi˩dɑ˩˥|sɑ˧le˧ɲi˩|,ə˧mi˧ɻæ˩ ɲi˧mi˧ʈʰɯqʰæ˧ʂʂæ˧ pʰi˩dɑ˧˥ sɑ˧ le˧ɲi˩
ə˧ʝi˧ʂɯ˥ʝi˩|ɬɑ˧sɑ˧hɯ˧dʑo˥|zo˧ʈʂʰɯ˧|le˧wo˥|le˧jo˩mɤ˩kv̩˩ze˩tsɯ˩|mv̩˩,ə˧ʝi˧ʂɯ˥ʝi˩ ɬɑ˧sɑ˧hɯ˧dʑo˥ zo˧ʈʂʰɯ˧ le˧wo˥ le˧jo˩mɤ˩kv̩˩ze˩tsɯ˩ mv̩˩
no˧mɤ˧dʑo˧|njɤ˧ki˧ki˩|njɤ˧mɤ˧dʑo˧|no˧ki˧ki˩|,no˧ mɤ˧dʑo˧ njɤ˧ki˧ki˩ njɤ˧mɤ˧dʑo˧ no˧ki˧ki˩
zo˩no˥|to˩mi˩˥|ɑ˩ʁo˧|to˩mi˩˥|ə˧mɑ˧ki˩|tʰi˧di˩mɤ˩di˩|ə˩gi˩|m|,zo˩no˥ to˩mi˩˥ ɑ˩ʁo˧ to˩mi˥ ə˧mɑ˧ki˩ tʰi˧di˩mɤ˩di˩ ə˩gi˩ hĩ
wɤ˩˥|ʐɯ˧|ɖɯ˧ʈʰɤ˥tʰi˩kʰɯ˩|dɑ˧pɤ˧|tʰv̩˧v̩˧ɳɯ˩|le˧ʈʂʰo˥|le˧ʈʂʰo˥|,wɤ˩˥ ɖʐɯ˧ ɖɯ˧ʈʰɤ˥tʰi˩kʰɯ˩ dɑ˧pɤ˧ tʂʰɯ˧v̩˧ɳɯ˩ le˧ʈʂʰo˧ le˧ʈʂʰo˧
əəə…ə˧zɯ˩|tsʰi˧qʰæ˧˥dʑo˩|tɕʰi˧mɤ˧bi˧ze˧|le˧wo˥|le˧bi˩ze˩|pi˧zo˩|ə˧mi˧lɑ˧|mv̩˩lɑ˥|tʰi˩˥|di˩li˩ʁo˩bv̩˥ʈʂʰɯ˩|ɖɯ˧v̩˧ɖɯ˧kɖɯ˧v̩˧ɖɯ˧kʰɤ˧ɖʐɤ˥|le˧po˧tsʰɯ˧ɲi˥tsɯ˩|mv̩˩,əə…ə˧zɯ˩ tsʰi˧qʰæ˧˥ dʑo˩ tɕʰi˧mɤ˧bi˧ze˧ le˧wo˥le˩bi˩ze˩ pi˧zo˩ ə˧mi˧lɑ˧ mv̩˩lɑ˥ tʰi˩˥ di˩li˩ʁo˩bv̩˥ tʰv̩˩v̩˩ ɖɯ˧v̩˧ ɖɯɖɯ˧v̩˧ɖɯ˧kʰɤ˧ɖʐɤ˥ le˧po˧tsʰɯ˧ɲi˥tsɯ˩ mv̩˩
dʑɯ˩ʁo˩di˥hĩ˩|v̩˩tsʰɤ˧˥|jɤ˧˥|vwo˩˥|õ˧ʈʂʰɯ˧lɑ˩dʑo˩|tʰi˩˥|,dʑɯ˩ʁo˩di˩hĩ˥ v̩˩tsʰɤ˧˥ jɤ˥ …wo˩˥ õ˧ʈʂʰɯ˧lɑ˩dʑo˩ tʰi˩˥
wo˩ɳɯ˥|ʈʂʰɯ˧ne˧ʝi˥|le˧ʝi˥kwɤ˩tɕɯ˩lɑ˩|tʰi˩˥|hɑ˧le˧dʑo˧|dʑi˧hṽ˧mv̩˩di˩|le˧dʑo˧|,wo˩ɳɯ˥ ʈʂʰɯ˧ne˧ʝi˥ le˧ʝi˥kwɤ˩tɕɯ˩lɑ˩ tʰi˩˥ hɑ˧ le˧dʑo˧ dʑi˧hṽ˧mv̩˩di˩ le˧dʑo˩
ə˧lɑ˧ʁwɤ˧|hĩ˧dzi˧kʰɯ˥dʑo˩|tʰi˩˥|zo˩no˥|ə˧lɑ˧tʰɑ˧mi˧ɻ̍˥|ə˧ʝi˧ʂɯ˥ʝi˩|hĩ˧mo˥hĩ˩dʑo˩|zo˧mv̩˥|mɤ˧dʑo˩ɲi˩tsɯ˩|mv̩˩|,ə˧lɑ˧ʁwɤ˧hĩ˧ dʑɯ˧kʰɯ˥dʑo˩ tʰi˩˥ zo˩no˥ ə˧lɑ˧tʰɑ˧mi˧ɻ̍˥ ə˧ʝi˧ʂɯ˥ʝi˩ hĩ˧mo˥hĩ˩dʑo˩ zo˧mv̩˥ mɤ˧dʑo˩ɲi˩tsɯ˩ mv̩˩
ɖʐe˧|dʑɤ˩˥|ɖɯ˧mɤ˧kv̩˧tsɯ˥|mv̩˩|,ɖʐe˧tɕɤ˩˥ ɖɯ˧mɤ˧kv̩˧tsɯ˥ mv̩˩
hɑ˩ʂɯ˧|dzɯ˧ɲi˥mæ˩|,ʁɑ˩ʂæ˧ dzɯ˧ɲi˥mæ˩
dʑɯ˩nɑ˩mi˩ʁo˩ɳɯ˥|ɖɯ˧gɤ˧˥|ɖɯ˧gɤ˧˥|ɖɯ˧gɤ˧˥|ɖɯ˧gɤ˧ɳɯ˥|ɑ˩ʁo˧kʰi˥qʰv̩˩|no˩qo˥tʰv̩˩ɲi˩|qʰwɤ˧tsʰi˩|no˩qo˥kʰɯ˩ɲi˩wɤ˩|,dʑɯ˩nɑ˩mi˩ʁo˥ɳɯ˩ ɖɯ˧gɤ˧ɖɯ˧gɤ˧ ɖɯ˧gɤ˧ ɖɯ˧gɤ˧ɳɯ˧ ɑ˩ʁo˧kʰi˩qʰɑ˩nɑ˩qo˩tʰv̩˩˩ qʰwɤ˧tɕɯ˩no˩qo˥kʰɯ˩zo˩
tʰi˩˥|tsʰo˩mo˩˥|ɖɯ˧v̩˧tsʰɯ˩zo˩|pʰe˧|no˧|ɖwæ˩mɤ˧zo˧|mi˩zɯ˩˥|ɖɯ˧v̩˧dʑo˩ze˩dʑo˩|ʂɯ˧ɬi˧mi˧|mo˧ɖʐv̩˥ne˩|hĩ˧|dʑo˩kv̩˩ze˥|no˧|ɖwæ˩mɤ˧zo˧|ʂɯ˧ɬi˧mi˧|mo˧ɖʐv̩˥ne˩|dʑo˩ʝi˩˥|pi˧zo˩|æ˧ʂæ˧qʰwɤ˧ʈʂʰɯ˧|ʈʂʰɯ˧ne˧ʝi˥|tʰi˧pi˥|,tʰi˩˥ tsʰo˩mo˧˥ ɖɯ˧v̩˧tsʰɯ˩zo˩ pʰe˥ no˧ ɖwæ˩mɤ˧zo˧ ɲi˩zɯ˩˥ ɖɯ˧v̩˧dʑo˧ʑe˩dʑo˩ ʂɯ˧ɬi˧mo˧hĩ˥ mo˧ɖʐv̩˥ni˩ hĩ˧ dʑo˧kv̩˧ze˥ no˧ ɖwæ˩mɤ˧zo˧ ʂɯ˧ɬi˧mi˧mo˧ɖʐv̩˥ni˩ ɖʐv̩˧ʝi˧ pi˧zo˩ æ˧ʂæ˧qʰwɤ˧ʈʂʰɯ˥ ʈʂʰɯ˧ne˧ʝi˥ tʰi˧pi˧˥
tʰi˩˥|qwɤ˧lɯ˧ʁo˧|ə˧tse˥|ʂɻ̩˧ɲi˥|pi˧|,tʰi˩˥ qwɤ˧ɭɯ˧ʁo ə˧tse˧˥ ʂv̩˧ɲi˥ pi˧
wɤ˩˥|ə˧ʑi˧ki˥ti˩|ə˧pʰv̩˧ki˧ti˥|ə˧v̩˧ki˥ti˩|ə˧mi˧tɕi˩ki˩ti˩|ə˧mi˧ɖɯ˩ki˩ti˩|tʰv̩˧ne˧ʝi˥|tɑ˧kɤ˧kɤ˩|le˧ti˩le˧ti˩|,wɤ˩˥ ə˧ʑi˧ki˥ti˩ ə˧pʰv̩˧ki˧ti˥ ə˧v̩˧ki˥ti˩ ə˧mi˧tɕi˩ki˩ti˩ ə˧mi˧ɖɯ˧ki˩ tʰi˩˥ tʰv̩˧ɳɯ˧ʝ˥ tɑ˧kɤ˥kʰɯ˩ le˧ti˩
õtsʰo˧pæ˧ʝi˧kʰɯ˩ɲi˩mæ˩|njɤ˧|ə˧v̩˧ɖɯ˧hĩ˥dʑo˩|tsʰo˧pæ˧tʰi˧tɕʰo˩|,õ˧tsʰo˧pæ˧ʝi˥kʰɯ˩ɲi˩mæ˩ njɤ˧ ə˧v̩˧˥ɖɯ˧hĩ˥ dʑo˩ tsʰo˧pæ˧ tʰi˧tɕʰo˥
ʐɤ˩mi˩ʈɤ˥ʈɤ˩tɕɯ˩ɑ˩ʁo˧|ʐɤ˩mi˩qo˥|ə˩gi˩||,ʐɤ˩mi˩ʈɯ˥ʈɤ˩ ʈʂʰɤ˩ wɤ˩˥ ʂɤ˧ʝi˧mi˩qo˥ ə˩gi˩
tsʰe˩kʰv̩˩˥|le˧gv̩˧ze˧|bɑ˩˥|tsʰe˩kʰv̩˩ʁʁo˩dɑ˩˥|dʑo˩|qʰæ˧˥|tsʰe˩kʰv̩˩ʁo˩tʰo˥dʑo˩|mɤ˧qʰæ˧ze˥|,tsʰe˩kʰv̩˥ le˩gv̩˩ze˩bæ˩ tsʰe˧kʰv̩˧˥ ʁo˩dɑ˧˥ dʑo˩ qʰæ˧˥ tsʰe˩kʰv̩˩ʁo˩tʰo˥dʑo˩ mɤ˧qʰæ˧ze˥
õ|õ˧ʈʂʰɯ˧ne˧ʝi˥zo˩|tʰi˩˥|ʑi˧qʰwɤ˧gv̩˩ʈʂʰɯ˩dʑo˩|ɖwæ˧˥|lo˧hɑ˧ɲi˥|ə˧sɯ˩kv̩˩|nɑ˩ʑi˧mi˧|ʈʂʰɯ˧dʑo˩|ɬɬɬ,õ˥ õ˧ʈʂʰɯ˧ne˧ʝi˥zo˩ tʰi˩˥ ʑi˧qʰwɤ˧gv̩˩ʈʂʰɯ˧dʑo˩ ɖwæ˧˥ lo˧hɑ˧ɲi˥ ə˧sɯ˩kv̩˩ nɑ˩ʑi˧mi˧ʈʂʰɯ˧dʑo˩
ʈʂʰɯ˧|ə˧mi˧|ʈʂʰɯ˧jɤ˩ɳɯ˩|ə˧mi˧|ə˧mɑ˧|tʰɑ˧kɤ˧ʈʂɯ˩le˩|njæ˧zɯ˩|mv̩˩tɕʰi˩bi˩pi˥|kʰi˧˥|dʑo˩,ʈʂɤ˧ə˧mi˧ ʈʂʰɯ˧njɤ˥ɳɯ˩ ə˧mi˧ ə˧mɑ˧ tʰɑ˧kɤ˧ʈʂɯ˧ɻ̍˧ njɤ˧ɻ̍˩zɯ˩ mv̩˩tɕʰi˩bi˩pi˥kʰi˩dʑo˩
gɤ˩ʈi˥|ʈʰææ̃˧|hɑ˧ʈʂʰɯ˧|æpi˧|ɖɯ˧kʰwɤ˥ɖɯ˩kʰwɤ˩lɑ˩|dzɯ˧ʁo˧|,gɤ˩ʈi˧ ʈʰɑ˧hɑ˧ʂe˥ jæpi˧ ɖɯ˧kʰwɤ˥ɖɯ˩kʰwɤ˩lɑ˩dzɯ˩ʁo˩
tʰi˩˥|lo˧ʂv̩˩|hi˩nɑ˧mi˧|pi˧dʑo˩|tʰi˩˥|zo˩no˥mmm…|,tʰi˩˥ lo˧ʂv̩˩hi˩nɑ˧mi˧ pi˧dʑo˩ tʰi˩˥ zo˩no˥mm…
ʁwɤ˧qo˧hĩ˧|ɖɯ˧tɑ˧˥|le˧ʁɑ˥ʂe˩|ʂe˧hɯ˧dʑo˧|hæ̃˧qʰv̩˥dʑo˩|tʰi˩˥|njɤ˧|ə˧v̩˧˥|le˧tsʰɯ˩ɲi˩tsɯ˩|mv̩˩|,ʁwɤ˧qo˧ hĩ˧ ɖɯ˧tɑ˧˥ le˧ʁɑ˥ʂe˩ se˧hɯ˩dʑo˩ hæ̃˧qʰv̩˥dʑo˩ tʰi˩˥ njɤ˧ ə˧v̩˧˥ le˥tsʰɯ˩ɲi˩zɤ˩
ĩ˧|næ˩qʰæ˥ʈʂʰe˩,ĩ˧ le˩qʰæ˥ʈʂʰe˩
tʰi˩˥|ə˧ʑi˧ki˥ti˩kv̩˩ze˩mæ˩|tʰi˩˥|ə˧ʑi˧ɳɯ˥|ŋv̩˧|tʰi˧ki˧|,tʰi˩˥ ə˧si˧ki˥tvi˩kv̩˩ze˩mæ˩ tʰi˩˥ ə˧ʑi˧ɳɯ˥ ŋv̩˧ tʰi˧ki˧
õ˧˥|tʰv̩˧qo˧dʑo˧|kʰwɤ˧pʰv̩˧qo˧gɤ˧|pi˧hĩ˧|ʈʂʰɯ˧ne˧ʝi˥|tʰi˧di˩kv̩˩tsɯ˩|ʈʂʰɯ˧ne˧ʝi˥zo˩|gɤ˩ʑi˥|tʰi˧di˩kv̩˩tsɯ˩|,õ tʰv̩˧qo˧dʑo˧ kʰwɤ˧pv̩˧qo˥gɤ˩pi˧ ʈʂʰɯ˧ne˧ʝi˥ tʰi˧di˩kv̩˩tsɯ˩ ʈʂʰɯ˧ne˧ʝi˥zo˩ gɤ˩ʑi˥ tʰi˧di˩kv̩˩tsɯ˩
njæ˧ɻ̍˩|ə˧ʝi˧ʂɯ˥ʝi˩|mo˧ɖʐɤ˥bi˩dʑo˩|mo˧kɤ˩dzi˩ʈʰæ˩ko˩pi˩zo˩|no˧|mo˧kɤ˩si˩dzi˩|ə˧sɯ˥|,njɤ˧ɻæ˩ ə˧ʝi˧ʂɯ˥ʝi˩ mo˧ɖʐɤ˥bi˩dʑo˩ mo˧kɤ˩dʑɯ˩ʈʰæ˩qo˩pi˩zo˩ õ˧mo˧kɤ˩se˩ dzɤ˩ ə˧sɯ˥
tʰi˧tɕɤ˩dʑo˩|tʰi˩˥|ɖɯ˧pʰo˧hĩ˧bv̩˧|ʝi˧qv̩˥|ɖɯ˧ɭɯ˧|mɤ˧dʑo˧zo˧|,tʰi˧tɕɤ˩dʑo˩ tʰi˩˥ ɖɯ˧pʰo˧hĩ˧bv̩˧ ʝi˧qv̩˥ ɖɯ˧ɭɯ˧ mɤ˧dʑo˧zo˩
njæ˧sɯ˩kv̩˩|ə˧ʝi˧ʂɯ˥ʝi˩dʑo˩|zo˩no˥|njæ˧sɯ˩kv̩˩|tʰi˧dzi˩hĩ˩tʰv̩˩ʁwɤ˩dʑo˩|zo˩no˥|ɖæ˩mi˧ə˧lɑ˧ʁwɤ˧|pi˧kv̩˩tsɯ˩|mv̩˩|ə˧ʝi˧ʂɯ˥ʝi˩|,njæ˧sɯ˩kv̩˩ ə˧ʝi˧ʂɯ˥ʝi˩dʑo˩ zo˩no˥ njæ˧sɯ˩kv̩˩ tʰi˩dzi˩hĩ˩tʰv̩˧ʁo˧ dʑo˩ zo˩no˥ ɖæ˩mi˧ ə˧lɑ˧ʁwɤ˧ pi˧kv̩˩tsɯ˩ mv̩˩ ə˧ʝi˧ʂɯ˥ʝi˩
tʰi˩˥|mɤ˧ɖwæ˩|mɤ˧ɖwæ˩|njɤ˧|ə˧v̩˧˥|ɖɯ˩hĩ˩ɳɯ˥|wɤ˩˥|ə˧tso˧ɖwæ˩tso˩dʑo˩|njɤ˧ɳɯ˧|wɤ˩˥|hwæ˧bi˧|pi˧|,tʰi˩˥ mɤ˧ ɖwæ˩mɑ˥ɖwæ˩ njɤ˧ ə˧v̩˧˥ ɖɯ˩ʝi˩ɳɯ˥ wɤ˩˥ ˧tso˧ɖwæ˩so˩dʑo˩ njɤ˧ɳɯ˧ wɤ˩˥ hwæ˧bi˧pi˧
jɤ˧ŋɤ˧ɳɯ˧dʑo˥|əəə…ho˧di˧po˧hɯ˥|,jɤ˧ŋɤ˧ɳɯ˧dʑo˥ əəho˧di˧po˧hɯ˥
əəə…zo˩no˥|si˧kʰɯ˧ɭɯ˧bv̩˥pi˩zo˩|zo˩no˧dʑo˥|tsʰo˧jo˩mv̩˩ʈʂæ˩ɲi˩mæ˩|ə˩gi˩|,əə…zo˩no˥ si˧kʰɯ˧ɭɯ˧bv̩˥ pi˩zo˩ zo˩no˧dʑo˥ tsʰo˧ʝi˩mv̩˩ʈʂæ˩ɲi˩ze˩mæ˩ ə˩gi˩
tʰi˩˥|gi˩˥|dʑo˩|mɤ˧ɲi˩ze˩|õ˧˥|hɤ˩ʈʂɤ˩tso˥|mɤ˧ɲi˩|,tʰi˩˥ gi˩˥ dʑo˩ mɤ˧ɲi˩ze˩ õ˧˥ hɤ˩ʈʂɤ˩tso˥mɤ˧ɲi˩
tʰi˩˥|tʰv̩˧ɲi˧ʑ|ɲi˧ʑi˩ɲi˩tsɯ˩|mv̩˩|ɖɯ˧ʑi˩ɻ̍˩dʑo˩|zo˧ɖɯ˧v̩˧tɕʰi˧|pi˧zo˩|,tʰi˩˥ ʈʂsʰɯ˧ɲi˧ʑi˩ ɲi˧ʑi˩ɲi˩tsɯ˩ mv̩˩ ɖɯ˧ʑi˩ɻ̍˩dʑo˩ zo˧ ɖɯ˧v̩˧tɕʰi˧bi˩ pi˧zo˩
tʰi˩˥|tsʰi˧qʰæ˧˥|dʑo˩|wɤ˩˥|ʈʂo˩bo˩ti˥|mmm…ʈʂwæ˧ʑi˧qʰwɤ˧gv̩˩ɲi˩pi˩|ŋwɤ˧ʈʂwæ˧ʑi˧qʰwɤ˧gv̩˩|,tʰi˩˥ tsʰi˧ʰæ˧˥ dʑo˩ wɤ˩˥ ʈʂo˩bo˩ti˥ mm…ʈʂwæ˧ ʑi˧qʰwɤ˧gv̩˩ɲi˩pi˩ ŋwɤ˧ʈʂwæ˧ ʑi˧qʰwɤ˧gv̩˩˥
njæ˧sɯ˩kv̩˩|qo˩qɑ˩˥|ɑ˩ʁo˧dʑo˩|pi˧dʑo˩|ɖʐɯ˧qo˩ni˩hĩ˩ɳɯ˩dʑo˩|əəə…ʐwæ˧|tʰi˧se˥|le˧mv̩˥kv̩˩ze˩|,njæ˧sɯ˩kv̩˩ qo˩qɑ˩˥ ɑ˩ʁo˧ɖdʑo˩ pi˩dʑo˩ ɖʐɯ˧qo˩ni˩hĩ˩ɳɯ˩dʑo˩ əə…ʐwæ˧ tʰi˧se˥ le˧mv̩˥kv̩˩ze˩
tʰi˩˥|hĩ˧|ʈʂʰɯ˧ʂæ˧ʂæ˧hĩ˧qo˩|le˧tsʰɯ˩ɲi˩mæ˩|,tʰi˩˥ hĩ˧ ʈʂʰɯ˧ʂæ˧ʂæ˧hĩ˧qo˩ le˧tsʰɯ˧ɲi˩mæ˩
hĩ˧|gi˩˥|wɤ˩˥dzɑ˧hĩ˧ki˧|ʂe˧bi˧v̩˩tʰv̩˩hĩ˩ʈʂʰɯ˩dʑo˩|mɤ˧tsɤ˧ze˧|pi˧zo˩|tʰi˩˥|le˧wo˧tʰo˥tɕo˩|le˧tsʰɯ˩zo˩|,hĩ˧ gi˧v˥dzɑ˧hĩ˧ki˧ ʂe˧bi˧v̩˧tsʰvo˩hĩ˩ ʈʂʰɯ˧dʑo˩ mɤ˧tsɤ˧ze˧ pi˧zo˩ tʰi˩˥ le˧wo˧tʰo˥tɕo˩ le˧tsʰɯ˩zo˩
ə˧mv̩˧ki˥|ʈʂʰɯ˧ne˧ʝi˥|ʝi˧lo˧mɤ˧dʑɤ˩ɲi˩ze˩mæ˩|,ə˧mv̩˧ki˥ ʈʂʰɯ˧ne˧ʝi˥ ʝi˧lo˧ mɤ˧dʑɤ˩ɲi˩ze˩mæ˩
ni˧mi˧ʈʂʰɯ˧|zo˩no˥|go˧mi˧ʈʂʰɯ˧|hĩ˧ki˧ki˩|pi˧dʑo˩|ni˧mi˧ɲi˥ze˩mæ˩|ə˩gi˩|,ni˧mi˧ʈʂʰɯ˧ zo˩no˥ go˧mi˧ʈʂʰɯ˧ hĩ˧ki˧ki˩ pi˧dʑo˩ ni˧mi˧ɲi˥ze˩mæ˩ ə˩gi˩
dʑɯ˧ʈʂʰwæ˧,dze˧ʈʂʰɤ˥
ə˧zɯ˩|sɯ˧sɯ˧pi˧dʑo˩|ə˧zɯ˩|ɖʐv̩˧ɲi˩pi˩|ɖʐv̩˧ɖʐv̩˧|no˧ɳɯ˧njɤ˩mv̩˩|njɤ˧ɳɯ˧no˩mv̩˩|ɖɯ˧pæ˥|le˧tɕʰo˥tɕʰo˩hɯ˩|,ə˧zɯ˩ sɯ˧sɯ˧pi˩dʑo˩ ə˧zɯ˩ ɖʐv̩˧ɲi˩pi˩ ɖʐo̩˧ɖʐv̩˧no˧ɻ̍˧ njɤ˩mv̩˩njɤ˧ɳɯ˧ no˩mv̩˩ ɖɯ˧pæ˧˥ le˧ʈʂʰo˧tɕo˥hɯ˩
tʰi˩˥|ʈʂʰɯ˧ne˧ʝi˥|tʰi˧dzi˩dʑo˩|tʰi˩˥|əəə…gv̩˧mɑ˧tsʰɯ˩ɻ̍˩pi˩|tsʰɯ˧ɻ̍˧ɬɑ˩mv̩˩pi˩|əəə…ɖɯ˩mɑ˧ɬɑ˩tsʰo˩pi˩|ʈʂʰɯ˧sɯ˩kv̩˩|so˩kv̩˩˥|njɤ˧|ə˧ʑi˧˥|ɖɯ˩mɑ˧pv̩˩ʈʰɯ˩|ʈʂʰɯ˧sɯ˩kv̩˩|ʐv̩˩kv̩˩ɲi˥tsɯ˩|mv̩˩,tʰi˩˥ ʈʂʰɯ˧ne˧ʝi˥ tʰi˧dzi˩dʑo˩ tʰi˩˥ əə…gv̩˧mɤ˧tsʰɯ˩ɻ̍˩pi˩ tsʰɯ˧ɻ̍˧lɑ˩mv̩˩pi˩ əə…ɖɯ˩mɑ˧lɑ˩tsʰo˩pi˩ ʈʂʰɯ˧sɯ˩kv̩˩ so˩kv̩˩˥ njɤ˧ ə˧ʑi˧˥ ɖɯ˩mɤ˥pv̩˩ʈʰɯ˩ ʈʂʰæ˧sɯ˩kv̩˩ ʐv̩˩kv̩˩ɲi˥tsɯ˩ mv̩˩
njɤ˧|ə˧si˧ɳɯ˧|zo˩no˥|ə˧sɯ˩kv̩˩|no˧sɯ˩kv̩˩|zo˩no˥|le˧ʐwɤ˩pi˩dʑo˩|,njɤ˧ ə˧ɕi˧z zo˩no˥ ə˧sɯ˩kv̩˩ no˧sɯ˩kv̩˩ zo˩no˥ le˧ʐwɤ˩pi˩dʑo˩
ʈʂʰɯ˧ne˧ʝi˥|le˧tɕɯ˧ɭɯ˧|le˧tɕɯ˧ɭɯ˧|ʈʂʰɯ˧ne˧ʝi˥|le˧gv̩˩|,ʈʂʰɯ˧ne˧ʝi˥ le˧tɕɯ˧˥ le˧tɕɯ˧˥ ʈʂʰɯ˧ne˧ʝi˥ le˧gv̩˩
mv̩˧dze˧ki˧ɲi˥tsɯ˩|mv̩˩|qʰɑ˧dze˧ki˧ɲi˥tsɯ˩|mv̩˩|ɕi˧ɭɯ˧ki˧ɲi˥tsɯ˩|mv̩˩|,mv̩˧dze˧ki˧ɲi˥tsɯ˩ mv̩˩ qʰɑ˧dze˧ki˧ɲi˥tsɯ˩ mv̩˩ si˧ɭɯ˧ki˧ɲi˥tsɯ˩ mv̩˩
njɤ˧|tnjɤ˧|le˧ʂv̩˧ɖv̩˧zo˥|no˧ki˧|ʂe˧tsʰɯ˩ɲi˩|,njɤ˧ ə˧tʰi˧ njɤ˧ le˧ʂv̩˧ɖv̩˧zo˥ no˧ ki˧ʂe˧tsʰɯ˧ɲi˥
tʰi˩˥|ʈʂʰæ˧ɣɯ˧ki˩hĩ˩|dʑɤ˩˥|mɤ˧dʑo˩|,tʰi˩˥ ʈʂʰæ˧ɣɯ˧ki˩hĩ˩ dʑɤ˩˥ mɤ˧dʑo˩
wɤ˩˥|le˧tɕɯ˩tɕɯ˩|le˧po˧tsʰɯ˧˥|wɤ˩˥|ɬi˧di˩|tɕʰi˧kv̩˥mæ˩|,wɤ˩˥ le˧tɕɯ˩tɕɯ˩ le˧po˧tsʰɯ˧˥ wɤ˩˥ ɬi˧di˩ tɕʰi˧kv̩˧˥ mæ˩
kʰvkʰv̩˩mi˩ʈʂʰɯ˥dʑo˩|njɤ˧le˧gv̩˧|ʐo˩˥|ɖɯ˧mɤ˧kv̩˧tsɯ˥|mv̩˩,kʰv̩˩˥ no˩ kʰv̩˩mi˩ʈʂʰɯ˥dʑo˩ njɤ˧le˧gv̩˥ ʐo˩˥ ɖɯ˧mɤ˧kv̩˧tsɯ˥ mv̩˩
wɤ˩˥|kɯ˧ʈʂʰwɤ˩|ɖɯ˧tɕʰi˧gv̩˩|dʑɤ˩tsʰo˧hĩ˧ɻæ˧ki˥|,wɤ˩˥ kɯ˧ʈʂʰwɤ˩ ɖɯ˧tɕʰi˩gv̩˩ dʑɤ˩tsʰo˥hĩ˧ki˧
zo˩no˥|ʈʈæ˧bɤ˧ʈʂʰɯ˧dʑo˩|ʈʂʰæ˧ɣɯ˧mɤ˧dʑo˧ɲi˥|ʈʂʰo˧lɑ˧kv̩˥|,zo˩no˥ ʈʈæ˧bɤ˧ʈʂʰɯ˧dʑo˩ ʈʂʰæ˧ɣɯ˧ mɤ˧dʑo˧ɲi˥ ʈʂʰo˧lɑ˧kv̩˥
tʰi˩˥|le˧tɕɤ˧se˥|wɤ˩˥|le˧bv̩˩|,tʰi˩˥ le˧tɕɤ˧se˥ wɤ˩˥ le˧bv̩˩
õ˧ʈʂʰɯ˧ne˧ʝi˥dʑo˩|tʰi˩˥|ə˧ʝi˧ʂɯ˥ʝi˩|mo˧ɳɯ˥|tsʰi˧ʝi˧|mo˧ɳɯ˥|tʰv̩˧ʁo˥|tʰv̩˧qo˧|mo˧ɳɯ˥|dv̩˩ze˥|tʰv̩˧qo˧|mo˧ɳɯ˥|dv̩˩pi˧|gɯ˩ʝi˥|dzɯ˧mɤ˧kv̩˩ze˩|õ,õ˧ʈʂʰɯ˧ne˧ʝi˥dʑo˩ tʰi˩˥ ə˧ʝi˧ʂɯ˥ʝi˩ mo˧ɳɯ˥ tɕʰo˧hĩ˧ɻ̍˩ mo˩ɳɯ˥ tʰv̩˧v̩˧tsʰo˧qo˧ mo˧ɳɯ˥ dv̩˩ɲizo˥ tʰv̩˧qo˧ mo˧ɳɯ˥ d˩pi˩ gi˩˥ mɤ˧dzɯ˧mɤ˧kv̩˩ze˩ õ
tʰi˩˥|ə˧mi˧le˧ʂɯ˧ɲi˥ho˩ze˩wɤ˩|æ˧ʂæ˧tɑ˩mv̩˩dʑo˩|,tʰi˩˥ ə˧mi˧ le˧ʂɯ˧ɲi˥ho˩ze˩wɤ˧˥ æ˧ʂæ˧tɑ˩mv̩˩dʑo˩
əəə…ʐv̩˧tsʰi˩gv̩˩hɑ̃˩ɖɯ˩kʰv̩˩mmm…lv̩˩kʰɯ˩zo˩kv̩˥pi˩|,əə…ʐv̩˧tsʰi˧gv̩˩hɑ̃˩ ɖɯ˧kʰv̩˩nlv̩˧kʰɯ˧zo˧kv̩˩pi˩
hæ̃˧pɤ˧tʰi˧mv̩˧kʰɯ˧se˥|dʑo˩|tʰi˩˥|dʑɯ˧ki˥|tʰi˧ki˩kʰɯ˩|,hæ̃˧pɤ˧tʰi˧mv̩˧kʰɯ˧se˥dʑo˩ tʰi˩˥ dʑɯ˧ki˥ tʰi˩ki˩kʰɯ˩
le˧qʰwɤ˧|ʈʂʰɯ˧gi˧˥|ɖɯ˧ʈʂæ˧gv̩˧dʑo˩|tʰi˩˥|ɖɯ˧ɲi˥|ə˧ʝi˧ʂɯ˥ʝi˩dʑo˩|hɑ˧ʈʂʰɯ˧|zo˩no˧ni˩|ə˧tso˧fv̩˧ɻ̍˧|mɤ˧dʑo˧ɲi˥mæ˩|ə˩gi˩|,le˧qʰwɤ˧ ʈʂʰɯ˧dʑo˥ ɖɯ˧ʈʂæ˧gv̩˧dʑo˩ tʰi˩˥ ɖɯ˧ɲi˥ ə˧ʝi˧ʂɯ˥ʝi˩dʑo˩ hɑ˧ʈʂɯ˧ zo˩no˧ni˩ ə˧tso˧fv̩˧ mɤ˧dʑo˧ɲi˥mæ˩ ə˩gi˩
kv̩˧tsʰɑ˧ɻ̍˧pi˥|kv̩˧tsʰɑ˥|ki˧zo˧pi˧zo˥|,kv̩˧tsʰɑ˧ɻ̍pi˥ kv̩˧tsʰɑ˥ki˩zo˧pi˧zo˥
tʰi˩˥|tʰi˩˥|hĩ˧bæ˧ʈʂʰɯ˧|qʰɑ˩jɤ˩le˩tsʰɯ˩bi˥|qo˩ho˧˥|le˧pɤ˥pɤ˩|jo˧kv̩˧˥|mæ˩|,tʰi˩˥ tʰi˩˥ hĩ˧bæ˧ʈʂʰɯ˧ qʰɑ˩jɤ˩le˩tsʰɯ˩bi˥ qo˩ho˧˥ le˧pɤ˥ po˧jo˧kv̩˧˥ mæ˩
ʈæ˧bɤ˧ʁɑ˧ʂe˩|dɑ˧pɤ˧ʁɑ˧ʂe˩|ʐɯ˧hwɤ˩kv̩˩mæ˩|,ʈæ˧bɤ˧ʁɑ˧ʂe˩ dɑ˧pɤ˧ʁɑ˧ʂe˩ ʐɯ˧hwɤ˩kv̩˩mæ˩
ə˧tso˧go˩,ə˧tso˧ wkv̩˩
tʰi˩˥|sɯ˧pʰi˧|ɖɯ˧ʑi˩ɲi˩tsɯ˩|mv̩˩|tʰi˩˥|kv̩˧tsʰɑ˥ki˩dzi˩hɯ˩ɲi˩tsɯ˩|mv̩˩,tʰi˩˥ sɯ˧pʰi˧ ɖɯ˧ʑi˩hɲĩ˩tsɯ˩ mv̩˩ tʰi˩˥ kv̩˧tsʰɑ˥pv̩˩ki˩ dzɯ˩hɯ˩ɲi˩tsɯ˩ mv̩˩
nɑ˩ʈʂʰɯ˥|ɖɯ˩lo˧ʈʂʰɯ˧|,nɑ˩ʈʂʰɯ˥ ɖɯ˩lo˧ʈʂʰɯ˧
ə˧ɲi˧tsʰi˧ɲi˧|ɖɯ˧sɑ˥|mɤ˧ʝi˧ɲi˥ze˩mæ˩|lv̩˧|ʈʂʰɯ˧ne˧ʝi˥|tʰi˧ɬi˧kʰɯ˥|,ə˧ɲi˧tsʰi˧ɲi˧ ɖɯ˧sɑ˥ mɤ˧ɲi˧ze˩mæ˩ lv̩˧ ʈʂʰɯ˧ne˧ʝi˥ tʰi˧ɬi˧kʰɯ˧˥
ʂɯ˧hĩ˧ʈʂʰɯ˧|ɖɯ˧kʰɤ˧pɤ˧pɤ˥hĩ˩lɑ˩|əəə…le˧pv̩˧hĩ˧tʰv̩˧|ɲi˧ɲi˧dzɯ˧di˧˥|pɤ˧pɤ˥hĩ˩tʰv̩˩|ʂɯ˧hĩ˧bv̩˧|ɖɯ˧tci˩pɤ˩pɤ˩hĩ˩|ʐɯ˧|ʐwæ˩ɲi˥ze˩wɤ˩|,ʂɯ˧hĩ˧ʈʂʰɯ˧ ɖɯ˧kʰɤ˧pɤ˧pɤ˥hĩ˩lɑ˩ əə…le˧pv̩˧hĩ˧tʰv̩˧ ɲi˧ɲi˧dzɯ˧di˧˥ pɤ˧pɤ˥hĩ˩tʰv̩˩ ʂɯ˧hĩ˧bv̩˥ ɖɯ˧tɕʰi˩pɤ˩po˩hĩ˩ ʐɯ˧ ʐwæ˩ɲi˥ze˩wɤ˩
ə˧ʝi˧ʂɯ˥ʝi˩|ɖɯ˧ʑi˩ɻ̍˩ʈʂʰɯ˩dʑo˩|əəə…qv̩˧ɻ̍˧|pi˧hĩ˧|ɖɯ˧ʝi˧dzi˩ɲi˩tsɯ˩|mv̩˩|qv̩˧ɻ̍˧ʁo˧qʰwɤ˥,ə˧ʝi˧ʂɯ˥ʝi˩ ɖɯ˧ʑi˩ɻ̍˩ʈʂʰɯ˩dʑo˩ əə…qv̩˧ɻ̍˧pi˧hĩ˧ɖɯ˩ʝi˩dzi˩ɲi˩tsɯ˩ mv̩˩ qv̩˧ɻ̍˧ʁo˧qʰwɤ˥
ɳɯ˩dʑɯ˥lɑ˩|v̩˩tsʰɤ˧lɑ˥ɲi˩wɤ˩|v̩˩tsʰɤ˧tæ˧pv̩˥lɑ˩ɲi˩|ə˧ji˧ʂɯ˥ʝi˩|,ɳɯ˩dʑɯ˥lɑ˩ v̩˩tsʰɤ˧lɑ˥ɲi˩ v̩˩tsʰɤ˧tæ˧pv̩˥lɑ˩ɲi˩ ə˧ʝi˧ʂɯ˥ʝi˩
hɑ˧|ŋwɤ˩bæ˩hĩ˥ʈʂʰɯ˩|ʈʂʰɯ˧qʰwɤ˧pɤ˥|ʈʂʰɯ˧ɖɯ˧ɖɯ˧|ʈʂʰɯ˧ɖɯ˧ɖɯ˧hĩ˧ʈʂʰɯ˧bæ˧|ŋwɤ˧qʰwɤ˩|,hɑ˧ ŋwɤ˩bæ˩hĩ˥ʈʂʰɯ˩ ʈʂʰɯ˧ qʰwɤ˩pɤ˧˥ ʈʂʰɯ˧ ɖɯ˧ɖɯ˧ʂɯ˧ɖɯ˧ɭɯɖɯ˧hĩ˧ ʂʰɯ˧bæ˧˥ ŋwɤ˧qʰwɤ˩
tʰi˩˥|go˧mi˧|tʰv̩˧v̩˧ɳɯ˩dʑo˩|gɤ˩ʈʂʰv̩˩˥|tʰi˧ʈʂʰv̩˧˥|dʑo˩,tʰi˩˥ go˧mi˧ ʈʂʰv̩˧v̩˧ɳɯ˩dʑo˩ gɤ˩ʈʂʰv̩˧˥ tʰi˧ʈʂʰɻ̍˧˥ dʑo˩
tʰi˩˥|zo˩no˥|əəə…zo˧mv̩˥lɑ˩|le˧ʐɤ˧tʰv̩˧|ʑi˧qʰwɤ˧lɑ˧|le˧tsʰi˧tʰv̩˧|əəə…mv̩˧di˧lɑ˥|le˧pæ˧˥|tʰv̩˩|ɖʐe˧lɑ˧|dʑo˧tsɯ˧˥|mv̩˩,tʰi˩˥ zo˩no˥ ə…zo˧mv̩˥lɑ˩ le˧ʐɤ˩tʰv̩˩˧ ʑi˧qʰwɤ˧lɑ˧ le˧tsʰi˧tʰv̩˧ əə…mv̩˧di˧lɑ˥ le˧pæ˧˥tʰv̩˧ ɖʐe˧lɑ˧ dʑo˩tsɯ˧˥ mv̩˩
ə˧mi˧ʈʂʰɯ˧|tʰi˩˥|mmm…ʐv̩˧di˧dʑo˧˥|ɖɯ˧ʝi˧ɲi˩ze˩mæ˩|ə˩gi˩|dʑɯ˩ʁo˩ʁo˩to˥|ɖɯ˩tɕo˧fæ˧hĩ˧|ɖɯ˧ʝi˧qo˧|dʑo˩ɲi˩ho˥ze˩mæ˩|,ə˧mi˧ʈʂʰɯ˧ tʰi˩˥ mm… ʐv̩˧di˧ɖʑo˩v̩˥ ɖɯ˧ʝi˧ɲi˩ze˩mæ˩ ə˩go˩ dʑɯ˩ʁo˩ʁo˩to˥ ɖɯ˧tɕo˧˥ fsæ˧hĩ˩ ɖɯ˧ʝi˧qo˥ dʑo˧ɲi˩˧ho˩ze˩mæ˩
mv̩˧ɖɯ˩qo˩qɑ˩mæ˩no˩|kɤ˧sɑ˥ɕi˩ʁwɤ˩bi˩mæ˩no˩|pi˧|õ˧ʈʂʰɯ˧ne˧ʝi˥zo˩|kʰi˧mi˧ʈʂʰɯ˧|wɤ˩˥|tʰi˧mæ˩|tʰi˩˥|wɤ˩˥|dʑɤ˩hĩ˥qo˩mæ˩zo˩kv̩˩pi˩|,mv̩˧ɖɯ˩qo˩qɑ˩mæ˩ no˩ kɤ˧sɑ˥ ɕi˧ʁwɤ˧bi˩mæ˩no˩ pi˧ õ˧ʈʂʰɯ˧ne˧ʝi˥ zo˩ kʰi˧mi˧ʈʂʰɯ˧v̩˧ tʰi˧mæ˩tʰv̩˩v̩˩˥ dʑɤ˩hĩ˧qo˩mæ˩zo˩kv̩˩ pi˩
ĩ˧|gv̩˧wo˥hĩ˩ʈʂʰɯ˩dʑo˩|tʰi˩˥|tsʰe˩hõ˩pʰo˥ɲi˩ze˩mæ˩|,m…gv̩˧wo˥hĩ˩ ʈʂʰɯ˧dʑo˩ tʰi˩˥ tsʰe˩hõ˩pʰo˥ɲi˩ze˩mæ˩
tʰi˩˥|wɤ˩˥|sɑ˧bo˧|ʈʂʰɯ˧ne˧ʝi˥|le˧bo˧|le˧bo˧|le˧bo˧|le˧bo˧|,tʰi˩˥ wɤ˩˥ sɑ˧bo˧ ʈʂʰɯ˧ne˧ʝi˥ le˧bo˧ le˧bo˧ le˧bo˧ le˧bo˧
kʰv̩˩mi˩˥|le˧ʂɯ˧bi˧bi˧bi˧pi˧|zo˩no˥|njæ˧sɯ˩kv̩˩|kʰv̩˩mi˩˥|kʰv̩˩mi˩˥|ɑ˩ʁo˥|le˧ʐɤ˧|le˧ʂɯ˧bi˧bi˧|le˧ʂɯ˧ɖɯ˧ɲi˧|ɑ˩pʰo˩˥|si˧dzi˩ʈʰæ˩ʈʰæ˩qo˩|nv̩˧kʰi˩dʑo˩|ʂe˧|ɖɯ˧pʰæ˧ʑi˧˥|qwæ˩ʈʂæ˩qo˥|tʰi˧ʈʰæ˧kʰɯ˥|,kʰv̩˩mi˩˥ le˧ʂɯ˧bi˧bi˧pi˧bi˧ zo˩no˥ njæ˧sɯ˩kv̩˩ kʰv̩˩mi˩˥ kʰv̩˩mi˩˥ ɑ˩ʁo˧ le˧ʐɤ˧ le˧ʂɯ˧bi˧bi˧ le˧ʂɯ˧ ɖɯ˧njɤ˧ ɑ˩pʰo˩˥ si˧ ʈʰæ˧ɻæ˧ ʈʰɯ˧ɻæqɑ˩ nv̩˧kʰi˧dʑo˩ ʂe˧ ɖɯ˧pʰæ˧ʑi˧˥ qɑ˩ʈʂæ˩qo˥ tʰi˧ʈʰæ˧kʰɯ˥
zo˩no˥|ʈʂʰæ˧ɣɯ˧ɲi˥pi˩hĩ˩tʰv̩˩kʰwɤ˩|,zo˩n ʈʂʰæ˧ɣɯ˧ɲi˥pi˩hĩ˩ tʰ̩˧kv̩˧
mmm…dzi˧dzi˧ʈʰæ˧qo˩di˩hĩ˩dʑo˩|mo˩kv̩˥dʑo˩|zo˩no˥|dʑɯ˩si˩bi˥di˩ɲi˩mæ˩|,mm…dʑɯ˧dzi˧ʈʰæ˧qo˩di˩hĩ˩dʑo˩ mo˩kv̩˧dʑo˩ zo˩no˥ dʑɯ˩si˩bi˥di˩ɲi˩mæ˩
ə˧ʝi˧tsʰi˧ʝi˧ə˧ʝi˧ʂɯ˥ʝi˩dʑo˩|hɑ˧ɭɯ˧ʈʂʰɯ˧|le˧pʰv̩˧˥|le˧tɕɤ˧˥|le˧tɕɤ˧˥|le˧pʰv̩˧pi˥kv̩˩mæ˩|njæ˧sɯ˩kv̩˩dʑo˩|,ə˧ʝi˧tsʰi˧ʝi˧ ə˧ʝi˧ʂɯ˥ʝi˩dʑo˩ hɑ˧ɭɯ˧ʈʂʰɯ˧ le˧pʰv̩˧˥ le˧tɕɤ˧˥ le˧tɕɤ˧˥ le˧pʰv̩˧˥ pi˧kv̩˩z˩mæ˩ njæ˧sɯ˩kv̩˩dʑo˩
hɑ˧|ɖɯ˧kʰv̩˧˥|ɖɯ˧ʂɯ˩lɑ˩gɤ˩ʂo˩ɲi˩mæ˩|,hɑ˧ ɖɯ˧kʰv̩˧˥ ɖɯ˧ʂɯ˩lɑ˩gɤ˩ʂo˩ɲi˩mæ˩
le˧mo˩zo˩|le˧mo˩zo˩|le˧mo˩|hĩ˧lv̩˥|mɤ˧ʁo˧ɲi˥tsɯ˩|mv̩˩|,le˧mo˩zo˩ le˧mo˧zo˩ le˧mo˩ hĩ˧lv̩˥ mɤ˧ʁo˧ɲi˥tsɯ˩ mv̩˩
le˧pæ˧se˥hĩ˩kwɤ˩tɕɯ˩lɑ˩|hĩ˧ʈʂʰɯ˧|tʰi˩˥|ɖɯ˧v̩˧mɤ˧go˩|ɖɯ˧v̩˧mɤ˧tsʰi˧˥|,le˧pæ˧se˥kwɤ˩tɕɯ˩lɑ˩ hĩ˧ʈʂʰɯ˧ tʰi˩˥ ɖɯ˧v̩˧mɤ˧go˩ ɖɯ˧vwɤ˧mɤ˧tsʰi˧
ʂe˧|ɖɯ˧tɕʰi˩mɤ˩dzɯ˩|hĩ˧ʈʂʰɯ˧|pæ˧qʰwɤ˩|no˩˥|ɖɯ˧pʰæ˧di˩dʑo˩|ɖʐo˧|ʐwæ˩ɲi˥|,ʂe˧ ɖɯ˧tɕʰi˩mɤ˩dzɯ˩ hĩ˧ʈʂʰɯ˧ pʰæ˧qʰwɤ˩ no˩˥ ɖɯ˧bæ˧˥di˩dʑo˩ ɖʐo˧˥ ʐwæ˩ɲi˥
si˧dzi˩ʈʰæ˩qo˩|tʰi˩˥|no˧˥|hĩ˧dv̩˥kv̩˩mɤ˩kv̩˩|mɤ˧sɯ˥|tʰi˧dzɯ˥dʑo˩|ə˧tso˧ɲi˩|mɤ˧do˩|,si˧dzi˩ ʈʰæ˩qo˩ tʰi˩˥ no˧ hĩ˧ɖv̩˥kv̩˩mɤ˩kv̩˩ mɤ˧sɯ˥ tʰi˧dzɯ˥ dʑo˩ ə˧tse˧ɲi˥ mɤ˧do˩
ɲi˧tsi˧qʰv̩˧kv̩˧dʑo˧˥|dʑo˩|ɑ˩ʁo˧|ɖɯ˧tɑ˧˥|ə˧ʑi˧ɳɯ˥|tʰi˧dzi˩ktʰi˧dzi˩|ʈʂʰɯ˧ne˧ʝi˥|tʰi˧dzi˩|,ɲi˧tsi˧qʰwæ˧kv̩˧dʑo˧˥ dʑo˩ ɑ˩ʁo˧ ɖɯ˧tɑ˧˥ ə˧ʑi˧ɳɯ˥ tʰi˧dzi˩ tʰi˧dzi˩ ʈʂʰɯ˧ne˧ʝi˥ tʰi˧dzi˩
bɑ˩lɑ˩tʰi˥mv̩˩kʰɯ˩se˩|tʰi˩˥|hæ̃˧pɤ˧tʰi˧mv̩˧kʰɯ˧˥|,bɑ˩lɑ˩tʰi˥mv̩˩kʰɯ˩se˩ tʰi˩˥ hæ̃˧pɤ˧tʰi˧mv̩˧kʰɯ˧˥
ʈʰæ˧qʰwɤ˧ʈʂʰɯ˧|ʈʂe˩kʰɯ˩ʈʂʰɯ˥ɳɯ˩|ʈʂʰɯ˧ʁo˥ɳɯ˩|hĩ˧ʈʂʰɯ˧gɤ˧|tsʰɤ˧˥|ɲi˩wɤ˩|wo˧zo˥|,ʈʰæ˧qʰwɤ˧ʈʂʰɯ˧ ʈʂe˩kʰɯ˧˥ ʈʂʰɯ˧ɳɯ˧ ʈʂʰɯ˧ʁo˧ɳɯ˩ hĩ˧ʈʂʰɯ˧gɤ˧ tsʰɤ˧˥ ɲi˩wɤ˩ go˧zo˥
tʰi˩˥|ʈʂʰɯ˧ne˧ʝi˥kwɤ˩tɕɯ˩lɑ˩|ə˧mi˧|tʰi˩˥|mv̩˧di˧qo˥|hĩ˧ɳɯ˩|ʈʂʰɯ˧ne˧ʝi˥|ʐwɤ˩ɲi˥tsɯ˩|mv̩˩,tʰi˩˥ ʈʂʰɯ˧ne˧ʝi˥kwɤ˩tɕɯ˩lɑ˩ ə˧mi˧ɯ tʰi˩˥ mv̩˧di˧qo˥ hĩ˧ɳɯ˩ ʈʂʰɯ˧ne˧ʝi˥ ʐwɤ˩ɲi˥tsɯ˩ wɤ˩
ə˧ʝi˧ʂɯ˥ʝi˩|tʰi˩˥|nɑ˩hɑ˥dʑo˩|no˧ɳɯ˧|pi˧ni˧˥|nɑ˩hɑ˥dʑo˩|ə˧mɑ˧ɳɯ˧|pi˧ni˧˥|zo˩|,ə˧ʝi˧ʂɯ˥ʝi˩ tʰi˩˥ nɑ˩hɑ˥dʑo˩ no˧ɳɯ˧ pi˧ni˧˥ nɑ˩hɑ˥dʑo˩ ə˧mɑ˧ɳɯ˧ pi˧ni˧˥ wo˩˥
zo˩no˥əəə…|ʐwæ˧tɕɯ˩hĩ˩|ɖɯ˧pi˧˥|hɤ˩hĩ˩˥|tʰo˩lo˥|ɻ̍˩ɻ̍˧lo˩|pi˧|di˩hĩ˩˥|dʑo˩|tsʰo˧pæ˧mv̩˥ʈʂæ˩kv̩˩mæ˩|,zo˩no˥ ə… ʐwæ˧tɕɯ˩ ɖɯ˧pi˧˥ hɤ˩hĩ˩˥ tʰo˩lo˥ ɻ̍˧ɻ̍˧lo˩ pi˧ di˩hĩ˩dʑo˩ tsʰo˧pæ˧mv̩˥ʈʂæ˩ɣkv̩˩mæ˩
tʰi˩˥|ʈʂʰɯ˧ne˧ʝi˥se˩dʑo˩|ə˧ʝi˧ʂɯ˥ʝi˩|njɤ˧|ə˧si˧|ʈʂʰɯ˧dʑo˩|zo˩no˥|hĩ˧ɻæ˥|ʁwɤ˧qo˧|ʈʂʰɯ˧ne˧ʝi˥|pi˧kv̩˩|,tʰi˩˥ ʈʂʰɯ˧ne˧ʝi˥tsʰɯ˩dʑo˩ ə˧ʝi˧ʂɯ˥ʝi˩ njɤ˧ ə˧si˧ʈʂʰɯ˥dʑo˩ zo˩no˥ hĩ˧ɻæ˥ ʁwɤ˧qo˥ ʈʂʰɯ˧ne˧ʝi˥ pi˧kv̩˩
no˧sɯ˩kv̩˩|njɤ˧ɳnjɤ˧ki˧gɤ˩|ʈʂʰɯ˧ne˧ʝi˥|æ˧ʝi˩kʰɯ˩tsʰɯ˩ze˩|pi˧zo˩|ʈʂʰɯ˧ne˧ʝi˥|pi˧kv̩˩tsɯ˩|mv̩˩,no˧sɯ˩kv̩˩ njɤ˧ɲi njɤ˧ki˧bi˩ ʈʂʰɯ˧ne˧ʝi˥ æ˧ʝi˩kʰɯ˩tsʰɯ˩ze˩ pi˧zo˩ ʈʂʰɯ˧ne˧ʝi˥ pi˧kv̩˩tsɯ˩ mv̩˩
zo˩no˥|hĩ˧|le˧ʂɯ˧|ɖɯ˧tɑ˧˥|ʂɯ˧tso˧lɑ˩ɲi˩|ə˧mi˧|le˧ʂɯ˧|njɤ˧|ʂɯ˧tso˧lɑ˩ɲi˩|pi˧|,ə˩nie˩ hĩ˧ le˧ʂɯ˧ ɖɯ˧tɑ˧˥ ʂɯ˧tso˧lɑ˩ ə˧mi˧ le˧ʂe˧njɤ˧ ʂɯ˧tsɯ˧lɑ˩ɲi˩ pi˧
li˩ʈʂwæ˧ɻ̍˧pi˥|,li˩ʈʂwæ˧ɻ̍˧pi˥
ʐɤ˩mi˩˥|no˩qo˥hɑ̃˩lɑ˩ɲi˩|dʑɯ˩ʁo˩˥|,ʐɤ˩mi˩˥ no˩qo˧hɑ̃˩lɑ˩ɲi˩ dʑɯ˩ʁo˩˥
ʈʂʰɯ˧ɻ̍˩|tɕʰi˩tʰv̩˩tso˥ɲi˩tsɯ˩|ʈʂʰɯ˧ɻ̍˩|zo˧ɖɯ˧ɳɯ˥|tɕʰi˩tʰv̩˩tso˥ɲi˩tsɯ˩|ə˧sɯ˩kv̩˩|bi˧zo˧ʝi˧|pi˧|,ʈʂʰɯ˧ tɕʰi˩tʰv̩˩tso˥ɲi˩tsɯ˩ ʈʂʰɯ˧ zo˧ɖɯ˧ɳɯ˥ tɕʰi˩tʰv̩˧tso˥ɲi˩tsɯ˩ ə˧sɯ˩kv̩˩ bi˧zo˧ʝi˥ pi˧
tʰi˩˥|əəə…əəə…ɑ˩ʁo˧le˧jo˩kv̩˩mæ˩|tʰi˩˥|,tʰi˩˥ ə…ɑ˩ʁo˧le˧jo˩kv̩˩mæ˩ tʰi˩˥
kʰɤ˧˥|tʰi˧pɤ˥pɤ˩|dʑɯ˩ʁo˩˥|di˩li˩ʁo˩bv̩˥|le˧ɖʐɤ˧le˥po˩tsʰɯ˩|le˧tɕɤ˧˥|le˧tɕɤ˧˥|,kʰɤ˧˥ tʰi˧pɤ˥pɤ˩ dʑɯ˩ʁo˩˥ di˩li˩ʁo˩bv̩˥ le˧ɖʐɤ˧le˥po˩tsʰɯ˩ le˧tɕɤ˧˥ le˧tɕɤ˧˥
tɕi˩hĩ˩ki˥|ʈʂʰɯ˧ne˧ʝi˥|ɖɯ˧ʈv̩˩|ʈʂʰɯ˧hwɤ˧mi˧|ʈʂʰɯ˧ne˧ʝi˥|ɖɯ˧ʈv̩˩|,tɕi˩hĩ˩ki˥ ʈʂʰɯ˧ne˧ʝi˥ ɖɯ˧ʈv̩˩ ʈʂʰo˧hwɤ˧mi˧ ʈʂʰɯ˧ne˧ʝi˥ ɖɯ˧ʈv̩˩
hĩ˧mo˩tɕɯ˩di˩ɲi˩|pi˧|dv̩˩pʰæ˧tɕɯ˧|,hĩ˧ mo˩tɕɯ˩di˩ɲi˩ pi˧ dv̩˩pʰæ˧tɕɯ˥
ə˧mi˧|mv̩˩zo˩˥|ɖɯ˧ɭɯ˧|ə˧mi˧ɖɯ˧jɤ˧˥dʑo˩|bo˩hɑ˧ki˩dʑo˩dʑo˩|,ə˧mi˧ mv̩˩zo˥ ɖɯ˧ɭɯ˧ ə˧mi˧ ɖɯ˧ʝiɤ˥ dʑo˩ bo˩hɑ˧ki˩ʈʂʑɯ˩dʑo˩
ʈʂʰɯ˧hwɤ˧hwɤ˧gv̩˧kv̩˩mv̩˩|,ʈʂʰɯ˧ ho˧ho˧go˧kv̩˩mæ˩
əəə…ɑ˩ʁo˧|tɕɯ˧ɲi˥ze˩mæ˩|ɑ˩ʁo˧|le˧tɕɯ˧se˥dʑo˩|tʰi˩˥|ʝi˧lv̩˧kv̩˥ze˩mæ˩|,əə…ɑ˩ʁo˧tɕɯ˧ɲi˥ze˩mæ˩ ɑ˩ʁo˧ le˧tɕɯ˧se˥dʑo˩ tʰi˩˥ ʝi˧lv̩˧kv̩˥ze˩mæ˩
ʐv̩˧tsʰi˩gv̩˩hɑ̃˩gv̩˩|ɖɯ˧ɲi˥kwɤ˩tɕɯ˩lɑ˩|tʰi˩˥|le˧bv̩˧bv̩˧|,ʐv̩˧tsʰi˩gv̩˩hɑ̃˩gv̩˩ĩ˩ɖɯ˧ɲi˥kwɤ˩tɕɯ˩lɑ˩ tʰi˩˥ le˧bv̩˧bv̩˥
lo˧ʝi˧|lo˧tʰv̩˧|ɖʐe˧ʂe˧|ɖʐe˧ɖɯ˧|go˩bo˧ʐɤ˩|go˩bo˧dʑɤ˩kʰɯ˩|,lo˧ʝi˧ lo˧tʰv̩˧ ɖʐe˧ʂe˧ ɖʐe˧ɖɯ˧ go˩bo˧ʐɤ˩ go˩bo˥dʑɤ˩kʰɯ˩
tʰi˩˥|ʈʂʰɯ˧ne˧ʝi˥se˩dʑo˩|tʰi˩˥|tsʰe˩so˩kʰv̩˩gv̩˩ze˥|pi˧|tʰi˩˥|dʑi˧hṽ˧hwæ˩kv̩˩ze˩|,tʰi˩˥ ʈʂʰɯ˧ne˧ʝi˥se˩dʑo˩ tʰi˩˥ tsʰe˩so˩kʰv̩˩gv̩˩ze˥ pi˧ tʰi˩˥ dʑi˧hṽ˧ hwæ˩kv̩˩ze˩
əəə…mv̩˧ʁo˥ki˩ɳɯ˩|gɤ˧gɤ˧lɑ˧ɳɯ˧|mɤ˧ki˧hĩ˧hɑ˧dʑo˩|mvgɤ˧lɑ˧ki˧|ki˧mɤ˧ɖo˧|pi˧zo˩|,əə…mv̩˩ʁo˥ki˩ ɳggɤ˧lɑ˧ɳɯ˧ mɤ˧ki˧hĩ˧hɑ˧dʑo˩ mv̩˧gɤ˧lɑ˧ki˧ ki˧mɤ˧ɖo˧ pi˧zo˩
tʰi˧ʈʂʰv̩˧tsɯ˥|mv̩˩|tʰi˧ʈʂʰv̩˧dʑo˥|tʰi˧ʈʂʰv̩˧˥|njɤ˧ə˧mv̩˩ɲi˩|no˧njɤ˧ə˧mv̩˩ɲi˩|pi˧dʑo˩|tʰi˩˥|,tʰi˧ʈʂʰɻ̩˧tsɯ˥ mv̩˩ tʰi˧ʈʂʰɻɯ˥ dʑo˩ tʰi˧˥ʈʂwɤ˩ njɤ˧ ə˧mv̩˩ɲi˩ɳɯ˩ njɤ˧ ə˧mv̩˩ɲi˩ pi˩dʑo˩ tʰi˩˥
zo˧mv̩˥zo˩|ɖɯ˧v̩˧ki˧ɳɯ˩|dʑi˧hṽ̩˧ɖɯ˧dzi˩|əəə…mv̩˩zɯ˩ni˥mi˩|no˩sɯ˧kv̩˥|ə˧mmm…ə˧mi˧ki˧|dʑi˧hṽ̩˥|ʈʰæ˧qʰwɤ˧|go˧mi˧ki˧|ʈʰæ˧qʰwɤ˧|ə˧mv̩˩ki˩|ʈʰæ˧qʰwɤ˧|,zo˧mv̩˥zo˩ ɖɯ˧v̩˧ki˧ɳɯ˩ dʑi˧hṽ̩˧ ɖɯ˧dzi˩ əə…mv̩˩zɯ˩ni˥mi˩ no˩sɯ˧kv̩˥ ə˧m…ə˧mi˧ki˧ dʑi˩hṽ̩˩˥ ʈʰæ˧qʰwɤ˧ go˧mi˧ki˧ ʈʰæ˧qʰwɤ˧ ə˧mv̩˩ki˩ ʈʰæ˧qʰwɤ˧
ɲi˩ɳɯ˥|ə˧tso˧dʑɤ˩kv̩˩pi˩hĩ˩|tʰv̩˧kʰwɤ˥dʑo˩|ʈʰææ̃˧|tʰi˧tɕɯ˥|,ɲi˩ɳɯ˥ ə˧tso˧dʑɤ˩kv̩˩pi˩hĩ˩ tʰv̩˧kʰwɤ˥dʑo˩ tʰææ̃˧ tʰi˧tɕɯ˥
ʐɯ˧po˧jo˥kv̩˩|ŋv̩˩po˩jo˩kv̩˥|pɤ˩jɤ˧po˥jo˩kv̩˩|ʈʂʰɯ˧ne˧ʝi˥|po˧tsʰɯ˧˥|tʰi˩˥|ʈʂʰɯ˧sɯ˩kv̩˩|qo˩ho˧qo˥|wɤ˩˥|le˧wo˥|li˩tʰi˥kʰɯ˩|,ʐɯ˧po˧jo˥kv̩˩ ŋv̩˩po˩jo˩kv̩˥ pɤ˩jɤ˧po˥jo˩kv̩˩ ʈʂʰɯ˧ne˧ʝi˥ po˧tsʰɯ˧˥ tʰi˩˥ ʈʂʰɯ˧sɯ˩kv̩˩ qo˩ho˧qo˥ wɤ˩˥ le˧wo˥ li˩tʰi˥kʰɯ˩
tʰi˩˥|tsɤ˧ʝi˧|pi˧hĩ˧ʈʂʰɯ˧dʑo˩|tʰi˩˥|əəə…njæ˧sɯ˩kv̩˩bv̩˩|ɬi˧ki˥ʈʰæ˩ki˩|tsʰe˩so˩kʰv̩˩hĩ˥ʈʂʰɯ˩dʑo˩|no˧|tʰi˧tɕɯ˥|,tʰi˩˥ tsɤ˧ʝi˧ pi˧hĩ˧ ʈʂʰɯ˧dʑo˩ tʰi˩˥ əə…njæ˧sɯ˩kv̩˩ bv̩ɬi˧ki˥ʈʰæ˩ki˩ tsʰe˩so˩kʰv̩˩hi˥hĩ˥ ʈʂʰɯ˩dʑo˩ no˧˥ tʰi˧tɕɯ˥
wɤ˩˥|ɖɯ˧v̩˧tsʰɯ˩|ɖɯ˧ʂɯ˩ti˩|õ˧ʈʂʰɯ˧ne˧ʝi˥|zo˩|tʰi˩˥|no˩˥|mmm…ɬi˧ki˥ʈʰæ˩ki˩dʑo˩|ʈʂʰɯ˧ne˧ʝi˥kv̩˩mæ˩|,wɤ˩˥ ɖɯ˧v̩˧tsʰɯ˩ ɖɯ˧ʂɯ˩ti˩ õ˧ʈʂʰɯ˧ne˧ʝi˥zo˩ tʰi˩˥ no˧ mm…kʰi˩ki˥ʈʰæ˩tɕi˩dʑo˩ ʈʂʰɯ˧ne˧ʝi˥kv̩˩mæ˩
əəə|tʰi˩˥|hĩ˧ɻæ˥|ə˧mi˧ɻæ˩ɳɯ˩|ʈʂʰɯ˧ɻæ˩qo˩|tʰi˧dzi˩|,əətʰi˩ hĩ˧ɻæ˥ ə˧mi˧ɻæ˩ɳɯ˩ ʈʂʰɯ˧ɻɑ˩qo˧ tʰi˧dzi˩
le˧ɬi˧ɲi˥ze˩mæ˩|,le˧ɬi˧ɲi˥ze˩mæ˩
mv̩˩pʰæ˧bi˧|kʰi˧|ɖɯ˧pɤ˩tʰi˩di˩|,mv̩˩pʰæ˧bi˧ kʰi˧ ɖɯ˧pɤ˧tʰi˥di˩
ʐæ˩˥|dʑo˩|ə˧mi˧ʈʰæ˧kv̩˥|lɑ˧dʑo˧|ə˧dɑ˥ʈʰæ˩kv̩˩|no˧|ɖwæ˩mɤ˧zo˧|,ʐæ˩˥ dʑo˩ ə˧mi˧ʈʰæ˧kv̩˥ lɑ˧dʑo˧ ə˧dɑ˥ʈʰæ˩kv̩˩ no˧ ɖwæ˩mɤ˧zo˧
tʰv̩˧|le˧ʈʂʰv̩˩pi˩|əəə…dzi˧dzi˧ʈʰæ˧qo˩di˩hĩ˩ɖʐɤ˩kv̩˩mv̩˩|,tʰv̩˧ le˧ʈʂʰv̩˩pi˩ əə…dʑɯ˧dzi˧ʈʰæ˧qo˩di˩hĩ˩ ɖʐɤ˩kv̩˥ mvæ˩
nɑ˩tsʰi˩˥|əəə…nɑ˩tsʰi˩tɕʰɤ˩pɤ˩mi˥dʑɯ˩lɑ˩|qv̩˧ɻ̍˧ʈʂʰæ˧nɑ˥pi˩hĩ˩ʈʂʰɯ˩|tʰv̩˧qo˧ɳɯ˧|tʰv̩˧neʝi˥|le˧tsʰɯ˩kwɤ˩tɕɯ˩lɑ˩|tʰi˩˥|ʈʂʰæ˧nɑ˥pi˩hĩ˩tʰv̩˩|ʁɑ˩ʂɯ˧|ʈʂʰæ˧˥|ɖɯ˧pʰo˧˥|tʰi˧ʈʰi˧˥|tʰi˩˥|dʑɯ˩ʈʂʰɯ˥|dʑɤ˩ʈʂɤ˧ɲi˥tsɯ˩|mv̩˩|ə˧ʝi˧ʂɯ˥ʝi˩|,nɑ˩tsʰi˩˥ə… nɑ˩tsʰitɕʰɤ˩pɤ˩mi˩˥ dʑɯ˩lɑ˩ qv̩˧ɻ̍˧ʈʂʰæ˧nɑ˥ pi˩hĩ˩tʰv̩˩ ʈʂʰɯ˧qo˧ɳv̩˧ ʈʂʰɯ˧ne˧ʝi˥ le˧tsʰɯ˩kwɤ˩tɕɯ˩lɑ˩ tʰi˩˥ ʈʂʰæ˧nɑ˥pi˩hĩ˩ʈʂʰɯ˩ʁɑ˩ʂɯ˧ ʈʂʰæ˧˥ ɖɯ˧pʰo˧tʰi˧ʈʰi˥ tʰi˩˥ dʑɯ˩ʈʂʰɯ˥ dʑɤ˩ʈʂɤ˧ɲi˥tsɯ˩ mv̩˩ ə˧ʝi˧ʂɯ˥ʝi˩
hɑ˧ʐwɤ˩dʑo˩|tʰi˩˥|ɖɯ˧ʑi˩ɻ̍˩dʑo˩|hĩ˧ʈʂʰɯ˧|əəə…ə˧dɑ˧ə˧mi˧ɲi˥kv̩˩|zo˧mv̩˥|dʑɤ˩so˧ɭɯ˩dʑo˩tsɯ˩|mv̩˩|,hɑ˧ʐwɤ˩ dʑo˩ tʰi˩˥ ɖɯ˧ʑi˩ɻ̍˩dʑo˩ hĩ˧ʈʂʰɯ˧ əə…ə˧dɑ˧ə˧mi˧ɲi˥kv̩˩ zo˧mv̩˥ dʑɤ˩so˧ɭɯ˧dʑo˩tsɯ˩ mv̩˩
njɤ˧ɻ̍˩|tsɤ˧ze˧|qɑ˩qɑ˧bi˧|pi˧|,njɤ˧ɻ̍˩ tsɤ˧ze˥ qwɑ˩qɑ˧bi˧ pi˧
ɖɯ˧kʰwɤ˧mv̩˥tɕo˩kʰv̩˩|ɖɯ˧kʰwɤ˧dʑo˧|ɖɯ˧kʰwɤ˧mv̩˥tɕo˩kʰv̩˩|ɖɯ˧kʰwɤ˧dʑo˧dʑo˩|tʰi˩˥|mv̩˧ʁo˧hĩ˧|ɖɯ˩hĩ˩tʰv̩˥tɕi˩ɳɯ˩|le˧sɯ˥|tʰi˩˥|le˧sɯ˥dʑo˩|tʰi˩˥|dze˧ɭɯ˧ki˧ɲi˥tsɯ˩|mv̩˩|,ɖɯ˧kʰwɤ˧mv̩˥tɕo˩kʰv̩˩ ɖɯ˧kʰwɤ˧dʑo˩ ɖɯ˧kʰwɤ˧mv̩˥tɕo˩kʰv̩˩ ɖɯ˧kʰwɤ˧dʑo˧dʑo˩ tʰi˩˥ mv̩˧ʁo˧˥ hĩ˧ ɖɯ˩hĩ˩tɕʰi˥ɳɯ˩ le˧sɯ˥ tʰi˩˥ le˧sɯ˧˥dʑo˥ tʰi˩˥ dze˧ɭɯ˧ki˧ɲi˥tsɯ˩ mv̩˩
tʰi˩˥|zo˩no˥|hĩ˧mo˥hĩ˩|ʈʂʰɯ˧ne˧ʝi˥|pi˧kv̩˩mæ˩|mɤ˧dɑ˩|ə˧pɤ˧ɖɯ˩ɳɯ˩|le˧pi˧ɲi˥|qʰv̩˩tsʰi˧kʰv̩˥gv̩˩dʑo˩|tsʰi˧si˩dʑɤ˩pv̩˩|ɖʐe˧lɑ˧ʝi˥ze˩|zo˩no˥|no˧sɯ˩kv̩˩|ɖʐe˧mɤ˧ʝi˩|pi˧kv̩˩mæ˩|njɤ˧hĩ˧mo˥ɻæ˩ɳɯ˩|,tʰi˩˥ zo˩no˥ hĩ˧mo˥hĩ˩ pi˧ki˧v˩ mɤ˧dɑ˩ ə˧pɤ˥ ɖɯ˧ɳɯ˩ le˧ti˧ɲi˥ qʰv̩˩tsʰi˧kʰv̩˥gv̩˩dʑo˩ ʈʂʰi˧se˩dʑɤ˩pv̩˩ ɖʐɯ˧hĩ˧lɑ˧ʝi˥ze˩ zo˩no˥ no˧sɯ˩kv̩˩ɖʐe˩mɤ˩ʝi˩ pi˧kv̩˩mæ˩ njɤ˧ hĩ˧mo˥ɻæ˩ɳɯ˩
ə˧ʝi˧tsʰi˧ʝi˧dʑo˩|nɑ˩dʑi˧hṽ̩˧|mɤ˧mv̩˧ze˧|,ə˧ʝi˧tsʰi˧ʝi˧dʑo˩ nɑ˩dʑo˥hṽ˧ mɤ˧mv̩˩ze˧
kʰv̩˩mi˩ɳɯ˥|ɖɯ˧tsʰo˧ɳɯ˧|ʈʂʰɯ˧|ɑ˩ʁo˧hɯ˧dʑo˥|tse˩ʈʂʰv̩˩kʰv̩˥|no˧|mv̩˩tɕo˧se˧|pi˧tsɯ˩|mv̩˩|tʰi˩˥|,kʰv̩˩mi˩ɳɯ˥ ɖɯ˧tsʰo˧ɳɯ˧ ʈʂʰɯ˧ ɑ˩ʁo˧hɯ˧dʑo˩ tse˩ʈʂʰvɯ˩kʰv̩˥ no˧ mv̩˩tɕo˧se˥ pi˧tsɯ˩ mv̩˩ tʰi˩˥
ʈʂʰɯ˧ne˧ʝi˥|le˧tɕɯ˧ɭɯ˧|le˧tɕɯ˧ɭɯ˧|ʈʂʰɯ˧ne˧ʝi˥|le˧jɤ˩|,ʈʂʰɯ˧ne˧ʝi˥ le˧tɕɯ˧˥ le˧ tsʰɯ˧hĩ˥ le˧ji˩
kʰv̩˧mæ˥ʂæ˩ɖɯ˩kʰv̩˩dʑo˩|hõ˧ɬi˧mi˧|gv̩˩ɬi˩mi˩qo˥|mo˧ʈʂʰɯ˥|ɖɯ˧pi˧˥|dʑo˧kv̩˧˥|mv̩˩|,kʰv̩˧mæ˥ʂæ˩ɖɯ˧kʰv̩˧˥dʑo˩ hõ˧ɬi˧mi˧ gv̩˩ɬi˩mi˩qo˥ mo˩˥ ʈʂʰɯ˥ ɖɯ˧pi˧˥ dʑo˩kv̩˥ mæ˩
ʈʂʰɯ˧sɬi˧di˩di˩mi˩qo˩dʑo˩|ʈʂʰɯ˧so˧ɭɯ˧|ɖwæ˧˥|ɖɯ˩ʈʂɤ˩kv̩˥mæ˩|,tsʰo˧si˥ ɬi˧di˩di˩mi˩qo˩zo˩ ʈʂʰɯ˧ so˧ɭɯ˧ ɖwæ˧˥ ɖɯ˧ʈʂɤ˧kv̩˥ mæ˩
əəə…õ˧ʈʂʰɯ˧ne˧ʝi˥zo˩|kʰɤ˧qo˥ɳɯ˩|ɖɯ˧kʰɤ˧ɖɯ˥kʰɤ˩le˩kʰɯ˩kʰɯ˩|,əə… õ˧ʈʂʰɯ˧ne˧ʝi˥zo˩ kʰɤ˧qo˥ɳɯ˩ ɖɯ˧kʰɤ˧ɖɯ˥kʰɤ˩le˩kʰɯ˩kʰɯ˩
njɤ˧mv̩˩|no˧|ə˧ʑi˧lɑ˥|ə˧pʰv̩˧ki˧|lebi˩tsæ˩ɲi˩|ɖwæ˩mɤ˧zo˧wɤ˧|pi˧ni˩zo˩|,njɤ˧mv̩˩ no˧ ə˧ʑi˧lɑ˥ ə˧pʰv̩˧ki˧ le˧bi˩tsɤ˩hĩ˩ ɖwæ˩mɤ˧zo˧ pi˧ni˧ zo˧
dʑi˧mi˧|gv̩˧wo˥pi˩kv̩˩mæ˩|,dʑi˧mi˧gv̩˧wo˥ pi˧kv̩˩mæ˩
tʰi˩˥|nɑ˩bɤ˧ʁɑ˧ɭɯ˧|tʰv̩˧qo˧ɳɯ˧dʑo˥|ə˩gi˩|mmm…zo˧mv̩˧˥|le˧pɤ˥pɤ˩|po˧bi˥|,tʰi˩˥ nɑ˩bɑ˧ ʁɑ˧ɭvɯ̩˧ tsʰo˧qo˧ɳɯ˧dʑo˥ ə˩gi˩ mm…zo˧mv̩˥ le˧pɤ˧ pɤ˧ po˧bi˥
bo˩ʈʂʰæ˧ɖɯ˧ɭɯ˧|ʈʂʰɯ˧dʑəəə…ʈʂʰɯ˧|ɖɯ˧ʈæ˧bɤ˧ki˧ki˩lɑ˩lv̩˩kv̩˩|,bo˩ʈʂʰæ˧ ɖɯ˧ɭɯ˧ ʈʂʰɯ˧ze˧ɻ̃˥ ʈʂʰɯ˧ ʈʰæ˧bɤ˧ki˧ gi˧ lɑ˧lv̩˩kv̩˩
ə˧ʝi˧ʂɯ˥ʝi˩pi˩hĩ˩tɕɤ|gɤ˩ʈʂʰɯ˧qo˧|pi˧|wɤ˩˥|njɤ˧|ə˧si˧ɳɯ˧|lo˧ɲi˥|ʈʂʰɯ˧ne˧ʝi˥|mæ˧kv̩˧˥|mv̩˩,ə˧ʝi˧ʂɯ˥ʝi˩ pi˩ dʑɤ˩gɤ˩ ʈʂʰɯ˧qo˧pi˩ wɤ˩˥ njɤ˧ ə˧si˧ɳɯlo˧ɲi˥ ʈʂʰɯ˧ne˧ʝi˥ mɤ˧kv̩˥mæ˩
zo˩no˥|əəə…zo˩no˥|ə˧ʝi˧tsʰi˧ʝi˧|tje˩ʂɯ˧qo˥gɤ˩|mv̩˧ni˧˥|hæ̃˩bɑ˥lɑ˩|ʂæ˧tsɯ˧tʰv̩˧ʁo˥|,zo˩no˥ nə…zo˩no˥ ə˧ʝi˧tsʰi˧ʝi˧ tʰi˩˥ ʈʂʰɯ˧qo˥gɤ˩ mv̩˩ni˩˥ hæ̃˧bɑ˥lɑ˩ʂæ˩dzɯ˩tʰv̩˩ʁo˩
tʰi˩˥|ʈʂʰɯ˧gi˧se˥dʑo˩|tʰi˩˥|go˧mi˧ʈʂʰɯ˧|le˧ʂɯ˧|ɑ̃,tʰi˩˥ ʈʂʰɯ˧gi˧se˥dʑo˩ tʰi˩˥ go˧mi˧ʈʂʰɯ˧ le˧ʂɯ˧ õ
no˧|ʈʂʰɯ˧bæ˧ʝi˧|njɤ˧|ʈʂʰɯ˧bæ˧ʝi˧|pi˧|hĩ˧ʈʂʰɯ˧|ɖɯ˧ʁwɤ˧|ɖɯ˧ki˧dzi˧˥|hɑ˧ɖɯ˧v̩˧|tʰi˧tɕɤ˩|,no˧ ʈʂʰɯ˧bæ˧ʝi˧ njɤ˧ ʈʂʰɯ˧bæ˧ʝi˧ pi˧ hĩ˧ʈʂʰɯ˧ ɖɯ˧ʁwɤ˥ ɖɯ˧ki˧dzi˧˥ hɑ˧ ɖɯ˧v̩˧ tʰi˩tɕɤ˩
tʰi˩˥|njɤ˧ɻ̍˩ɳɯ˩|hĩ˧ʂɯ˧pi˧dʑo˩|tʰi˩˥|go˧mi˧|hĩ˧ki˧ki˩|pi˧dʑo˩|tʰi˩˥|njæ˧sɯ˩kv̩˩|bo˩ʈʂʰæ˧|po˧mɤ˥kv̩˩mæ˩|,tʰi˩˥ njɤ˧ɻ̍˩ɳɯ˩ hĩ˧ʂe˩ pi˧dʑo˩ tʰi˩˥ go˧mi˧ hĩ˧ki˧ki˩ pi˧dʑo˩ tʰi˩˥ njæ˧sɯ˩kv̩˩ bo˩ʈʂʰæ˧ po˩mɤ˥kv̩˩mæ˩
əəə…se˧pʰɤ˧mɤ˧ɖo˧pi˥|zo˩no˥|,əə…se˧pʰɤ˧mɤ˧ɖo˧ pi˧ zo˩no˥
hĩ˧ɖɯ˧ʑi˩ɳɯ˩|hĩ˧ɖɯ˧v̩˧jo˧|,hĩ˧ ɖɯ˧ʑi˩ɳɯ˩ hĩ˧ ɖɯ˧v̩˧jo˧
õ˧˥|ʈʂʰɯ˧ʁo˥lɑ˩dʑo˩kv̩˩ɲi˩wɤ˩|,õ˧ʈʂʰɯ˧ʁo˥lɑ˩dʑo˩kv̩˩ɲi˩
so˩kʰv̩˩hĩ˥ʈʂʰɯ˩dʑo˩|kʰv̩˧kʰv̩˧ʂɯ˥ʁɑ˩bi˩zo˩kv̩˩mæ˩|ʈʂʰɯ˧v̩˧ki˧|,so˩kʰv̩˩hĩ˥ ʈʂʰɯ˧dʑo˩ kʰv̩˧ kʰv̩˧ʂɯ˥ʁɑ˩bi˩ zo˩kv̩˩æ ʈʂʰɯ˧v̩˧ki˧
ə˧v̩˧˥|zo˩no˥|ɖɯ˧t|ʐv̩˩kv̩˩˥|le˧ʂɯ˧|,ə˧v̩˧˥ zo˩no˥ ɖɯ˧tɑ˧˥ ʐv̩˩kv̩˩˥ le˧ʂɯ˧
tʰi˩˥|ɑ˩ʁo˧|ʑi˧mi˧ɖɯ˧ɭɯ˧hĩ˧ʈʂʰɯ˧dʑo˩|tʰi˩˥|ʈʂʰɯʈʂʰɯ˧ne˧gv̩˧ɲi˥mæ˩|,tʰi˩˥ ɑ˩ʁo˧ʑi˧mi˧ ɖɯ˧ɭɯ˧hĩ˧ʈʂʰɯ˧dʑo˩ ĩʈʂʰɯ˧ ʈʂʰɯ˧ne˧gv̩˧ɲi˥ze˩mæ˩
ʈæ˧bɤ˧ʈʂʰɯ˧|,ʈæ˧bɤ˧ʈʂʰɯ˧
ʈʂʰɯ˧dʑo˩|æ˧ʂæ˧|nɑ˩bv̩˥|zo˩no˥|ɖɯ˩lo˧ɲi˥mæ˩|,ʈʂʰɯ˧dʑo˩ æ˧ʂæ˧ nɑ˩bv̩˩˥ zo˩no˥ ɖɯ˩lo˧ɲi˥mæ˩
ĩ˧|so˧|ɖɯ˧æ˩tʰi˩qæ˩|,ĩ so˧ ɖɯ˧æ˩ tʰi˧qæ˩
tʰi˩˥|ʈʂʰɯ˧ne˧ʝi˥dʑo˩|tʰi˩˥|ɖɯ˧ɲi˧ɻ̍˧dʑo˩|mv̩˩lɑ˥|zo˩no˥|mv̩˩ʈʂʰɯ˥|zo˩no˥|ɖɯ˧di˩ki˩ɲi˩tsɯ˩|mv̩˩|,tʰi˩˥ ʈʂʰɯ˧ne˧ʝi˥dʑo˩ tʰi˩˥ ɖɯ˧ɲi˧ɻ̍˩dʑo˩ mv̩˩lɑ˥ zo˩no˥ mv̩˩ʈʂʰɯ˥ zo˩no˥ ɖɯ˧di˩ki˩ɲi˩tsɯ˩ mv̩˩
ə˧mv̩˧ɳɯ˥|ʈʂʰɯ˧ne˧ʝi˥|pi˧ɲi˥tsɯ˩|mv̩˩,ə˧mv̩˧ɳ˥ ʈʂʰɯ˧ne˧ʝi˥ pi˧ɲi˥tsɯ˩ mv̩˩
əəə…bv̩˧ʐv̩˧ʝi˧|æ̃˩so˥kʰv̩˩pi˩|mv̩˧bv̩˧mv̩˧gv̩˧ʑi˧˥|hwɤ˧so˧kʰv̩˥|pi˧|,ɑ̃bv̩˧ʐv̩˧gi˧ æ̃˩so˧kʰv̩˧pi˩ mv̩˧bv̩˧ mv̩˧gv̩˧ʑi˥ hwɤ˧˥so˧kʰv̩˥ pi˧
tsʰæ˧pʰv̩˧˥|dʑo˩|dʑo˧mɤ˧kv̩˧˥|ə˧ʝi˧ʂɯ˥ʝi˩|v̩˩tsʰɤ˧tsʰɑ˧nɑ˥|,tsʰæ˧pʰv̩˧˥dʑo˩ dʑo˧mɤ˧kv̩˧˥ ə˧ʝi˧ʂɯ˥ʝi˩ v̩˩tsʰɤ˧tsʰɤ˧nɑ˥
tɕɤ˧qʰɑ˧mo˩|kʰwɤ˧pʰv̩˧mo˧pi˥hĩ˩tʰv̩˩|kʰwɤ˧pʰv̩˧lɑ˧tɕɤ˧qʰɑ˧|tʰi˧di˥hĩ˩tʰv̩˩qo˩dʑo˩|mo˧ʈʂʰɯ˥|ɖɯ˧ʈɻ̍˩ɖɯ˩ʈɻ̍˩|ʈʂʰɯ˧ne˧ʝi˥|tʰi˧di˩kv̩˩mv̩˩|,tɕɤ˧qʰɑ˧˥mo˩ kʰwɤ˧pʰv̩˧mo˧pi˥hĩ˩ tʰv̩˧ kʰwɤ˧pʰv̩˧lɑ˧ tɕɤ˧qʰɑ˧tʰi˧di˥hĩ˩ tʰv̩˧qo˧dʑo˧ mo˧ʈʂʰɯ˧ ɖɯ˧ʈv̩˩ɖv̩˩ʈv̩˩zo˩ ʈʂʰɯ˧ne˧ʝi˥ tʰi˧di˩kv̩˩mv̩˩
ɖwæ˧˥|so˩kv̩˩˥|,ɖwæ˧˥ so˩kv̩˩˥
ʑi˧ʁæ˧dzi˧˥|ʑi˧ʁæ˧dzi˧pi˥|zo˩no˧ne˩ʝi˩zo˩|əəə…tʰɑ˧v̩˥|tʰææ̃˧mɤ˧di˥|,ʑi˧ʁæ˧dzɯ˥ ʑi˧ʁæ˧dzɯ˧ pi˧ zo˩no˧ni˩zo˩ əə… tʰɑ˩v̩˥ ʈʰææ̃˧mɤ˧di˥
ɖɯ˧v̩˧|ɖɯ˧ɭɯ˧hwæ˥|le˧po˧jo˥kv̩˩mæ˩|,ɖɯ˧v̩˧ɖɯ˧ɭɯ˧hwæ˧ le˧po˧jo˥kv̩˩mæ˩
tʰi˩˥|ə˧ʝi˧ʂɯ˥ʝi˩|se˧kʰɯ˩|ʁo˧ni˥|ʁo˧qʰwɤ˩ʂæ˩hĩ˩|,tʰi˩˥ ə˧ʝi˧ʂɯ˥ʝi˩ se˧kʰɯ˩ ʁo˧ni˥ ʁo˧qʰwɤ˩ʂæ˩hĩ˩
hæ˧so˩zo˩|ɖɯ˧ɬi˧mi˧|ɲi˧ɬi˧mi˧qo˧tʰv̩˧dʑo˥|dʑɯ˩ʁo˩˥|qʰwæ˩kɤ˩˥|qʰwæ˩kɤ˩ʈʂʰɯ˥|le˧hæ̃˧le˥po˩jo˩|mmm…v̩˩tsʰɤ˧lv̩˧bv̩˧|le˧gv̩˩|,hæ˧so˩zo˩ ɖɯ˧ɬi˧mi˧ ɲi˧ɬi˧mi˧qo˧tʰv̩˧dʑo˥ dʑɯ˩ʁo˩˥ qʰwæ˩kɤ˩˥ qʰwæ˩kɤ˩ʈʂʰɯ˥ le˧hæ̃˧le˥po˩jo˩ mm…v̩˩tsʰɤ˧ lv̩˧bv̩˥ le˧gv̩˩
ʑi˧mi˧tɕʰo˧kʰi˥ɲi˩|pi˧kv̩˩mæ˩|,ʑi˧mi˧tɕʰo˧kʰi˥ɲi˩ pi˧kv̩˩mæ˩
wɤ˩˥|sɑ˧|le˧ɲi˩|le˧ɲi˩|le˧ɲi˩|tʰi˩˥|ɣɯ˧|le˧dɑ˩|le˧dɑ˩|ho˧di˧tɕʰi˧bi˧kv̩˧˥|mæ˩|,wɤ˩˥ sɑ˧ɬi˧ɲi˩ le˧ɲi˩ le˧ɲi˩ tʰi˩˥ ɣɯ˧ le˧dɑ˩˥ le˧dɑ˩ ho˧di˧tɕʰi˧bi˧kv̩˧˥ mæ˩
zo˩no˥|ʈæ˧bɤ˧ki˥lɑ˩qʰæ˩ze˩|,zo˩no˥ ʈæ˧bɤ˧ki˧lɑ˩qʰæ˩ze˩
wɤ˩˥|tʰi˧tɕɯ˥kv̩˩ze˩mæ˩|ʝi˧le˧lv̩˩|tʰi˧tɕɯ˥|,wɤ˩˥ tʰi˧tɕɯ˧kv̩˥ze˩mæ˩ ʝi˧ le˧lv̩˩ tʰi˧tɕɯ˥
æ˧ʂæ˧tɑ˩mv̩˩|ʈʂʰɯ˧ne˧ʝi˥|pi˧kv̩˩mæ˩|ɑ˩ʁo˧|mv̩˩zo˩ɻæ˩ɳɯ˥|le˧ʈʂæ˧|gɤ˩mɤ˧ʈi˩|,æ˧ʂæ˧tɑ˥mv̩˩ ʈʂʰɯ˧ne˧ʝi˥ pi˧kv̩˩˥mæ˩ ɑ˩ʁo˧ mv̩˩zɑ˩ɳɯ˥ le˧ʈʂæ˧˥ kɤ˧wɤ˥jo
gv̩˩pʰæ˩˥|ɲi˧tv̩˧pʰæ˧˥|so˧tv̩˧pʰæ˧˥|õ˧ʈʂʰɯ˧ne˧ʝi˥|le˧dɑ˧˥|dʑɯ˩ʁo˩˥|tʰi˧tɕɯ˥dʑo˩|tʰi˩˥|le˧po˧tsʰɯ˧˥|dʑo˩|tʰi˩˥|gv̩˩pʰæ˩˥|le˧|ɖɯ˧tv̩˧|ɲi˧tv̩˧|le˧po˧tsʰɯ˧˥|ɑ˩ʁo˧|mmm…tʰi˩˥|tʰi˧tɕɯ˥|,gv̩˩pʰæ˩˥ ɲi˧tv̩˧pʰæ˧˥ so˧tv̩˧pʰæ˧˥ õ˧ʈʂʰɯ˧ne˧ʝi˥ le˧dɑ˧˥ dʑɯ˧ʁo˥ tʰi˧tɕɯ˥dʑo˩ tʰi˩˥ le˧po˧tsʰɯ˧˥ dʑo˩ tʰi˩˥ gv̩˩pʰæ˧˥ leɖɯ˧tv̩˧ɲi˧tv̩˧ le˧po˧tsʰɯ˧˥ ɑ˩ʁo˧ mm…tʰi˩˥ tʰi˧tɕɯ˥
ə˧lɑ˧ʁwɤ˧dzi˩kʰɯ˩dʑo˩|tʰi˩˥|mmm…sɯ˧pʰi˧|ə˧tso˧mɤ˧ɲi˩|sɯ˧pʰi˧ɳɯ˧|ə˧lɑ˧ʁwɤ˧dzi˩kʰɯ˩|tʰi˩˥|sɯ˧pʰi˧lo˧ʝi˧|,ə˧lɑ˧ʁwɤ˧dzi˩kʰɯ˩dʑo˩ tʰi˩˥ mm…sɯ˧pʰi˧ ə˧tso˧mɤ˧ɲi˩ sɯ˧pʰi˧ɳɯ˧ ə˧lɑ˧ʁwɤ˧dzi˩kʰɯ˩ tʰi˩˥ sɯ˧pʰi˧lo˧ʝi˧
tʰi˩˥|õ˧bv̩˥õ˩|ɖʐo˧|qæ˧do˧tʰi˥di˩hĩ˩|tʰv̩˧kʰwɤ˧gɤ˥ʑi˩|,tʰi˩˥ õ˧bv̩˥õ˩ ɖʐo˧ qæ˧do˧ tʰi˧di˩hĩ˩ʈʂʰɯ˧kʰwɤ˩ gɤ˧ʑi˩
tʰi˩˥|kv̩˧|ʈʂʰɯ˧dʑo˩|mo˧bv̩˥|zo˩no˥|ʈʂʰæ˧ɣɯ˧ɲi˥|pi˧zo˩|ə˩gi˩|,tʰi˩˥ kv̩˧ʈʂʰɯ˧dʑo˩ mo˧bv̩˥ zo˩no˥ ʈʂʰæ˧ɣv̩˧ɲi˥ pi˧zo˩ ə˩gi˩
ʐo˩dzɯ˩˥|wɤ˩˥|ʐwæ˧tɕi˥|le˧pʰv̩˧˥|wɤ˩˥|ɖɯ˧ʂɯ˩dzɯ˩|wɤ˩˥|ʐwæ˧|ɖɯ˧lv̩˧˥|wɤ˩˥|ɖɯ˧ʂɯ˩ʈʂæ˩|,ʐo˩dzɯ˩˥ wɤ˩˥ ʐwæ˧tɕɯ˥ le˧pʰv̩˧˥ wɤ˩˥ ɖɯ˧ɯ˧ʂɯ˩dzɯ˧ wɤ˩˥ ʐwæ˧ ɖɯ˧lv̩˧ĩ˥ wɤ˩˥ ɖɯ˧ʂɯ˩ʈʂæ˩
qʰv̩˧˥|dʑo˩|tʰi˩˥|mi˩zɯ˩˥|ɖɯ˧v̩˧dʑo˩tsɯ˩mv̩˩|,qʰv̩˩˥ dʑo˩ tʰi˩˥ mi˩zɯ˩˥ ɖɯ˧v̩˧dʑo˩tsɯ˩mv̩˩
tʰi˩˥|ə˧ʝi˧ʂɯ˥ʝi˩dʑo˩|ʝi˧bi˧di˧mɤ˧di˥|,tʰi˩˥ ə˧ʝi˧ʂɯ˥ʝi˩dʑo˩ ʝi˧bi˧di˧mɤ˧di˧
ʈʂʰɯ˧ne˧ʝi˥|ɖɯ˧kʰwɤ˧dʑo˧|gɯ˧ɳɯ˧|qʰæ˧dʑo˧|mɤ˧do˩|ə˩gi˩|,ʈʂʰɯ˧ne˧ʝi˥ ɖɯ˧kʰwɤ˧dʑo˥ gɤ˧ɳɯ˧ qʰæ˧tɕi˧ mɤ˧do˩ ə˩gi˩
ə˧ʝi˧ʂɯ˥ʝi˩|ho˧di˧mɤ˧ɲi˩|ʂe˧ʈʂe˩|dʑo˧mɤ˧kv̩˧pʰæ˥di˩|ʂe˧ʈʂe˩hwæ˩|le˧po˧jo˥kv̩˩mæ˩|,ə˧ʝi˧ʂɯ˥ʝi˩ ho˧di˧mɤ˧ɲi˩ ʂe˧ʈʂʰɯ˩ dʑo˧mɤ˧kv̩˧pʰæ˥di˩ ʂe˧ʈʂe˩hwæ˩ le˧po˧jo˥kv̩˩mæ˩
ʂe˧pʰæ˩|ɖɯ˧pʰæ˧˥|tʰi˧kʰɯ˧˥|,ʂe˧pʰæ˩ ɖɯ˧pʰæ˧tʰi˥kʰɯ˩
gv̩˧wo˥,ə˧zɯ˩ɖɯ˧
kʰv̩˩mi˩tʰv̩˩v̩˩ɳɯ˥|hĩ˧|ɖɯ˧v̩˧tsɤ˧ɲi˥ze˩|tʰi˩˥|əəə…zo˩no˥|tsʰe˩so˩kʰv̩˩gv̩˩˥|kwɤ˩tɕɯ˩lɑ˩|hĩ˧|ɖɯ˧v̩˧tsɤ˧ɲi˥ze˩|,kʰv̩˩mi˩tʰv̩˩v̩˩ɳɯ˥ hĩ˧ ɖɯ˧v̩˧tsɤ˧ɲi˥ze˩ tʰi˩˥ əə…zo˩no˥ tsʰe˩so˩kʰv̩˩gv̩˩˥ kwɤ˩tɕɯ˩lɑ˩ hĩ˧ ɖɯ˧v̩˧tsɤ˧ɲi˥ze˩
tʰi˩˥|ʈʂʰɯ˧|so˧bæ˧hĩ˧|ʈʂʰɯ˧dʑo˩|tsʰe˧ʝi˧dʑo˩|ʑi˧qʰwɤ˧dɑ˧tso˧ɲi˥|pi˧zo˩|gv̩˩ɬi˩mi˩qo˥ɳɯ˩|əəə…ɬi˩bi˩ʈʂʰɯ˥|le˧qwæ˧˥|wɤ˩˥|ɑ˩ʁo˧|lv̩˧qo˧|tʰi˧tv̩˧hĩ˧ʈʂʰɯ˧|gɤ˩qwæ˩˥|,tʰi˩˥ ʈʂʰɯ˧so˧bæ˧hĩ˧ʈʂʰɯ˧dʑo˩ tsʰe˧ʝi˧ʑ˩ ʑi˧qʰwɤ˧dɑ˧tso˧ɲi˥ pi˧zo˩ gv̩˩ɬi˩mi˩qo˥ɳɯ˩ əə…ɬi˩bi˩ʈʂʰɯ˥ le˧qwæ˧˥ wɤ˩˥ ɑ˩ʁo˧ tlv̩˧qo˧tʰv̩˧tv̩˧hĩ˧ʈʂʰɯ˧ gæ˩qwæ˧˥
se˧kʰɯ˩|ʁo˧ni˥|ʈʂʰɯ˧ne˧ʝi˥|ɖɯ˧bo˩|qʰɑ˧ʂæ˧gv̩˧|ʈʂʰɯ˧ne˧ʝi˥|ɖɯ˧bo˩|,se˧kʰɯ˩ʁo˩ni˥ ʈʂʰɯ˧ne˧ʝi˥ ɖɯ˧bo˩ qʰɑ˧ʂæ˧gv̩˧ ʈʂʰɯ˧ne˧ʝi˥ ɖɯ˧bvo˩
kʰv̩˩mi˩ki˥dʑo˩|tʰi˩˥|pʰv̩˩ɖɯ˩ʝi˥zo˩kv̩˩|hĩ˧hĩ˧zɯ˧zɯ˥lɑ˩|kʰv̩˩zɯ˩zɯ˥pi˩|zo˩no˥|hĩ˧lɑ˩|kʰv̩˧dʑo˩|ɖɯ˧bæ˧lɑ˧ɲi˥|,kʰv̩˩mi˩ki˥dʑo˩ tʰi˩˥ pʰv̩˧ɖɯ˧ʝi˥zo˩kv̩˩ hĩ˧ hĩ˧ zɯ˧zɯ˧lɑ˩ kʰv̩˩zɯ˥zɯ˩pi˩ zo˩no˥ hĩ˧lɑ˩ kʰv̩˧dʑo˩ ɖɯ˧bæ˧lɑ˧ɲi˥
tʰi˩˥|əəə…ə˧mi˧|ɖɯ˧do˩ki˩dʑo˩|tʰi˩˥|wɤ˩˥|ə˧mi˧|le˧tɕʰɯ˧˥|tɕɯ˩hɯ˩zo˩|,tʰi˩˥ ə…ə˧mi˧ɖɯ˧do˩ɻ̍ki˩dʑo˩ tʰi˩˥ɤ˩ ə˧mi˧ le˧tɕʰɯ˧˥tɕi˩hɯ˩zo˩
ʈʂʰɯ˧ne˧ʝi˥|ʁɑ˩mi˧|ɲi˧zo˧|njɤ˩ɭɯ˧lɑ˧|ʁo˧qʰwɤ˩dʑo˩|tʰi˧di˩zo˩|,ʈʂʰɯ˧ne˧ʝi˥ ʁɑ˩mi˧ ɲi˧zo˧ njɤ˩ɭɯ˧lɑ˧ ʁo˧qʰwɤ˩zo˩dʑo˩ tʰi˧di˩zo˩
ɖɯ˧kʰv̩˧˥|ɲi˧kʰv̩˧˥|tsʰe˧kʰv̩˧gv̩˧ɲi˥ze˩mæ˩ə˩gi˩|,ɖɯ˧kʰv̩˧˥ ɲi˩kʰv̩˩˥ tsʰe˩kʰv̩˩gi˩ɲi˥ze˩mæ˩ ə˩gi˩
tʰi˩˥|dʑo˩gi˩˥|dʑo˩|tʰi˩˥|hĩ˧ɻæ˥|tʰi˩˥|kə˧mv̩˧˥|tʰi˩˥|ʂɯ˧tse˥|mɤ˧hɯ˧|tʰi˧dzi˩kʰɯ˩tsɯ˩|mv̩˩|,tʰi˩˥ dʑo˩ gi˩˥ dʑo˩ tʰi˩˥ hĩ˧ɻæ˥ tʰi˩˥ kə˧mv̩˧˥ tʰi˩˥ ʂɯ˩tsɤ˧˥ mɤ˧hɯ˧ tʰi˧dzi˩kʰɯ˩tsɯ˩ mv̩˩
njɤ˧|ə˧si˧ɳɯ˧|ʈʂʰɯ˧ne˧ʝi˥|ʐwɤ˩kv̩˩˥|mv̩˩|,njɤ˧ ə˧si˧ɳɯ˧ ʈʂʰɯ˧ne˧ʝi˥ ʐwɤ˩kv̩˩˥ mæ˩
ʈʂʰɯ˧ne˧ʝi˥|le˧ʈʂʰo˥|le˧ʈʂʰo˥dʑo˩|tʰi˩˥|əəə…ʁwɤ˧ʁwɤ˧qo˧|njæ˧sɯ˩kv̩˩|bi˧|ɖɯ˧ʑi˩ɳɯ˩|ɖɯ˧v̩˧|bi˧|ʈʰææ̃˧|tʰi˧gəəə…tʰi˧dzi˩|ʈʂʰɯ˧ne˧ʝi˥|ŋv̩˩kv̩˩˥|mæ˩|,ʈʂʰɯ˧ne˧ʝi˥ le˧ʈʂʰo˧˥ le˧ʈʂʰo˧˥ dʑo˩ tʰi˩˥ əəəə…ʁwɤ˧qo˧ njæ˧sɯ˩kv̩˩ bi˧ ɖɯ˧ʑi˩ɳɯ˩ ɖɯ˧v̩˧bi˧ ʈʰæɑ̃˧ tʰi˧qoəə…tʰi˧dzi˩zi˩ ʈʂʰɯ˧ne˧i˥ ŋv̩˩kv̩˥ mæ˩
lɑ˧tʰɑ˧di˧ɳɯ˥|tʰi˩˥|ə˧lɑ˧ʁwɤ˧dzi˩|,lɑ˧tʰɑ˧di˧ɳɯ˥ tʰi˩˥ ə˧lɑ˧ʁwɤ˧dzi˩
zo˩no˥|kʰv̩˩mi˩ki˥|pʰv̩˧ɖɯ˧mɤ˧ʝi˥|pi˧dʑo˩|dʑɤ˩mɤ˧kv̩˧pi˥zo˩|,zo˩no˥ kʰv̩˩mi˩ki˥ pʰv̩˧ɖɯ˧mɤ˧ʝi˥ pi˧dʑo˩ dʑɤ˩mɤ˧kv̩˧˥ pi˧zo˩
ʂɯ˧tsʰi˩hõ˩tsʰi˩kʰv̩˩ɖɯ˩bi˩|õ˧bv̩˥õ˩ɲi˩ze˩,ʂɯ˧tsʰi˩hõ˩tsʰi˩kʰv̩˩ɖɯ˩bi˩ õ˧bv̩˥õ˩ɲi˩ze˩
əəə…bæ˩bæ˩bæ˥pi˩|tsʰe˧tʰv̩˧kv̩˧hĩ˥|ɖɯ˧ʁo˩dʑo˩dʑo˩|õ˧tʰv̩˧ʁo˥hĩ˩tʰv̩˩|,əə…bæ˩bæ˩bæ˩˥ pi˧ tsʰe˧tʰv̩˧kv̩˧hĩ˧ɖɯ˧ʁo˩dʑo˩dʑo˩ õ˧tʰv̩˧ʁo˥tʰv̩˩ɻ
tʰi˩˥|ʈʰæ˧mi˧ɳɯ˩|di˩li˩ʁo˩bv̩˥dʑo˩|le˧tɕɤ˧˥|,tʰi˩˥ ʈʰææ̃˧ di˩li˩ʁo˩bv̩˥tɕo˩ le˧tɕɤ˧˥
ʂe˩mo˧ɲi˥pi˩|ɖɯ˧ʁo˩dʑo˩kv̩˩|zo˩no˥|ɖwæ˧˥|pʰv̩˧ɖɯ˧hĩ˥tʰv̩˩ʁo˩dʑo˩|ʂe˩mo˧ɲi˥|pi˧kv̩˩mæ˩|,ʂe˩mo˧ɲi˥pi˩ ɖɯ˧ʁo˩dʑo˩kv̩˩ zo˩no˥ ɖwæ˩˥˥ pʰv̩˧ɖɯ˧hĩ˥ tʰɯ˧ʁo˩dʑo˩ ʂe˩mo˧ɲi˥ pi˧kv̩˩mæ˩
tʰi˩˥əəə…|õ˧tʰv̩˧əəə…ə˧pʰv̩˧dʑo˧|ə˧pʰv̩˧ɲi˩ze˩mæ˩|ə˩gi˩|njæ˧sɯ˩kv̩˩|ə˧pʰv̩˧|ə˧ʑi˧˥|ə˧pʰv̩˧ɲi˩ze˩mæ˩|tʰv̩˧sɯ˩kv̩˩|zo˧mv̩˥|mɤ˧dʑo˩ɲi˩ze˩mæ˩|,tʰi˩˥ ə…oʈtʰv̩˧əə… ə˧pʰv̩˧dʑo˧ æə˧pʰv̩˩ɲi˩ze˩mæ˩ ə˩gi˩ njæ˧sɯ˩kv̩˩ ə˧pʰv̩˧ ə˧ʑi˧˥ ə˧pʰv̩˩ɲi˩zmi˩sɯkv̩˩ zo˧mv̩˥ mɤ˧dʑo˩ɲi˩ze˩mæ˩
li˧hɯ˧dʑo˥|ɲi˧zo˧ʈʂʰɯ˧|qʰɑ˧ɖɯ˧mi˧hĩ˧|ɖɯ˧mi˩|tʰi˧dʑo˩|pi˧tsɯ˩mv̩˩|,li˧hɯ˧dʑo˧ ɲi˧zo˧ʈʂʰɯ˧ ɑ˧qʰɑ˧ɖɯ˧mi˧ɖɯ˧mi˩ tʰi˧ɤ˩dʑo˩ pi˧tsɯ˩ mv̩˩
dʑɤ˩tsʰo˧dʑo˧|ə˧ʝi˧ʂɯ˥ʝi˩mmm…dʑo˩|kɤ˧kɤ˩|tʰi˧dzi˩dʑo˩||,dʑɤ˩tsʰɑ˧dʑo˥ ə˧ʝi˧ʂɯ˥ʝi˩dʑo˩ kɤ˧kɤ˩ tʰi˧dzi˩dʑo˩
jɤ˧ŋɤ˧dʑo˧|ə˧ʝi˧ʂɯ˥ʝi˩|hæ̃˩bɑ˥lɑ˩|,jɤ˧ŋɤ˧dʑo˧ ə˧ʝi˧ʂɯ˥ʝi˩ hæ̃˩bɑ˥lɑ˩
pʰɤ˧bɤ˧|ɖɯ˧tɑ˧˥|le˧po˧˥|tso˧tso˧le˧po˧˥|no˧ɳɯ˧|pi˧ni˧˥|bo˩ʈʂʰæ˥|le˧po˧˥|,pʰɤ˧bɤ˧ ɖɯ˧tɑ˧˥ le˧po˧˥ tso˧tso˧ le˧po˧˥ no˧ɳɯ˧ pi˧ni˧ bo˩ʈʂʰæ˧˥ le˧po˧˥
dʑɯ˩nɑ˩mi˩ʁo˩˥|tʰi˩˥|mo˧˥|ɲi˩ze˧gɤ˧|le˧ɖʐɤ˧˥|tʰi˧dzɯ˥dʑo˩|ʈʂʰɯ˧|mɤ˧sɯ˧ɲi˥|ə˧tso˧ə˧tso˧ɲi˩|mɤ˧sɯ˧ɲi˥|,dʑɯ˩nɑ˩mi˩ʁo˩˥ tʰi˧ mo˧˥ ʝi˧ze˧gɤ˧ le˧ʐɤ˧ tʰi˧dzɯ˥dʑo˩ ʈʂʰɯ˧mɤ˧sɯ˧˥ ɲi˥ ə˧tsɯ˧ ə˧tso˧ɲi˧ mɤ˧sɯ˥ɲi˩
ʐv̩˩ɬi˩mi˩˥|mv̩˧dze˧mv̩˩|ŋwɤ˩ɬi˩mi˩˥|qʰv̩˧ɬi˧mi˧|dze˧ɭɯ˧mv̩˩ze˩tsɯ˩|mv̩˩,ʐv̩˩ɬi˩mi˩˥ mv̩˧dzɤ˧mv̩˩˥ ŋwɤ˩ɬi˩mi˩˥ qʰv̩˧ɬi˧mi˧ dze˧ɭɯ˧mv̩˩ze˩tsɯ˩ mv̩˩
ho˧di˧bi˧|ho˧di˧|əəə…li˩˥|le˧tɕɯ˧po˥|əəə…mɤ˧lɑ˧|li˩˥|le˧tɕɯ˧˥|ho˧di˧tɕʰi˧bi˧kv̩˧˥|mæ˩|ə˧ʝi˧ʂɯ˥ʝi˩|,ho˧di˧bi˧ ho˧di˧ əə…li˩˥ le˧tɕɯ˧po˩ mɤ˧lɑ˧ li˩˥ le˧tɕɯ˧˥ ho˧di˧tɕʰi˧bi˧kv̩˥mæ˩ ə˧ʝi˧ʂɯ˥ʝi˩
tsʰe˧ɬi˧mi˧qo˩|gv̩˩ɬi˩mi˩qo˥tʰv̩˩|wɤ˩˥|ɕi˧|le˧kʰv̩˥|wɤ˩˥|hɑ˧|le˧lɑ˧˥|,tsʰe˧ɬi˧mi˧qo˧ gv̩˩ɬi˩mi˩qo˥tʰɯ˩ wɤ˩˥ si˧ le˧kʰv̩˧˥ wɤ˩˥ hɑ˧ le˧lɑ˧˥
ʈʂʰɯ˧ne˧ʝi˥|le˧ɲi˩|le˧ɲi˩|wɤ˩˥|ʈʂʰɯ˧ne˧ʝi˥|le˧tɕɯ˧ɭɯ˧|wɤ˩˥|ʈʂʰɯ˧ne˧ʝi˥|le˧ɲi˩|le˧ɲi˩|ʈʂʰɯ˧ne˧ʝi˥|le˧tɕɯ˧ɭɯ˧|ʈʂʰɯ˧ne˧ʝi˥|le˧gv̩˩|,ʈʂʰɯ˧ne˧ʝi˥ le˧ɲi˩ le˧ɲi˩ wɤ˩˥ ʈʂʰɯ˧ne˧ʝi˥ le˧tɕɯ˧˥le˥ wɤ˩˥ ʈʂʰɯ˧ne˧ʝi˥ le˧ɲi˩ le˧ɲi˩ ʈʂʰɯ˧ne˧ʝi˥ le˧tɕɯ˧ɭɯ˧ ʈʂʰɯ˧ne˧ʝi˥ le˧ɭɯ˧gv̩˩
ʂo˧qo˧tʰʈæ˧bɤ˧dʑɯ˧˥|pi˧|ʂo˧qo˧tʰɑ˩|ɖɯ˩hĩ˩˥|ɲi˧po˩|so˧po˧hwæ˧le˧po˧tsʰɯ˧˥|,ʂo˧kʰwɤ˩ʰʈæ˧bɤ˧dʑɯ˧˥ pi˧ ʂo˧kvo˩tʰɑ˩ ɖɯ˩hĩ˥ ɲi˧po˩so˩pv̩˩ hwɑ˩ le˧po˧tsʰɯ˧˥
ĩ˧|mi˧tʰv̩˧|le˧w̃æ˧|ʈʂʰɯ˧bv̩˧bv̩˧gv̩˥kv̩˩ɲi˩|,ə˧mi˧tʰv̩˧ le˧w̃˧ʈʂʰɯ˥ bv̩˧bv̩˧vo˧ki˩ɲi˩
ə˧hwɤ˧|lɑ˧ɳɯ˧|njɤ˧ə˧mɑ˧|le˧ʈʰæ˧ze˥|,ə˧hwɤ˧lɑ˧ɳɯ˧ njɤ˧ ə˧mɑ˧ le˧ʈʰæɑ˧ze˧
tʰi˩˥|tʰv̩˧ɲi˥kɯ˩qo˩|le˧ʈʂɤ˧dʑo˥|tʰi˩˥|ə˧mi˧ɻæ˩ɳɯ˩|ɑ˩ʁo˧|ʐɯ˧tɕɤ˧kv̩˥ze˩|,tʰi˩˥ ʈʂʰɯ˧ɲi˧kɯ˧qo˩ le˧ʈʂɤ˧ tʰi˩˥ ə˧mi˧ɻæ˩ɳɯ˩ʁo˥ ʐɯ˧tɕɤ˧kv̩˥ze˩
ə˧ʝi˧ʂɯ˥ʝi˩|nɑ˩ʈʂʰɯ˥dʑo˩|zo˧ɖɯ˥dʑo˩|ʈʂʰwɤ˩tʰv̩˩kv̩˥tsɯ˩|mv̩˩|mv̩˩ɖɯ˩˥|dʑo˩|ʐo˩tʰv̩˩kv̩˥tsɯ˩|mv̩˩,ə˧ʝi˧ʂɯ˥ʝi˩ nɑ˩ʈʂʰɯ˥dʑo˩ zo˧ɖɯ˩˥dʑo˩ ʈʂʰwɤ˩tʰv̩˩kv̩˥tsɯ˩mv̩˩ mv̩˩ɖɯ˩˥ dʑo˩ ʐo˩tʰv̩˩kv̩˥tsɯ˩mv̩˩
ʈʂʰɯ˧ne˧ʝi˥|ʈʂʰɯ˧ne˧hĩ˥|tɑ˧tɑ˧|ʈʂʰɯ˧ne˧ʝi˥|ɖɯ˧kʰwɤ˥lɑ˩tʰv̩˩ɲi˩|ɲi˧ɲi˥|,ʈʂʰɯ˧ne˧ʝi˥ ʈʂʰɯ˧ne˧ʝi˥ tɑ˧tɑ˧ kʰi˧ne˧˩˥ ɖɯ˧kʰwɤ˥ tʰv̩˧hĩ˥ ɲi˧ɲi˥
go˧mi˧hĩ˧ki˧ki˩dʑo˩|tʰi˩˥|tʰv̩˧ɲi˧dʑo˩|mmm…ə˧mv̩˧˥|dʑo˩|tʰi˩˥|,go˧mi˧ hĩ˧ki˧ki˩dʑo˩ tʰi˩˥ ʈʰv̩˧ɲi˩dʑo˩ əə…ə˧mv̩˧˥ dʑo˩ tʰi˩˥
mɤ˧bi˧ze˧|mɤ˧bi˧ze˧|ə˧zɯ˩|le˧wo˧bi˧|ʈʂʰɯ˧|hwɤ˧tɕi˥|le˧ɖʐɤ˧˥|pi˧tsɯ˩|mv̩˩|zo˧ki˧|,mɤ˧bi˧ze˧mɤ˧bi˧ze˧ ə˧zɯ˩ le˧wo˧bi˥ tʰv̩˧hwɤ˧tɕi˥ le˧ɖʐɤ˧˥ pi˧tsɯ˩ v̩˩zo˧ki˩
zo˩no˥|njɤ˧|ə˧si˧|ʈʂʰɯ˧tɕi˩|ʈʂʰɯ˧ne˧ʝi˥|ʐwɤ˩kv̩˩˥|mæ˩|,zo˩no˥ njɤ˧ ə˧si˧ ə˧ʈʂʰɯ˧ʈʂi˧ɳɯ˧ ʈʂʰɯ˧ne˧ʝi˥ ʐwɤ˩kv̩˩˥ mæ˩
ɖɯ˧ʁwɤ˧|ʐwæ˧tɕɯ˩zo˩|so˩kv̩˩dʑo˩˥|pi˧dʑo˩|njɤ˧ɻ̍˩ɳɯ˩|le˧tɕɯ˧le˥po˩tsʰɯ˩|pi˧|njɤ˧|ɑ˩ʁo˧|hwæ˧tsʰɯ˩ɲi˩ze˩mæ˩|,ɖɯ˧ʁwɤ˧ʐwæ˧tɕɯ˩zo˩ so˩kv̩˩dʑo˩˥ pi˧dʑo˩ njɤ˧ɻ̍ɳɯ˧ le˧tɕɯ˧le˥po˩tsʰɯ˩pi˩ njɤ˧ ˩ʁo˧˥ hwæ˧tsʰɯ˩ɲi˩ze˩mæ˩
ə˧mɑ˧|nɑ˩dʑi˧hṽ̩˧|dʑo˧ɲi˥mæ˩|,ə˧mɑ˧ nɑ˩dʑi˥hṽ̩˧ dʑo˩ɲi˥mæ˩
zo˩no˧|ə˧ʝi˧ʂɯ˥ʝi˩|hĩ˧ɻæ˥|gæ˩pʰæ˧ʑi˧ʁæ˧|ʈʂʰɯ˧dʑo˩|ʝi˧kʰv̩˥dʑo˩|hĩ˧dzi˧kv̩˥mæ˩|,zo˩no˥ ə˧ʝi˧ʂɯ˥ʝi˩ hĩ˧ɻæ˥ gæ˩pʰæ˧ʑi˧ɻæ˧ʈʂʰɯ˧dʑo˩ ʝi˧kʰv̩˥dʑo˩wɤ˩ hĩ˧tv̩˧dzi˧kv̩˥ mæ˩
tʰi˩˥|qʰv̩˧kv̩˧dʑo˧˥|dʑo˩|ə˧ʝi˧ʂɯ˥ʝi˩|tʰi˩˥qʰv̩˧kv̩˥|ə˧ʑi˧zo˧ʈʂʰɯ˥|zo˧mv̩˥|mɤ˧dʑo˧ɲi˥|ə˧ʑi˧ɳɯ˥|tʰi˩˥|zo˧mv̩˥|le˧dʑo˩kwɤ˩tɕɯ˩lɑ˩|hĩ˧dʑo˩|qʰv̩˧kv̩˥ɳɯ˩|tʰi˩˥|hĩ˧ʈʂʰɯ˧|ɖɯ˧ɖʐv̩˥|ɖɯ˧ɖʐv̩˥ɳɯ˩|ɲi˧tsi˧qʰv̩˧kv̩˧dʑo˧˥|,tʰi˩˥ qʰv̩˧kv̩˧dʑo˧˥ dʑo˩ ə˧ʝi˧ʂɯ˥ʝi˩ tʰi˧qʰv̩˧kv̩˥ ə˧ʑi˧zo˩ ʈʂʰɯ˧ɻ̍˩ zo˧mv̩˩˥ mɤ˧dʑo˩ njɤ˧ ə˧ʑi˧ɳɯ˥ tʰi˩˥ zo˧mv̩˥ le˧dʑo˩kwɤ˩tɕɯ˩lɑ˩ hĩ˧ʈʂʰɯ˧ qʰv̩˧kv̩˥ɳɯ˩ tʰi˩˥ hĩ˧ʈʂʰɯ˧ ɖɯ˧ɖʐv̩˧ɖɯ˧ɖʐv̩˧ɳɯ˩ ɲi˧tsi˧qʰɑ˧kv̩˧dʑo˧˥
ʈʂʰɯ˧ne˧ʝi˥|tʰi˧qɑ˩|,ʈʂʰɯ˧ne˧ʝi˥ tʰi˧qɑ˩
tʰi˩˥|si˧kʰɯ˧li˥nɑ˩|ʈʰɯ˩se˩gɤ˥|njɤ˧ə˧mɑ˧mɤ˧dʑo˩|tʰi˧kwɤ˩kʰɯ˩|pi˧|tʰi˩˥|,tʰi˩˥ si˧kʰɯ˧li˥nɑ˩ʈʰɯ˩se˩gɤ˩  njɤ˧ə˧mɑ˧mɤ˧dʑo˩ tʰi˧kwɤ˩kʰɯ˩ pi˧ tʰi˩˥
tsʰi˧qʰæ˧˥|dʑo˩|ʂo˧qo˧tʰɑ˩qʰæ˩ʝi˩ze˩mæ˩|ə˧ʝi˧ʂɯ˥ʝi˩dʑo˩|ʂɑ˩tʰɑ˧dze˧|ə˧ʝi˧tsʰi˧ʝi˧dʑo˩|ʂo˧qo˧tʰɑ˩|ɖɯ˧po˩hwæ˩|le˧po˧tsʰɯ˧˥|,tsʰi˩˧qʰæ˧˥ dʑo˩ ʂv̩˧kwɤ˩tɑ˩qʰæ˩dʑi˩ze˩mæ˩ ə˧ʝi˧ʂɯ˥ʝi˩dʑo˩ ʂɑ˩tʰɑ˧ze˧ ə˧ʝi˧tsʰi˧ʝi˧dʑo˩ ʂo˧ko˩tʰɑ˩ ɖɯ˧pɤ˩hwæ˩ le˧po˧tsʰɯ˧˥
tʰi˩˥|mv̩˧ʈʰæ˧|lo˧ʝi˧hĩ˧|ʝi˧kʰv̩˥|lo˧ʝi˧kʰɯ˩|,tʰi˩˥ mv̩˧ʈʰæ˧˥ lo˧ʝi˧ ʝi˧kʰv̩˧lo˧ʝi˧kʰɯ˩
zo˩no˥|dʑɯ˩ʈʰɯ˩ʈʰɤ˩˥|ʈʰɤʈʰɤʈʰɤpi˧|ɖɯ˧ʈʰɤ˥tʰi˩ʈʰɤ˩dʑo˩ɲi˩|,zo˩no˥ dʑɯ˩ʈʰɯ˥ʈʰæ˩ʈʰæ˩ʈʰɤpi˧ ɖɯ˧ʈʂʰɤ˧˥ tʰi˧ʈʰɤ˥ dʑo˩ɲi˩
tʰi˩˥|no˧˥|kʰv̩˩mi˩ɲi˥tsɯ˩|mv̩˩|tʰi˩˥|no˧˥|hĩ˧ɲi˥tsɯ˩|mv̩˩,tʰi˩˥ no˧ kʰv̩˩mi˩ɲi˥tsɯ˩ mv̩˩ tʰi˩˥ no˧ hĩ˧ɲi˥tsɯ˩ mv̩˩
tʰi˩˥|ʁwɤ˧qo˧hĩ˧ɻæ˧ɳɯ˥|wɤ˩˥|pʰɤ˧bɤ˧po˧jo˥kv̩˩mæ˩|,tʰi˩˥ ʁwɤ˧qo˧hĩ˧ɻæ˧ɳɯ˥ wɤ˩˥ pʰɤ˧bɤ˧po˧bi˥kv̩˩mæ˩
qo˩ho˧qo˥|ŋv̩˧|ɖɯ˧mæ˩|mmm…pɤ˩jɤ˧tʰi˥kʰɯ˩|,qo˩ho˧qo˧ ŋv̩˧ɖɯ˧mæ˩ mm…pɤ˩jɤ˧tʰi˥kʰɯ˩
hĩ˧ɳɯ˩|hĩ˧so˥|le˧po˧jo˥|dʑo˩|ʁwɤ˧ɳɯ˧|so˩kv̩˩˥|no˧sɯ˩kv̩˩|ɖwæ˩mɤ˧zo˧|pi˧tsɯ˩|mv̩˩|,hĩ˧ɳɯ˩ hĩ˧so˥ le˧po˧jo˥dʑo˩ ʁwɤ˧ɳɯ˧ so˩kv̩˩˥ no˧sɯ˩kv̩˩ ɖwæ˩mɤ˧zo˧ pi˧tsɯ˩ mv̩˩
nɑ˩ʈʂʰɯ˥dʑo˩|no˧|ʐɯ˧ʈʰɯ˩bi˩|ʈʂʰɯ˧lɑ˥ɲi˩|zo˩no˥|ʐɯ˧ʈʰɯ˩hɑ˩dzɯ˩pi˩bi˩bi˩|zo˩no˥|hĩ˧ɳɯ˩|qo˩ho˧˥|le˧pɤ˥pɤ˩|pʰɤ˧bɤ˧|le˧pɤ˥pɤ˩|po˧tsʰɯ˧pi˥|,nɑ˩ʈʂʰɯ˥dʑo˩ no˧ ʐɯ˧ʈʰɯ˩bi˩ ʈʂʰɯ˧lɑ˩ɲi˩ zo˩no˧ ʐɯ˧ʈʰɯ˩ hɑ˧dzɯ˧bi˧bi˧bi˩ zo˩no˥ hĩ˧ɳɯ˩ qo˩ho˥ le˧pɤ˥pɤ˩ pʰɤ˧bɤ˧ le˧pɤ˧po˥ pi˧tsʰɯ˩ pi˧
əəə…njɤ˧|ɖɯ˧ʈʰæ˧pi˥|lɑ˧gi˧˥|le˧bæ˧˥|kʰi˩|njɤ˧|mɤ˧ʈʰæ˧˥|,əə…njɤ˧ ɖɯ˧ʈʰæ˧ɻpi˧˥ lɑ˧gi˧ le˧bæ˧˥ kʰi˧˥ njɤ˧ mɤ˧ʈʰæ˧˥
tʰi˩˥|zɯ˧zɯ˧ʈʂʰɯ˧|tsʰe˩so˩kʰv̩˩lɑ˥ɖɯ˩dʑo˩|tʰi˩˥|kʰv̩˩mi˩zɯ˩zɯ˥tʰv̩˩v̩˩ki˩|ʂe˧hɯ˧ɲi˥tsɯ˩|mv̩˩|hĩ˧zɯ˧zɯ˥|tʰv̩˧v̩˧ɳɯ˩|,tʰi˩˥ zɯ˧zɯ˧ʈʂʰɯ˧ tsʰe˩so˩kʰv̩˩lɑ˥ ɖɯ˩dʑo˩ tʰi˩˥ kʰv̩˧mi˥ zɯ˩zɯ˩˥ tʰv̩˧v̩˧ki˩ ʂe˧hɯ˧ɲi˥tsɯ˩ mv̩˩ hĩ˧zɯ˧zɯ˥ tʰv̩˧v̩˧ɳɯ˩
hæ˧di˩qo˩|wɤ˩˥|ə˧tso˧mɤ˧ɲi˩|ə˧ʝi˧ʂɯ˥ʝi˩|njæ˧sɯ˩kv̩˩dʑo˩|hæ˧di˩lɑ˩pi˩kv̩˩mæ˩|ə˩gi˩|,hæ˧di˩qo˩ wɤ˩ ə˧tso˧mɤ˧ɲi˩ ə˧ʝi˧ʂɯ˥ʝi˩ njæ˧sɯ˩kv̩˩dʑo˩ hæ˧di˩lɑ˩pi˩kv̩˩mæ˩ ə˩gi˩
əəə…tʰv̩˧ne˧ʝi˥|ɖɯ˧bæ˧ɳɯ˧|ɖɯ˧kʰwɤ˥|tʰi˧kʰɯ˧˥|,əĩə…tʰi˧ni˧… ɖɯ˧bæ˧ɳɯ˧ ɖɯ˧kʰwɤ˥tʰi˩kʰɯ˩
ə˧mi˧|no˧bv̩˩|ʈʂʰɯ˧ɭɯ˧se˥|ɖwæ˧˥|dʑɤ˩˥|,ə˧mi˧ no˧bv̩˩ʈʂʰɯ˩ɻ̍˩se˩ ɖwæ˧˥ dʑɤ˩˥
tʰi˩˥|ɖɯ˧ʑi˩ɻ̍˩dʑo˩|zo˧bæ˩|ɖɯ˧v̩˧dʑo˩tsɯ˩|mv̩˩|,tʰi˩˥ ə…ɖɯ˧ʑi˩ɻ̍˩dʑo˩ zo˧bæ˩ ɖɯ˧v̩˧dʑo˧˥ tsɯ˩ mv̩˩
tʰi˩˥|lɑ˧tʰɑ˧di˧ɳɯ˥|le˧tsʰɯ˩ɲi˩kv̩˩tsɯ˩|mv̩˩,tʰi˩˥ lɑ˧tʰɑ˧di˧ɳɯ˥ le˧tsʰɯ˩ɲi˩kv̩˩tsɯ˩ mv̩˩
hɑ˧|ɲi˧qwæ˧ɻ̍˥|hɑ˧|ɖɯ˧qwæ˧ɻ̍˥|mɤ˧ɖo˧|,hɑ˧ ɲi˧qwæ˧ɻ̍˥ hɑ˧ ɖɯ˧qwæ˧˥ mɤ˧ɖo˧
ɖɯ˧njɤ˧|ŋv̩˩˥|pi˧ɲi˥tsɯ˩|mv̩˩|,ɖɯ˧njɤ˧ ŋv̩˩˥ pi˩ɲi˥tsɯ˩ mv̩˩
ɕi˧ʈʂʰwæ˧pɤ˩jɤ˩|ʈʂʰɯ˧ne˧ʝi˥|pɤ˩jɤ˧˥|le˧ti˩hĩ˩|tʰv̩˧ʁo˥|so˧ɭɯ˧|əəə…ʐv̩˩ɭɯ˩˥|,ɕi˧ʈʂʰwæ˧pɤ˩jɤ˩ ʈʂʰɯ˧ne˧ʝi˥ pɤ˩jɤ˧˥ le˧ti˩hĩ˩ ʈʂʰɯ˧ʁo˥ so˧ɭɯ˧ əə…ʐv̩˩ɭɯ˩˥
tʰi˩˥|hĩ˧ɻæ˧ɳɯ˥|ə˧mi˧|ʈʂʰɯ˧|ʈʂʰɯ˧ne˧gv̩˧ɲi˥tsɯ˩dʑo˩|ʈʂʰɯ˧|ʈʂʰɯ˧ne˧ʝi˥|ə˧tse˧ʝi˧zo˥|ʈʂʰɯ˧ne˧ʝi˥|dʑo˧ɲi˥hɯ˩|pi˧|,tʰi˩˥ hĩ˧ɻæ˧ɳɯ˥ ə˧mi˧ ʈʂʰɯ˧ ʈʂʰɯ˧ne˧gv̩˧ɲi˥tsɯ˩dʑo˩ ʈʂʰɯ˧ ʈʂʰɯ˧ne˧ʝi˥ ə˧tse˧ʝi˧zo˥ ʈʂʰɯ˧ne˧ʝi˥ dʑo˧ɲi˥hɯ˩ pi˧
li˩˥|ɖɯ˧ɭɯ˧|tʰi˧kʰɯ˩|jɤ˧ɖɯ˧po˩tʰi˩kʰɯ˩|,li˩˥ ɖɯ˧ɭɯ˧tʰi˥kʰɯ˩ jɤ˧ ɖɯ˧po˩tʰi˩kʰɯ˩
ɑ˩ʁo˧|ɖɯ˧ɲi˥|so˧kʰɯ˧ʈʂʰɯ˧ʂe˧kʰɯ˧ʈʂʰɯ˧|ʈʂʰɯ˧ɖɯ˧mi˧hĩ˧|tʰi˧ʈɯ˧|ɖɯ˧ɲi˥|so˧tɕʰi˧|,ɑ˩ʁo˧ ɖɯ˧ɲi˥ so˧kʰɯ˧ʈʂʰɯ˧ ʂe˧kʰɯ˧ʈʂʰɯ˧ ʈʂʰɯ˧ɖɯ˧mi˧ tʰi˧ʈɯ˧˥ ɖɯ˧ɲi˥ so˧tɕʰi˧
əəə…ə˧mi˧|tɕi˩hĩ˩˥|wɤ˩˥|õ˧bv̩˥õ˩|ʑi˧dv̩˧ʝi˧ze˩|wɤ˩˥|õ˧bv̩˥õ˩|ə˧mi˧tɕi˩ki˩bi˩|,əə…ə˧mi˧ tɕi˩hĩ˩˥ wɤ˩˥ õ˧bv̩˥õ˩ ʑi˧tʰv̩˧ʝi˧ʑi˧dʑo˩ õ˧bv̩˥õ˩ə˧mi˧tɕɯ˩ki˩ bi˩
õ˧ʈʂʰɯ˧ne˧ʝi˥zo˩|no˧bv̩˩ʐwɤ˩ki˩|njɤ˧bv̩˩ʐwɤ˩ki˩ʐwɤ˩ɖwæ˩mɤ˧zo˧|ɖwæ˩mɤ˧zo˧|ɖɯ˧v̩˧ɖɯ˧v̩˧ɳɯ˧|,õ˧ʈʂʰɯ˧ne˧ʝi˥dzo˩ no˧bv̩˧ʐwɤ˩ki˩ njɤ˧bv̩˩ʐwɤ˩ki˩ʐe˩ ɖæ˩mɤ˧zo˧ ɖwæ˩mɤ˧zo˧ ɖɯ˧v̩˧ɖɯ˧v̩˧ɳɯ˧
wo˩˥|dʑo˩|õ˧tʰv̩˧|ə˩kʰɯ˩ɲi˥ze˩mæ˩|õõõ|,wo˩˥ dʑo˧hĩ˩tʰv̩˧ ə˩kʰɯ˩ɲi˥ze˩mæ˩ ĩ˧
ʐwæ˧seʐɤ˩se˩zo˩ni˥|ɖɯ˧v̩˧si˧ʑi˧hõ˧˥|əəə…ɖɯ˧v̩˧dʑɯ˩qwæ˩hõ˩˥|ɖɯ˧v̩˧|mv̩˧kʰɯ˩hõ˩|pi˧zo˩|ə˧mi˧ɻæ˩ɳɯ˩|ʈʂʰɯ˧ne˧ʝi˥|ʈʂæ˧kv̩˧˥|mæ˩|,ʐwæ˧˥ɕi˩ ɻɑ˧ʐɤ˧se˥ zo˩no˧˥ ɖɯ˧v̩˧ si˩ɕi˩hõ˩˥ əə…ɖɯ˧v̩˧ dʑɯ˩qʰwæ˩hɑ̃˩˥ ɖɯ˧v̩˧mv̩˧kʰɯ˩hõ˩ pi˧zo˩ ə˧mi˧ɻæ˩ ʈʂʰɯ˧ne˧ʝi˥ ʈʂæ˧kv̩˩˥ mæ˩
oʈʂʰɯ˧ɳɯ˧|qʰæ˩tsʰɯ˩˥|ɲi˩|pi˧|zo˩no˥|mje˩fe˥|ʈʂʰɯ˧|ʈʂʰɯ˧ne˧ʝi˥|,oʈʂʰɯ˧ɳɯ˧ qʰæ˧tsʰɯ˧˥ ɲi˩ pi˧ zo˩no˥ mi˩fv̩˧ʈʂʰɯ˥ ʈʂʰɯ˧ne˧ʝi˥
ɖɯ˧kʰv̩˧˥|ɖɯ˧ʂɯ˩hĩ˩ʈʂʰɯ˩dʑo˩|ɕi˧ɭɯ˧|ɕi˧ɭɯ˧|qʰɑ˧dze˧|nv̩˩ɭɯ˥|nv̩˧hṽ̩˩|jɤ˩jo˥|qwæ˧tsɯ˧|,ɖɯ˧kʰv̩˥ ɖɯ˧ʂɯ˩hĩ˩ʈʂʰɯ˩ddʑo˩ ɕi˧ɭɯ˧ ɕi˧ɭɯ˧ qʰɑ˧dze˧ nv̩˩ɭɯ˧ lv̩˧hṽ̩˩ jɤ˩jo˥ qwæ˧tsɯ˧
tɑ˧ho˧|ʈʂʰɯ˧ne˧ʝi˥|le˧qwæ˧˥|hĩ˧hĩ˧ʈʂʰɯ˧|ɖwæ˧˥|ho˧ho˥ɲi˩mæ˩|dʑɤ˩ɲi˥mæ˩|,tɑ˧hɤ˧ ʈʂʰɯ˧ne˧ʝi˥ le˧qwæ˧˥ hĩ˧˥ hĩ˧ʈʂʰɯ˧ ɖwæ˧˥ ho˩ho˥ɲi˩mæ˩ dʑɤ˩ɲi˥mæ˩
tʰi˩˥|hõ˧ɬi˧mi˧|gv̩˩ɬi˩mi˩˥|əəə…tsʰe˧ɬi˧mi˧|tʰi˩˥|gv̩˩ɬi˩mi˩˥|hõ˧ɬi˧mi˧|qʰɑ˧dze˧|wɤ˩˥|le˧ɖʐɤ˧le˥po˩tsʰɯ˩|ɑ˩ʁo˥|ʈʂʰɯ˧ne˧ʝi˥|ntʰi˧tɕɯ˥|,tʰi˩˥ hõ˧ɬi˧mi˧ gv̩˩ɬi˩mi˩˥ əə…tsʰe˧ɬi˧mi˧ tʰi˩˥ gv̩˩ɬi˩mi˩˥ hõ˧ɬi˧mi˧qʰɑ˧dze˧ wɤ˩˥ le˧ɖʐɤ˧le˥po˩tsʰɯ˩ ɑ˩ʁo˧ ʈʂʰɯ˧ne˧ʝi˥ tʰi˧tɕɯ˥
tʰi˩˥|ə˧dɑ˥ɳɯ˩|ʈʂʰɯ˧ne˧ʝi˥|pi˧tsɯ˩|mv̩˩,tʰi˩˥ ə˧dɑ˥ɳɯ˩ ʈʂʰɯ˧ne˧ʝi˥ pi˧tsɯ˩ mv̩˩
tʰi˩˥|dʑɤ˩tsʰo˧kv̩˧ze˥mæ˩|,tʰi˩˥ dʑɤ˩tsʰo˧kv̩˧ze˥mæ˩
zo˩no˧dʑo˥|tʰi˩˥|ə˧ʝi˧tsʰi˧ʝi˧|dʑɤ˩˥|ʑi˧mi˧|ə˧ʝi˧ʂɯ˥ʝi˩ɳɯ˩|le˧gv̩˧gv̩˥|mɤ˧tʰɑ˧˥|dʑɤ˩˥|gv̩˩hĩ˩˥|mɤ˧dʑo˩|,zo˩no˧dʑo˧ tʰi˩˥ ə˧ʝi˧tsʰi˧ʝi˧dʑɤ˩˥ ʑi˧mi˧ ə˧ʝi˧ʂɯ˥ʝi˩ɳɯ˩ le˧gv̩˧gv̩˥ nɤ˧tʰɑ˧˥ dʑɤ˩˥ gv̩˩hĩ˩˥ mɤ˧dʑo˩
mmm…le˧gv̩˧gv̩˥pi˩kv̩˩mæ˩|nɑ˩ʐwɤ˥dʑo˩|le˧gv̩˧gv̩˥dʑo˩|tʰi˩˥|,mm…le˧gv̩˧gv̩˥ pi˩kv̩˩mæ˩ nɑ˩ʐwɤ˥dʑo˩ le˧gv̩˧gv̩˥dʑo˩ tʰi˩˥
tʰi˩˥|ʐwæ˧|ɖɯ˧v̩˧ɖɯ˧v̩˧dʑo˧|kʰɤ˧gɤ˧mv̩˧ʈʂæ˧kv̩˧˥|mæ˩|ɖɯ˧v̩˧ɖɯ˧v̩˧|ɻ̍˩pɑ˧mv̩˧ʈʂæ˧kv̩˧˥|mæ˩|tʰv̩˧ɲi˥kv̩˩bv̩˩|mv̩˧ɻwæ˩kwɤ˩tɕɯ˩lɑ˩|ɖɯ˧tɑ˧˥|le˧jo˩kv̩˩ɲi˩|,tʰi˩˥ ʐwæ˧ ɖɯ˧v̩˧ɖɯ˧v̩˧dʑo˧ kʰɤ˧gɤ˧mv̩˧ʈʂæ˧ɯkv̩˥mæ˩ ɖɯ˧v̩˧ɖɯ˧˧ ɻæ˩pɑ˧mv̩˧ʈʂæ˧kv̩˥mæ˩ tʰv̩˧ɲi˥kv̩˩bv̩˩ mv̩˩ɻwæ˩kwɤ˩tɕɯ˩lɑ˩ ɖɯ˧tɑ˥ li˩jo˩kv̩˩ɲi˩
tʰi˩˥|v̩˩dʑɯ˧ʈʰɯ˧|ɖɯ˧kʰv̩˧˥|dʑo˩|so˧ɬi˧mi˧ɳɯ˧|hi˧|le˧gi˥|dʑo˩|ŋwɤ˩ɬi˩mi˩qʰv̩˥ɬi˩mi˩dʑo˩|hi˧|le˧gi˥|le˧gi˥|le˧gi˥zo˩|,tʰi˩˥ v̩˩dʑɯ˧ʈʰɯ˧ ɖɯ˧kʰv̩˧˥ dʑo˩ so˧ɬi˧mi˧ɳɯ˧ hi˧ le˧gi˥dʑo˩ ŋwɤ˩ɬi˩mi˩qʰv̩˥ɬi˩mi˩dʑo˩ hi˧le˧gi˧ le˧gi˧ le˧gi˥zo˩
tʰi˩˥|ʐɤ˩mi˩qo˥|hĩ˧ɲi˥kv̩˩ʁo˩pv̩˩dʑo˩|,tʰi˩˥ ʑɤ˩mi˩qo˥ hĩ˧ɲi˥kv̩˩qo˩pv̩˩˥dʑo˩
tʰi˩˥|ʈʂʰɯ˧qo˧ɳɯ˧|le˧hɯ˩|əəə…ʂwæ˧gv̩˧ki˧tʰv̩˧dʑo˩|ʂwæ˧gv̩˧ʈʂʰɯ˧dʑo˩|tʰi˩˥|ɲi˧mi˧tʰi˧qʰæ˧˥|kwɤ˩tɕɯ˩lɑ˩|ɬi˧di˩di˩mi˩qo˩dʑo˩|ɲi˧mi˧dʑo˥|kɤ˧mi˧kɤ˧mv̩˧ki˥ɳɯ˩|gɤ˩pɤ˧ɲi˩mæ˩|ə˩gi˩|,tʰi˩˥ ʈʂʰɯ˧qo˧ɳɯ˧ le˧hɯ˩ ə̃ ʂwæ˧gv̩˧ki˧tʰv̩˧dʑo˩ ʂwæ˧gv̩˧ ʈʂʰɯ˧dʑo˩ tʰi˩˥ ni˧mi˧ tʰi˧qʰæ˧˥ kv̩˩˥ sɯ˩lɑ˩ ɬi˧di˩di˩mi˩qo˩dʑo˩ ɲi˧mi˧dʑo˧ kɤ˧mi˧kkɤ˧mv̩˧ki˥ɳɯ˩ gɤ˩po˥ɲi˩mæ˩ ə˩gi˩
hĩ˧|ə˧ʝi˧ʂɯ˥ʝi˩|ʈʂʰɯ˧ne˧ʝi˥|le˧ʂɯ˧hĩ˧|qʰɑ˩ne˩ʝi˥bi˩|,hĩ˧ ə˧ʝi˧ʂɯ˥ʝi˩ ʈʂʰɯ˧ne˧ʝi˥ le˧ʂɯ˧hĩ˧ qʰɑ˩ɲi˥mæ˩
ɖɯ˧v̩˧ɖɯ˧kʰɤ˧ɖʐɤ˥|le˧po˧tsʰɯ˧˥|tʰi˩˥|ɑ˩ʁo˧tʰv̩˧dʑo˧|tʰi˩˥|əəə…ə˧dɑ˧tʰv̩˧v̩˧ki˧|əəə…kʰi˧|tʰi˧ʈæ˩dʑo˩pi˩tsɯ˩|mv̩˩|,ɖɯ˧v̩˧ɖɯ˧kʰɤ˧ɖʐɤ˥le˧po˧tsʰɯ˧˥ tʰi˩˥ ɑ˩ʁo˧tʰv̩˧dʑo˥ tʰi˩˥ əə…ə˧dɑ˧˥ tʰv̩˧v̩˧ki˧ əə…kʰi˧ tʰi˧ʈæ˩dʑo˩ pi˧tsɯ˩ mv̩˩
hĩ˧ɳɯ˩|ɖɯ˧tɑ˧˥|le˧ɣɯ˩ʂɯ˩po˩hɯ˩|ʐwæ˧lɑ˩|ɖɯ˧tɑ˧˥|le˧di˧po˥hɯ˩|,hĩ˧ ɖɯ˧tɑ˧˥ leʝji˧ʂe˧ pʰo˩˥ ʐwæ˧lɑ˩ ɖɯ˧tɑ˧˥ le˧di˩po˧hɯ˥
mmm…mo˩ɻ̍˥|ʈʂʰɯ˧dʑo˩|əəə…ʂwæ˧si˧bi˥di˩ɲi˩mæ˩|ʂwæ˧bæ˩si˩bi˩|zo˩no˥|si˧mo˩bi˩|,mm…mo˩ɻ̍˥ʈʂʰɯ˧dʑo˩ əə…ʂwæ˧si˧bi˥di˩ɲi˩mæ˩ ʂwæ˧bæ˩sɯ˩bi˩ zo˩no˥ si˧mo˩bi˩
mv̩˩kʰv̩˧˥|tʰv̩˧tsʰɯ˧|hõ˧ɭɯ˥qo˩ɳɯ˩le˩tʰv̩˩kv̩˩|,mv̩˩kʰv̩˧˥ tv̩˧tsʰɯ˧ hõ˧ɭɯ˥qo˩ɳɯ˩le˩tʰv̩˩kv̩˩
wɤ˩˥|kɯ˧ʈʂʰwɤ˩pi˩|wɤ˩˥|hæ̃˧qʰv̩˥|wɤ˩˥|ɖɯ˧tɕʰi˩ki˩kv̩˩mæ˩|,wɤ˩˥ kɯ˧ʈʂʰwɤ˩pi˩ wɤ˩˥ hæ̃˧qʰv̩˥ wɤ˩˥ ɖɯ˧tɕʰi˩ki˩kv̩˩mæ˩
kɯ˧ʈʂʰwɤ˩ʈʂʰɯ˩kʰwɤ˩dʑo˩|tʰi˩˥|əəə…mmm…ʈʂʰwɤ˧dʑo˧|ə˧ʝi˧ʂɯ˥ʝi˩|mmm…tv̩˧tsʰɯ˧hõ˧ɭɯ˥|tʰv̩˧ɻæ˧qo˥ɳɯ˩|le˧dzɯ˥dʑo˩|wɤ˩˥k|kɯ˧ʈʂʰwɤ˩ʈʂʰɯ˩tɕʰi˩dʑo˩|əəə…nəəə…tv̩˧tsʰɯ˧tsʰe˧ɲi˧ɭɯ˧qo˧ɳɯ˧|dzɯ˧kv̩˩|ə˧ʝi˧ʂɯ˥ʝi˩|,kɯ˧ʈʂʰwɤ˩ʈʂʰɯ˩kv̩˩dʑo˩ tʰi˩˥ ə…ʈʂʰwɤ˧dʑo˥ ə˧ʝi˧ʂɯ˥ʝi˩ mm…tv̩˧tsʰɯ˧hõ˩ɭɯ˥ ʈʰɯ˧ɻæ˧qo˥ɳɯ˩ le˧dzɯ˥dʑo˩ wɤ˩˥ ʰkʰɯ˧ʈʂʰwɤ˩tɕɯ˩tɕʰɯ˩dʑo˩ əə…zo…tv̩˧tsʰɯ˧ tsʰe˧ɲi˧ɭɯ˧qo˧ɳɯ˧tzɯ˩kv̩˩ ə˧ʝi˧ʂɯ˥ʝi˩
ə˧zɯ˩|gɯ˧ɳɯ˧|qʰæ˧dʑo˧|mɤ˧do˩|,ə˧zɯ˩ gɤ˧ɳɯ˧ qʰæ˧dʑo˧ mɤ˧do˩
əzo˩qo˧ɲi˩|mɤ˧sɯ˥|tʰi˩˥|hæ˧di˩hɯ˩ɲi˩|pi˧|,ĩ˧ zo˩qo˧niɤ˩ɻ̍˩ mɤ˧sɯ˥ tʰææ˧ hæ˧di˩hɯ˩ɲi˩ pi˧
ɕi˧ɕi˩lo˩|pi˧kv̩˩tsɯ˩|mv̩˩|ʈʂʰɯ˧kʰwɤ˥dʑo˩|,ɕi˧ɕi˩lo˩ pi˧kv̩˩tsɯ˩ mv̩˩ ʈʂʰɯ˧kʰwɤ˩dʑo˩
li˩˥|le˧tɕɤ˧˥|mmmə˧mi˧ɻæ˩|tʰv̩˧ɲi˧dʑo˩|əəə…tʰv̩˧|ɑ˩ʁo˧|ɖɯ˧njɤ˧|tʰi˧dzi˩|,li˩˥ le˧tɕɤ˧˥ mm…ə˧mi˧ɻæ˩ tʰv̩˧ɲi˩dʑo˩ əə…ʈʰɯ˧ɻɑ˩ʁo˩ ɖɯ˧njɤ˥ tʰi˧dzi˩
ŋv̩˩˥|ŋv̩˩dʑo˥|tʰi˩˥|əəə…zo˩no˥|əəə…pʰæ˧tɕi˥tʰv̩˩v̩˩|ʁo˧pv̩˩ə˧v̩˧tʰv̩˧v̩˧ɳɯ˩|,ŋv̩˩˥ ŋv̩˩dʑo˥ tʰi˩˥ə… zo˩no˥ pvpʰæ˧tɕi˥ tʰv̩˧v̩˧ʁo˥pv̩˩hĩ˩ ə˧v̩˧tʰv̩˥v̩˧ɳɯ˩
əəə…tʰi˩˥|ʈʂʰɯ˧ne˧ʝi˥dʑo˩|ʐwæ˧ʐwæ˧|ɖɯ˧v̩˧|ʐwæ˧|tsʰe˩qʰɑ˩kv̩˩ɲi˥|po˧bi˥|,əə…tʰi˩˥ ʈʂʰɯ˧ne˧ʝi˥dʑo˩ ʐwæ˧iʐwæ˧ɖɯ˧v̩˧ ʐwæ˧ tsʰe˩qʰɑ˩kv̩˩ɲi˥ po˩bi˥
tʰi˩˥|hæ˧ʐwɤ˩dʑo˩|hwɑ˩lɑ˩sæ˧|hwɑ˩lɑ˩sæ˧|pi˧|,dʑo˩ hæ˧ʐwɤ˩dʑo˩ hwɑ˩lɑ˩sɑ˥ hwɑ˩lɑ˧sɑ˥ pi˧
ə˧mi˧|qʰæ˧|pi˧zo˩|ɲi˧to˧|ɖɯ˧tɑ˧˥|tʰi˧qo˧qo˥kv̩˩|,ə˧mi˧qʰvæ˧ pi˧zo˩ njɤ˧tvo˧ɯ˧dɑ˧˥ tʰi˧qo˧qo˥kv̩˩hĩ˩
əəə…se˧pʰɤ˧se˧bɤ˧ʝi˧mɤ˧zo˧ze˩|pi˧tsɯ˩|mv̩˩|,əə…se˧pʰɤ˧ se˧bɤ˧ʝi˧mɤ˧zo˧ze˩ pi˧tsɯ˩ mv̩˩
tʰi˩˥|hĩ˧ɻæ˥|njæ˧sɯ˩kv̩˩|le˧pi˥|,tʰi˩˥ hĩ˧ɻæ˥ njæ˧sɯ˩kv̩˩ le˧mi˩pi˧
mɤ˧ɲi˧kwɤ˧tɕɯ˥lɑ˩|le˧mi˧tʰi˧kwɤ˥|,mɤ˧ɲi˧kwɤ˧tɕɯ˥lɑ˩ le˧mi˧tʰi˧kwɤ˥
ɑ˩ʁo˧|zo˩no˥|ko˧ə˧ʝi˧ʂɯ˥ʝi˩ni˩|ko˧sɯ˧|mɤ˧di˩|ə˩gi˩|ə˧ʝi˧ʂɯ˥ʝi˩dʑo˩|,ɑ˩ʁo˧ zo˩no˥ ko˧ə˧ʝi˧ʂɯ˥ʝi˩ni˩ kɤ˧sɯ˧ mɤ˧di˩ ə˩gi˩ ə˧ʝi˧ʂɯ˥ʝi˩dʑo˩
tʰi˩˥|le˧qʰwɤ˧|le˧qʰwɤ˧dʑo˩|tʰi˩˥|wɤ˩˥|ɖɯ˧ʑi˩ɻ̍˩|go˩tsɯ˥|mv̩˩|ɖɯ˧ʁwɤ˧qo˧|,tʰi˩˥ le˧qʰwɤ˧ le˧qʰwɤ˧dʑo˧ tʰi˩˥ wɤ˩˥ ɖɯ˧ʑi˩ɻ̍˩ go˩tsɯ˩˥ mv̩˩ɖɯ˧ʁwɤ˧qo˧
ɬi˧di˩ɳɯ˩|wɤ˩˥|bi˧|əəə…wɤ˩˥|wɤ˩˥|ʈʂʰɯ˧|ɖɯ˧ɬi˧ɖʐɯ˧ho˧ze˩|ɲi˧tsi˧hɑ̃˧ɖʐɯ˧ho˥ze˩|pi˧|,ɬi˧di˩ɳɯ˩ wɤ˩˥ bi˧ əə…wɤ˩˥ wɤ˩˥ ʈʂʰɯ˧ ɖɯ˧ɬi˩dʑɯ˩ho˩ze˩ ɲi˧tsi˧hiɑ̃˧dʑɯ˧ho˥ze˩ pi˧
dzɯ˧gɤ˥|dzɯ˧mɤ˧gɤ˩mmm…|kʰv̩˩mi˩˥|no˧dzɯ˧hõ˧|pi˧zo˩|ʂe˧ʈʂʰɯ˧ʈv̩˥|le˧ʑi˩zo˩|kʰv̩˩mi˩ki˥kwɤ˩tsɯ˩|mv̩˩|,dzɯ˧gɤ˧ dzɯ˧mɤ˧gɤ˩ əə…kʰv̩˩mi˩˥ no˩dzɯ˩hõ˩˥ pi˧zo˩ ʂe˧ ʈʰɯ˧ʈv̩˥le˩ʑi˩zo˩ kʰv̩˩mi˩ki˥kwɤ˩tsɯ˩ mv̩˩
pʰv̩˧ɖɯ˧ʝi˥|hɑ˧dzɯ˧dʑo˩|ə˧ʝi˧ʂɯ˥ʝi˩dʑo˩|tʰi˩˥|,pʰv̩˧ɖɯ˧ʝi˥ hɑ˧dzɯ˧dʑo˩ ə˧ʝi˧ʂɯ˥ʝi˩dʑo˩ tʰi˩˥
tʰi˩˥|tso˩qʰv̩˩ɻ̍˥ɳɯ˩|gæ˩pʰæ˧bi˧|kʰi˧|ɖɯ˧pɤ˩tʰi˩di˩|tso˩qʰv̩˩ɻ̍˥ɳɯ˩|,tʰi˩˥ tso˩qʰv̩˧ɻ̍˧tv̩˩gæ˩pʰæ˧˥ bi˧ kʰi˧ ɖɯ˧pɤ˧tʰi˧di˩ tso˩qʰv̩˧ɻ̍˥ɳɯ˩
õ˧ʈʂʰɯ˧dʑo˩|tʰi˩˥|ɲi˧ʈʂæ˧ʑi˧dɑ˥kv̩˩ze˩mæ˩|,õ˧ʈʂʰɯ˧dʑo˩ tʰi˩˥ ɲi˧ʈʂæ˧ʑi˧dɑ˥kv̩˩ze˩mæ˩
mɤ˧dɑ˩|zo˧tɕʰi˧bi˧pi˧hɯ˧dʑo˩|hwɤ˧tɕi˥ʁo˥bv̩˩tʰv̩˩|zo˧tɕʰi˧le˥wo˩tsʰɯ˩pi˩kv̩˩|,mɤ˧dɑ˩ zo˧tɕʰi˧bi˧pi˧ hɯ˧dʑo˩ hwɤ˧tɕi˥ʁo˩bv̩˩tʰv̩˩ zo˧tɕʰi˧le˥wo˩tsʰɯ˩pi˩kv̩˩
mv̩˩lo˥ʝi˩pi˩|ɖɯ˧v̩˧ɖɯ˧ʑi˩tʰi˩dzi˩dʑo˩|tʰi˩˥|qv̩˧ɻ̍˧ʁo˧|mv̩˩lo˥ʝi˩tʰi˩dzi˩ɲi˩pi˩kv̩˩mæ˩|ə˧ʝi˧ʂɯ˥ʝi˩|,mv̩˩lo˥ʝi˩pi˩hĩ˩ ɖɯ˧v̩˧ɖɯ˧ʑi˩ tʰi˧dzi˩dʑo˩ tʰi˩˥ qv̩˧ɻ̍˧ʁo˧ mv̩˩lo˥ʝi˩ tʰi˧dzi˩ɲi˩pi˩kv̩æ˩ ə˧ʝi˧ʂɯ˥ʝi˩
ʁwɤ˧qo˧hĩ˧|le˧ʁɑ˥ʂe˩|le˧po˧tsʰɯ˧˥|hĩ˧hĩ˧ʂɯ˧dʑo˩|ɖɯ˧v̩˧ɳɯ˧|ɖɯ˧pʰæ˧˥|ɖɯ˧v̩˧ɳɯ˧|ɖɯ˧pʰæ˧˥|ɖɯ˧v̩˧ɳɯ˧|ɖɯ˧pʰæ˧˥|ʈʂʰɯ˧ne˧ʝi˥|le˧qʰæ˧˥|,ʁwɤ˧qo˧ hĩ˧ le˧ʁɑ˥ʂe˩ le˧po˧tsɯ˧˥ hĩ˧ hĩ˧ʂɯ˧dʑo˩ ɖɯ˧v̩˧ɳɯ˧ ɖɯ˧pʰæ˧˥ ɖɯ˧v̩˧ɳɯ˧ ɖɯ˧pʰæ˧˥ ɖɯ˧v̩˧ɳ˧ɖɯ˧pʰæ˧˥ ʈʂʰɯ˧ne˧ʝi˥ le˧qʰæ˧˥
ɖɯ˩lo˧|mɤ˧sɯ˥ze˩|pi˧kwɤ˩tɕɯ˩lɑ˩|ə˧mv̩˧ɳɯ˥|ʐæ˩sɯ˩˥|tʰi˧mv̩˧tɕɯ˧zo˥|pʰo˩hɯ˩ɲi˥ze˩wɤ˩|,ɖɯ˩lo˧ mɤ˧sɯ˥ze˩ pi˧kwɤ˩tɕɯ˩lɑ˩ ə˧mv̩˧ɳɯ˥ ʐæ˩sɯ˩˥ tʰi˧mv̩˧tɕɯ˧tzo˥ pʰo˩hɯ˩ɲi˥ze˩wɤ˩
mɤ˧bi˧ze˧|ə˧zɯ˩|hĩ˧tɕʰi˧tʰɑ˧mɤ˧ʝi˧ze˩|,mɤ˧bi˧ze˧ ə˧zɯ˩ hĩ˧tɕʰi˥tʰɑ˩mɤ˩ʝi˩ze˩
tʰv̩˧ne˧ʝi˥|tʰi˩˥|ŋv̩˧|tʰi˧ki˧se˩|tʰi˩˥|ɬo˧pv̩˥|le˧ti˩|,tʂʰvɯ˧ne˧ʝi˥ tʰi˩˥ ŋv̩˧ tʰi˧ki˧se˩ tʰi˩˥ ɬo˧pv̩˥ le˧ti˩
tʰi˩˥|tʰv̩˧v̩˧ɳɯ˩|əəə…lo˩dʑo˥ki˩kv̩˩ze˩|lo˩dʑo˥|əəə…lo˩dʑo˥|ɖɯ˧dze˩|,tʰi˩˥ tʰv̩˧v̩˧ɳɯ˩ əə…lo˩dʑo˧ki˩kv̩˩ze˩ lo˩dʑo˧ əə…lo˩dʑo˥ ɖɯ˧dzi˩
ɖɯ˧ɬi˧mi˧|ɲi˧ɬi˧mi˧|so˧ɬi˧mi˧|le˧tv̩˧dʑo˥|so˧ɬi˧mi˧qo˧|ʐwæ˩ʐwæ˧tso˧ɲi˥mæ˩|wɤ˩˥|le˧tv̩˧se˩|le˧ʐwæ˧˥|,ɖɯ˧ɬi˧mi˧ ɲi˧ɬi˧mi˧ so˧ɬi˧mi˧ le˧tv̩˧dʑo˥ so˧ɬi˧mi˧ qo˧ ʐwæ˩˥ʐwæ˧tso˧ɲi˥ze˩ wɤ˩˥ le˧tv̩˧se˩ le˧ʐwæ˧˥
ə˧ʝi˧ʂɯ˥ʝi˩|ə˧mi˧ɻæ˩|ʈʰæ˧qʰwɤ˧ɖɯ˧ɭɯ˧˥|pæ˧kʰwɤ˧|so˧ɭɯ˧|,ə˧ʝi˧ʂɯ˥ʝi˩ ə˧mi˧ɻæ˩ ʈʰæ˧qʰwɤ˧ ɖɯ˧ɭɯ˧ pæ˧kʰwɤ˧ so˧ɭɯ˧
zo˩no˥|əəə…|zo˩no˥|hæ˧ʐwɤ˩pi˩|hĩ˧ɻæ˧ɳɯ˥|tɕɤ˧ho˩pæ˧|tʰææ̃˧|ne˧ʝi˥zo˩|ə˩gi˩|,zo˩no˥ …zo˩no˥ hæ˧ʐwɤ˩pi˩ hĩ˧ɻæ˩ɳɯ˥ tɕɤ˧ho˩pæ˩ tʰæ˧ɻæ̃˧ni˩ʝi˥zo˩ ə˩gi˩
tʰv̩˧ʁo˥dʑo˩|dʑɤ˩˥|dzɯ˧mɤ˧kv̩˩|,tʰv̩˧ʁo˥dʑo˩ dʑɤ˩˥ dzɯ˧mɤ˧kv̩˧
tsʰe˧,se˧
ʈʂʰɯ˧ɖɯ˧ɬi˧hĩ˧ʈʂʰɯ˧|tʰi˩˥|mmm…tsʰe˧do˧hõ˥ɲi˩|dɑ˧mɤ˧ʁo˧|pi˧dʑo˩|tsʰe˩do˩ŋwɤ˥əəə…tsʰe˩ŋwɤ˩ɲi˩˥|dɑ˧˥|,ʈʂʰɯ˧ɖɯ˧ɬi˧hĩ˧ʈʂʰɯ˧ tʰi˩˥ mm…tsʰe˧do˧hõ˥ɲi˩ dɑ˧mɤ˧ʁo˧ pi˧dʑo˩ tsʰe˧do˧ŋv̩˥ əə… tsʰe˩ŋwɤ˩ɲi˥ dɑ˩
tʰi˩˥|mo˧ʈʂʰɯ˧dʑo˩|zo˩no˥|əəə…zo˩no˥|mo˧kɤ˩dzi˩ʈʰæ˩qo˩di˩hĩ˩|mo˧ʈʂʰɯ˥dʑo˩|tʰi˩˥|hĩ˧dv̩˥kv̩˩|pi˧zo˩|,tʰi˩˥ mo˧ʈʂʰɯ˧dʑo˩ zo˩no˥əə…zo˩no˥ mo˧kɤ˩dʑɯ˩ʈʰæ˩ho˩di˩hĩ˩ mo˩ʈʂʰɯ˩dʑo˩ tʰi˩˥ hĩ˧dv̩˥kv̩˩ pi˧zo˩
tʰi˩˥|zo˩no˥|lo˧ʂv̩˩|hi˩nɑ˧mi˧qo˩|ʈʂʰwæ˩ʈʂʰɯ˥|ə˩gi˩,tʰi˩˥ zo˩no˥ lo˧ʂv̩˩ hi˩nɑ˧mi˧qo˩ ʈʂʰwæ˩ʈʂʰɯ˥ ə˩gi˩
tʰi˩˥|əəə…ʈʂʰʈʂʰɯ˧ki˧dʑo˩|mv̩˩lo˥ʝi˩mv̩˩ʈʂæ˩kv̩˩tsɯ˩|mv̩˩,tʰi˩˥ əə…ʈʂʰɯ˧ʈʂʰɯ˧ki˧dʑo˩ mv̩˩lo˥ʝi˩mv̩˩ʈʂæ˩kv̩˩tsɯ˩
tʰi˩˥|dʑɯ˩ʁo˩tʰv̩˩˥|dʑo˩|hɑ˧|tʰv̩˧ʈv̩˥|mv̩˧|tʰi˧kʰɯ˧˥|tʰi˧bv̩˥kv̩˩mæ˩|,tʰi˩˥ dʑɯ˩ʁo˩tʰv̩˩˥ dʑo˩ hɑ˧ɖɯ˧ʈv̩˥ mv̩˧tʰi˧kʰɯ˧˥ tʰi˧bv̩˥kv̩˩mæ˩
wɤ˩˥|no˧ɳɯ˧|pɤ˧pɤ˧ne˧˥|le˧pɤ˥pɤ˩|gɤ˧bi˧|ʈʂʰɯ˧qo˧|tʰi˧tɕɯ˥|,wɤ˩˥ no˧ɳɯ˧ pɤ˩pɤ˧ni˧˥ le˧pɤ˥pɤ˩ gɤ˧ʝi˧tʰo˧qo˧ tʰi˧tɕɯ˥
wɤ˩˥|mv̩˩kʰv̩˧˥|tʰi˩˥|ʐwæ˧tɕi˥|le˧pʰv̩˧˥|tʰi˩˥|zo˩qo˧hɑ̃˧˥|dʑo˩|tʰi˧hɑ̃˧˥|ə˧ʝi˧tsʰi˧ʝi˧ni˧˥|ʑi˧qʰwɤ˧|di˩mɤ˩kv̩˥|,wɤ˩˥ mv̩˩kʰv̩˩˥ tʰi˩˥ wɤ˩˥ ʐwæ˧tɕɯ˥ le˧pʰv̩˧˥ tʰi˩˥ zo˩qo˧hɑ̃˧˥ dʑo˩ tʰi˧hɑ̃˧˥ ə˧ʝi˧tsʰi˧ʝi˧ne˧ʝ˥ ʑi˧qʰwɤ˧ di˩mɤ˧kv̩˧˥
ə˧mv̩˩ɳɯ˩|ʐæ˩sɯ˩˥|ʈʂʰɯ˧kʰwɤ˥hæ̃˩|kʰɯ˧˥|tʰi˧kwɤ˩|go˧mi˧|tʰi˧ʈwæ˧tsɯ˥|mv̩˩,ə˧mv̩˩ɳɯ˩ ʐæ˩sɯ˩˥ ʈʂʰɯ˧kʰwɤ˧hæ̃˩ kʰɯ˧tʰi˧kwɤ˩ go˧mi˧ tʰi˧qwæ˧tsɯ˥ mv̩˩
hi˩nɑ˧mi˧dʑo˩|tʰi˩˥|ə˧ʝi˧ʂɯ˥ʝi˩|ʈʂʰɯ˧ne˧ʝi˥|ʐwɤ˩kv̩˩˥|mæ˩,hi˩nɑ˥mi˩dʑo˩ tʰi˩˥ ə˧ʝi˧ʂɯ˥ʝi˩ ʈʂʰɯ˧ne˧ʝi˥ ʐwɤ˩kv̩˩˥ mæ˩
hĩ˧|mɤ˧hɤ˩hĩ˩ɳɯ˩|ʝi˧|pi˧|tsʰi˧ɲi˧ʝi˧|ɖɯ˧ɲi˧kv̩˧ʁɑ˧ʂe˥|le˧po˧tsʰɯ˧˥|wɤ˩˥|po˧ɖʐɯ˧mɤ˧dʑɤ˩hĩ˩|ɖɯ˧se˩|tɑ˧qɑ˧|tɑ˧qɑ˧|tɑ˧qɑ˧|pi˧|ɖɯ˧dɑ˩dɑ˩ɻ̍˩|wɤ˩˥|ɖɯ˧so˥|lo˧mɤ˧do˩|,hĩ˧ mɤ˧hɯ˩hĩ˩ɳɯ˩ ʝi˥ pi˧ tsʰi˧ɲi˧hĩ˧ ɖɯ˧ɲi˧kv̩˧ ʁɑ˧ʂe˩ le˧po˧tsʰɯ˧˥ wɤ˩˥ po˧ɖʐɯ˥ mɤ˧dʑɤ˩hĩ˩ɖɯ˩se˩ tæ˧qæ˧tæ˧qæ˧tɑ˧qɑ˧pi˧ ɖɯ˧dɑ˩dɑ˩ɻ̍˩ wɤ˩ ɖɯ˧so˥ lo˧mɤ˧do˩
mɤ˧dɑ˩qʰwɤ˩zo˩|ə˧zɯ˧˥|ɖɯ˧zɯ˧|tʰi˧ɖɯ˧ɲi˥|tʰi˧ʂɯ˧ə˧ʝi˥|pi˧tsɯ˩|mv̩˩|,mɤ˧dɑ˩qʰwɤ˧zo˧ɻ̍˧zo˥ ɖɯ˧zɯ˥ tʰi˧ɻɯ˧ ɖɯ˧ɲi˥ tʰi˧ʂæ˧ʝi˧ pi˧tsɯ˩ mv̩˩
ʈʂʰɯ˧|qv̩˧ɻ̍˧ʈʂʰɯ˧ɭɯ˧|zo˩no˥|ə˧tso˧mɤ˧ɲi˩|zo˩no˥|njæ˧sɯ˩kv̩˩|dɑ˧pɤ˧qʰwæ˧qo˩hĩ˩qo˩|qv̩˧ɻ̍˧|tʰi˧ʑi˥kv̩˩mæ˩|,ʈʂʰɯ˧ qv̩˧ɻ̍˧ʈʂʰɯ˧ zo˩no˥ ə˧tso˧mɤ˧ɲi˩ zo˩no˥ njæ˧sɯ˩kv̩˩ dɑ˧pɤ˧qʰwɤ˥qwɑ˩qɑ˩ qv̩˧ɻ̍˧ tʰi˧ʑi˧kv̩˩mæ˩
mmm…|li˩tʰi˧tɕɯ˥|tsʰe˧tʰi˩tɕɯ˩|ʐɯ˧tʰi˧tɕɯ˥|ʑi˧qʰwɤ˧ʂɯ˧qo˥ɖɯ˩so˩dʑo˩|,mm…li˩tʰi˧tɕɯ˥ tsʰe˧tʰi˩tɕɯ˩ ʐɯ˧tʰi˧tɕɯ˥ ʑi˧qʰwɤ˧ʂɯ˧qo˧ ɖɯ˧so˩dʑo˩
tʰv̩˧ne˧ʝi˥|ɖɯ˧ɖɯ˧ɲi˥|so˧ʂɯ˧|so˧tɕʰi˧|so˧ʂɯ˧|,ʈʂʰɯ˧ne˧ʝi˥ ɖɯ˧ɭiɖɯ˧ɲi˥ so˧ʂɯ˧ so˧tɕʰi˧ so˧ʂɯ˧
njæ˧sɯ˩kv̩˩dʑo˩|ə˧ʝi˧ʂɯ˥ʝi˩|nɑ˩dʑi˧hṽ̩˧|mv̩˧ɲi˩mæ˩|ə˩gi˩|,njæ˧sɯ˩kv̩˩dʑo˩ ə˧ʝi˧ʂɯ˥ʝi˩ nɑ˩dʑi˧hṽ˩mv̩˩ɲi˩ mæ˩ ə˩gi˩
mɤ˧bi˧ze˧|ə˧zɯ˩|zo˧tɕʰi˧tʰɑ˧kv̩˥kv̩˩|ə˧tso˧mɤ˧ɲi˩|tʰi˧di˩ze˩|,mɤ˧bi˧ze˧ ə˧zɯ˩ zo˧tɕʰi˧tʰɑ˧kv̩˧kv̩˥ ə˧tso˧mɤ˧ɲi˩ tʰi˧di˩ze˩
mv̩˩tɕʰi˩bi˩zo˩ho˥ze˩|pi˧|tʰi˩˥|mv̩˩zo˩˥|ɖɯ˧ɭɯ˧ki˧|le˧ʂv̩˧po˧hɯ˧ɲi˥tsɯ˩|mv̩˩|,mv̩˩tɕʰi˩bi˩zo˩ho˥ze˩ pi˧ tʰi˩˥ mv̩˩zo˩˥ ɖɯ˧ɭɯ˧ki˧ le˧ʂv̩˧po˧hɯ˧ɲi˥tsɯ˩ mv̩˩
tʰi˩˥|ə˧ʝi˧ʂɯ˥ʝi˩dʑo˩|nɑ˩ʈʂʰɯ˥dʑo˩|v̩˩tsʰɤ˧˥|dʑɤ˩˥|dʑo˧mɤ˧kv̩˧˥|mæ˩|,tʰi˩˥ ə˧ʝi˧ʂɯ˥ʝi˩dʑo˩ nɑ˩ʈʂʰɯ˥dʑo˩ v̩˩tsʰɤ˧˥ dʑɤ˩˥ dʑo˧mɤ˧kv̩˧˥ mæ˩
