path	sentence
hist140430_jin_e_S005.wav	stu kɯ-wxti chondɤre nɯ ɯ-pa nɯ tɯ-lɤt ni wuma ʑo pjɤ-ɕqraʁ-ndʑi.
hist140511_xinbada_hanghai_lixianji_S063.wav	ɯ-tu-kɯ-nɯɬoʁ ɲɤ-me.
hist140425_shizi_puluomixiusi_he_daxiang_S006.wav	koŋla tu-kɤ-sɤɣmu kowa /to/ to-βzu tɕe, 
hist-21-mdzadi_S034.wav	ŋotɕu ta-ndza tɕe, stoʁ phaʁ kɯ-fse tu-nɯɣmbɤβ ɕti.
hist-27-tWCGArgu_S008.wav	tɕe tɤ-mu ɯ-pɕoʁ ɲɯ-kɯ-ɤɣɯrɯz ɣɤʑu,
hist140426_laXthAB_S020.wav	nɯ laχthɤβ nɯ wuma ʑo cha tɕe,
hist140514_huishuohua_de_niao_S202.wav	nɯ ɕ-pjɤ-mto tɕe tɕendɤre, nɤkinɯ, nɯnɯ si nɯ ɣɯ ɯ-taʁ nɯtɕu ɯ-rtaʁ ci ɲɤ-nɯ-phɯt.
hist-22-kuwu_S016.wav	praʁ ɯ-ŋgɯ ri ʁɟa ku-nɯ-rɤloʁ,
hist140430_lang_he_qizhi_xiaoshanyang_S001.wav	kɯreri spjaŋkɯ chondɤre, nɤki, tshɯtho kɯɕnɯz pjɤ-tu tɕe, nɯnɯ pjɯ-fɕɤt ɲɯ-ŋu.
hist140513_shenqi_de_feitan_S002.wav	tɤ-βɟu ɲɯ-kɯ-nɯqambɯmbjom kɯ-cha, iɕqha khɯwɯsi 
hist-27-kikakCi_S187.wav	ma kɯ-wxti sthɯci maŋe, ɕkɤrɯ nɯ,
hist140521_jianding_de_xibing_S077.wav	tɕeri nɯnɯ tɤ-pɤtso nɯ chondɤre iɕqha nɯ-kɯ-sɤβlo nɯnɯ, nɤkinɯ, pjɤ-ɣi-ndʑi tɕe ɣɯ-ɲɤ-ɕar-ndʑi ri maka mɯ-pjɤ-mto-ndʑi.
hist-28-qapar_S083.wav	tɕe nɯ tɕhɯɕrɤm ŋu tɕe,
hist-03-mWrmWmbjW_S014.wav	tɕendɤre tɯmɯ ci kɯxtɕɯxtɕi pjɤ-lɤt tɕe (nɤkinɯ)
hist140517_buai_shuohua_de_gongzhu_S016.wav	tɕendɤre ju-ru tɕe nɤkinɯ, iɕqha nɯ, 
hist-24-zwArqhAjmAG_S032.wav	paqe kɯ-fse, nɯra nɯ-taʁ tu-ɬoʁ ɲɯ-ŋu. 
hist-28-CAmWGdW_S006.wav	nɯnɯ ɣɯ ɯʁrɤt nɯ pjɯ-xtsɯ-nɯ
hist140428_mu_e_guniang_S187.wav	zgoku /ɯjɤ/ ɯ-kɤcu jɤ-ɕe, 
hist-27-kharwut_S059.wav	nɤkinɯ, tɤ-ndɤr nɯnɯ, kú-wɣ-rtoʁ ɲɯ-saχsɤl.
hist-07-Cku_S133.wav	nɯtɕu tɕe tɕe
hist-15-babW_S239.wav	iɕqha ɯ-mɯntoʁ ɣɯ ɯ-fkɯm kɯ-fse nɯnɯ, nɤki,
hist-13-NAnWkWmtsWG_S040.wav	tɕe nɯnɯ nɤkinɯ, kɯ-qiaβ tɕi me, kɯ-chi tɕi me, kɯ-mɤrtsaβ tɕi me.
hist140522_Kamnyu_tshupa_S035.wav	tɕe nɯnɯ tham tɯrme tɯ-rdoʁ ma me tɕe, wubaohu 五保户 ŋu 
hist-04-xiaocunzhuang_S037.wav	tɕhi jamar ʑo tɯ-xpa jamar nɯ-anɯrɕo tɕhi jamar ʑo, nɤki, nɯ nɯ-anɯrɕo, nɯ tɤ-rʑaʁ nɯ-anɯri kɯma, 
hist140518_huifei_de_muma_S101.wav	laʁnɯ-sŋi to-tsu qhe, tɕendɤre, nɤkinɯ iɕqha,
hist-06-tANgAr_S004.wav	zgoku chondɤre, nɯnɯ, ɯ-ŋgɤr tu-kɯ-ti ŋu 
hist-26-kWlAGpopo_S036.wav	ɯ-jaʁndzu ɯ-ku ʑo tɤ-azɣɯt tɕe ɲɯ-nɯqambɯmbjom ŋu.
hist-24-pGArtsAG_S097.wav	you kɯ-tu kɯ-fse, tɯ-kri kɯ-tu kɯ-fse mu ʑo tu-ndze mɤ-khɯ.
hist-29-LantshAm_S052.wav	tɕe nɯnɯ tɕe akɯpɕoʁ ri, tɕetu, nɤki,
hist140428_yonggan_de_xiaocaifeng_S092.wav	tɕe to-mtsaʁ tɕe nɯnɯ si ɣɯ ɯ-rtaʁ cho ɯ-jwaʁ ra nɯ-rchɤβ nɯ tɕu ɯʑo to-ɕe
hist140505_liuhaohan_zoubian_tianxia_S269.wav	ɯ-thoʁ ra aʁɤndɯndɤt ʑo jo-sɤzɣɯt-nɯ.
hist-30-tAsno_S053.wav	tsuku kɯ soʁma ɲɯ-rku-nɯ. 
hist140522_Kamnyu_zgo_S202.wav	_thɣɤji tu-ti-nɯ ŋgrɤl
hist140522_Kamnyu_tWji2_S051.wav	tham tɕe, kɤmɲɯ ɣɯ rgɯnba ta-βzu-nɯ ma
hist140521_jianding_de_xibing_S034.wav	ɯ-ŋga ra kɯ-mpɕɯ-mpɕɤr ʑo pjɤ-ŋu tɕe nɤki,
hist-31-cha_S059.wav	tɕe nɯ ɯ-ŋgɯ tu-rku-nɯ
hist-31-qala_S038.wav	"""ki maka qala kɯ pjɤ́-wɣ-nɯβlu-a tɕe z-ɲɯ-ɕar-a ɲɯ-ntshi ma,"
hist140430_lang_he_qizhi_xiaoshanyang_S110.wav	tɕendɤre tshɯthopɯ nɯ kɯ to-ti tɕe,
hist-30-mboR_S043.wav	ɯ-tshɯɣa nɯ tɕhila kɯ-fse thɯ-kɤ-βzu ŋu tɕe,
hist-27-qartshAz_S066.wav	nɯnɯ wuma ʑo ɲɯ-rkɯn khi
hist-02-deluge2012_S100.wav	pɯnɯɕe ra toti
hist140513_abide_he_mogui_S015.wav	tɕe nɯnɯ kɯ-fse, iɕqha nɯ, iɕqha nɯ, nɯre kɯra pɕaʁ cho ra mɯ-mɤ-la-βzu-nɯ, 
hist-14-sWNgWJu_S147.wav	iɕqha nɯ rcanɯ, paʁ ra kɯ tu-ndza-nɯ ŋu ri,
hist-27-kikakCi_S078.wav	tɕeri, nɤki, sɯjno nɯra tu-ndze ɲɯ-ŋu ri,
hist-19-mi2_S004.wav	ɯ-mɯntoʁ pɯ-ŋgra tɕe,
hist140520_xiaoyida_de_huar_S110.wav	gangqin ɣɯ ɯ-rkɯ nɯtɕu tɕe, nɤki, mɯntoʁ kɯ-mbro ci kɯ-wxti ci, iɕqha baihehua nɯnɯ,
hist-30-Com_S047.wav	tɕe nɯnɯ ɕom ŋu.
hist140427_xiong_he_mei_S028.wav	"nɤʑɯɣ nɤ-sɯm kɯ-sna nɯnɯ kɯ nɤ-ʁzɯɣ mɤ-kɯ-mpɕɤr nɯnɯ  pjɯ-sɯ-ɕphɤt cha"" to-ti ɲɯ-ŋu."
hist-24-pGArtsAG_S095.wav	χpɤltɕin ɯ-mu ɣɯ nɯ tu-mŋɤm ŋgrɤl tɕe,
hist-27-kikakCi_S156.wav	nɯŋa ɯ-pɯ nɯ, rgali jamar ɣɤʑu khi ma
hist-30-tAsno_S077.wav	tɕe nɯnɯ tɕe, chɯ-taʁ-nɯ tɕe tɕe nɯnɯ kɯ li ɯ-xtɤpa tu-sɯ-xtɕɤr-nɯ.
hist-06-qaZmbri_S062.wav	nɤkinɯ lu-ɣɤtsrɯ tɕe, nɯnɯ ɯ-mɯntoʁ, nɯre ɯ-mɯntoʁ ɲɯ-lɤt-nɯ ɲɯ-ŋu
hist140518_jinyin_chengbao_S083.wav	hanɯni kɯ-pe ci pjɤ-mto-nɯ.
hist-31-cha_S143.wav	ɯ-χcɤl ri ɕukhwi tu-kɯ-ti tɕe nɯ
hist-25-stoRthAB_S007.wav	tɕe nɯnɯ stoʁthɤβ tu-kɯ-ti ŋu.
hist140513_mutong_de_disheng_S150.wav	li pjɤ-rɟaʁ.
hist-26-mYaRmtsaR_S045.wav	ɯ-thɤcu nɯ, ɯ-mphɯz kɯ-fse nɯ kɯ-wxtɯ-wxti kɯ-ɤrtɯm ɲɯ-ŋu. 
hist-21-jmAGni_S009.wav	tɕe nɯnɯ ɯ-ru ra kɯ-xtɯt ci ŋu.
hist-25-qraR_S024.wav	tɕeri sɯjno nɯra kɯmɯxte mɯ́j-phɯt.
hist-07-Cku_S008.wav	tɕe nɯnɯra li nɤkinɯ, qandzojoɕku nɯnɯ, ʁjɯβ kɯ, nɤki, 
hist140514_huishuohua_de_niao_S006.wav	baodan ra tu-ti-nɯ ɕti, nɯnɯ kɯnɤ kupa-skɤt ɲɯ-ɕti
hist140520_xiaoyida_de_huar_S092.wav	"""wo ɲɯ-ŋu tɕe, nɯnɯtɕu rca wuma ʑo ɲɯ-sɤscit nɤ!"" /ɲɤs/ to-ti."
hist-30-macha_S002.wav	tɕe macha nɯnɯ tɕe nɤki
hist-11-qarGW_S067.wav	laŋlaŋ ɯ-pɯ-fɕɤt-tɕi?
hist-08-BGAtAtAB_S008.wav	yiban nɤkinɯ, ɯ-xso nɯnɯ, kɯmɯxte nɯnɯ, nɤki
hist140517_mogui_de_jing_S131.wav	sudan rɟɤlpu nɯ kɯ nɯ ɯ-khɤjlɤn tɤ-kɤ-βzu nɯra to-stu qhe, 
hist-08-rasti_S005.wav	tɕe rasti nɯnɯ lú-wɣ-ji tɕe, 
hist-05-paR_S024.wav	tɕe nɯtɕu tɕe chɯ-rɤpɯ ɲɯ-ŋu tɕe
hist140510_sanpian_sheye_S044.wav	nɯnɯ ɯ-χti nɯ kɯ wuma ʑo pjɤ-nɯzdɯɣ.
hist140513_shenqi_de_feitan_S080.wav	tɕendɤre lvdian nɯtɕu jó-wɣ-sɤzɣɯt tɕe tɕe huoxin nɯ kɯ maka ʑo nɯ ma mɤ-kɤ-rɯsɯso kɯ nɯɕɯmɯma ʑo, nɤkinɯ, χsɤr tʂaŋka nɯnɯ khrɯtsu kɯβde to-tɕɤt tɕe to-nɯ-χtɯ.
hist-X1slobdpon_S029.wav	nɤki, to-ɣi tɕe nɯ-ʑmbrɯ ɲɤ-χtɤr ʑo ɲɯ-ŋu tɕe, ɯ-zda ra nɯ-phe, nɤki, 
hist140508_shier_ge_tiaowu_de_gongzhu_S193.wav	tɕendɤre iɕqha nɯ, tɤ-tɕɯ nɯ kɯ ɯʑo ɯ-fsu tsa kɯ-zɣɯt kɯ-fse, ɯʑo ɯ-lɯz cho kɯ-naχtɕɯɣ, kɯ-ɤɣɯlɯtshɤt kɯ-fse nɯnɯ to-nɯ-qɤr tɕe nɯnɯ, 
hist-26-NalitCaRmbWm_S004.wav	tɕe nɯnɯ li ɯ-χpi mpɕɤr ʁo ma, nɤkinɯ iɕqha nɯ, iɕqha nɯ
hist140513_mutong_de_disheng_S105.wav	li kɯmaʁ ci chɤ-lɤt tɕe tɕendɤre, nɤki,
hist140427_yuanhou_he_lianggeren_S051.wav	"""kɯki maka thɯci ɕ-tɤ-stu-nɯ ɲɯ-ntshi"" to-ti ɲɯ-ŋu"
hist140501_jingli_tshering_skyid_S087.wav	tɕendɤre ku-rɤʑi-tɕi tɕendɤre, 
hist-12-Zmbroko_S033.wav	iʑora nɯ kɯ-dɯ-dɤn tu-ndza-j mɤ-ŋgrɤl.
hist140507_tangguowu_S093.wav	tɕendɤre kɤndʑɯwɤmɯsnom ni kɯ ɲɤ-nɤmtshɤr-ndʑi
hist-25-qraR_S032.wav	nɯ ɯ-ŋgɯ pjɯl... chɯ-lɤt-nɯ ɲɯ-ŋu.
hist140514_guowang_he_lieying_S073.wav	ɯ-tɯɣ kɯ-tu tɯ-ci nɯ lu-tɕɤt tɕe,
hist140507_jinniao_S111.wav	"""tɤ-nɯzdɯɣ mɤ-ra ma aʑo mɤ-ta-sat, aʑo mɤ-ta-nɯsnɯɲaʁ."" iɕqha nɯ, nɯra to-ti tɕe tɕendɤre,"
hist140519_yeying_S092.wav	"nɯ a-ŋgra ra kɯ-ra me"" to-ti"
hist-12-ndZiNgri_S191.wav	tɕe nɯnɯ pjɯ-ɴɢaʁ tɕe ɯ-χcɤl ri,
hist140507_jinniao_S334.wav	"ɲɤ-sɯ-lɤt tɕe tɕendɤre, nɤkinɯ, iɕqha nɯ, tɕe ""a-rca jɤ-ɣi-ndʑi"" to-ti."
hist-28-smAnmi_S055.wav	"tɕe ""nɯ a-jɤ-ɕe tɕe tɕetha kɤ-zɣɯt mɤ-cha tɕe si ɕti tɕe, "
hist-31-thathor_S010.wav	tɕe nɯnɯ tɕhoma ɣɯ ɯ-mdʑu ŋu
hist-05-khWna_S016.wav	tɕe khɯna nɯnɯ kɯnɤ nɤkinɯ
hist-17-xCAj_S081.wav	ma ɯ-sɤ-dɤn nɯ tɕetu rɯŋgu ŋu.
hist-23-mbrAZWm_S169.wav	ɯnɯnɯ ɲɯ-dɤn khi.
hist-13-NAnWkWmtsWG_S062.wav	tɕe tɯ-jaʁndzu jamar, tɯ-jaʁndzu roro jamar ɲɯ-jpum ɲɯ-cha.
hist140510_sanpian_sheye_S079.wav	"ɯ-rtsho nɯnɯtɕu, nɤkinɯ, ""ɲɯ-sɤlɤɣi-a ra"" ɲɯ-sɯsɤm tɕe tɕendɤre,"
hist-26-tWcipaR_S034.wav	beike nɯ kɯ-fse ɯ-fkɯm ɣɤʑu.
hist-17-ndZWnW_S050.wav	tɯʑɤra pɯ-xtɕi-j tɕe, 
hist140504_baixue_gongzhu_S058.wav	mɤʑɯ, nɤki, ɯ-ŋgɯ nɯtɕu, nɤki, 
hist-08-khWjNga_S030.wav	tɕe khɯjŋga nɯ kɯnɤ ʁnɯ-tɯphu tu
hist-25-akWzgumba_S057.wav	wuma ʑo tɯ-kha cho tɯ-laχtɕha ra sɯ-ɴqhi.
hist-24-ZmbrWpGa_S124.wav	nɯnɯ pɣɤtɕɯ ci ŋu tɕe, stu ʑo xtɕi.
hist-05-qaZo_S121.wav	tɕe nɯra tɕhi tɤ-kɯ-tɯ-tɯt ʑo kɯ-khɯ ŋu ma nɯnɯra
hist-29-tAmtshAzkAkWndo_S076.wav	tɕe nɯnɯ gaoxueya kɯ-fse kɤ-ti maʁ ma,
hist-05-khWna_S018.wav	ʁnɯz jamar ntsɯ, ci ci χsɯm kɯβde ra ɲɯ-lɤt ɲɯ-ŋgrɤl.
hist140506_shizi_he_huichang_huichang_de_bailingniao_S068.wav	"tɕendɤre ""nɤʑo ju-tɯ-ɕe a-sɯm mɯ́j-ɕe ndʐa ŋu"" to-ti."
hist140520_ye_tiane_S357.wav	nɯnɯ tɕe iɕqha ka-tɕɤβ nɯtɕu tɕe, nɯ tɕu ju-ɣɯt-nɯ pjɤ-ra.
hist-19-qachGamWntoR_S046.wav	tɕe nɯnɯ, ma ɯ-jwaʁ kɯ-mbɯ-mba ɕti.
hist140507_tangguowu_S119.wav	nɤki hengsheer nɯ kɯ iɕqha kumpɣa ɣɯ ɯ-jaʁndzu nɯ ku-ɕthɯz pjɤ-ŋu,
hist140516_huli_de_baofu_S028.wav	"""a-pi spjaŋkɯ, wuma tɯ-tɕha kɯ-pe ci jɤ-ɣɯt-a"" to-ti."
hist-22-qAjdo_S016.wav	tɕendɤre tɤrɤku tu-ndze ɕti, si ɯ-mat tu-ndze ŋu.
hist-26-mYaRmtsaR_S100.wav	ɣʑo kɯ-fse kɯ-wxti nɯra rcanɯ, ʑaʑa ʑo kɤ-sat mɤ́-wɣ-sɯxcha ma ɯʑo ɲɯ-xtɕi
hist-31-thathor_S031.wav	tɕe nɯ kɯ-fse ɲɯ-ŋu.
hist140520_xiaoyida_de_huar_S007.wav	nɯnɯ slama ci pjɤ-tu tɕe, nɯ ɯ-ɕki to-ti.
hist140508_shier_ge_tiaowu_de_gongzhu_S196.wav	tɕe nɯnɯ ɯ-rʑaβ pjɤ-nɯmto tu-kɯ-ti ɲɯ-ŋu.
hist-28-smAnmi_S081.wav	kɯɕɯŋgɯ tɕe nɯnɯ ma /nɯ/ nɯ-mtshɯntɕha pjɤ-me.
hist-18-NGolo_S051.wav	tɕe nɯ ɯ-χcɤl nɯnɯ nɯ kɯ-fse, ɯ-qa ɲɯ-βze ŋu tɕe,
hist-30-tAsno_S002.wav	ʁnɯ-tɯphu tu tɕe, tɤ-sno nɯnɯ, nɤki, 
hist-28-qAjdo_S071.wav	tɕheme nɯ kɯ, tɤ-rɤŋgat-nɯ tɕe, rŋɯl qhoʁqhoʁ ci to-ndo pjɤ-tu qhe,
hist-21-jmAGni_S053.wav	nɯreri ɲɯ-fka ŋu. 
hist-26-tChWra_S005.wav	kɯmŋu-zɯm kɯtʂɤ-zɯm jamar kɯ-xtɕhɯt tu tɕe nɯnɯ,
hist-30-Com_S029.wav	qraʁ chɯ́-wɣ-sɯ-lɤt ɲɯ-khɯ.
hist-22-BlamajmAG_S018.wav	pjɯ-ɴɢaʁ tɕe tɕendɤre, nɤkinɯ, ɯ-χpoʁ nɯ, nɤki, 
hist140517_roko_S012.wav	kɯ-rko tsa ɲɯ-ŋu.
hist140520_ye_tiane_S214.wav	nɤ-pi ɣɯ nɯ-sni ʑo kɤ-kɤ-sɤtsa fse tɕe, 
hist-25-rtChWRjW_S058.wav	tɕeri ɯ-rme nɯ kɯ-ndɯ-ndɯβ ʑo ɲɯ-ɕti tɕe,
hist140511_qajdo_kW_qandzxe_tundze_S016.wav	ma nɯ tu-ste tu-ndze ŋgrɤl.
hist-21-mdzadi_S021.wav	tɕe tɯ-ɣjɤn tɤ-kɤ-ndza nɯ tɯ-sŋi tɯ-rʑaʁ jamar rɤʑa ɕti.
hist-27-tWfCAl_S138.wav	ri nɯ fse chɯ-kɯ-ɬoʁ nɯ ndɤ tɕhindʐa ŋu mɤxsi ma
hist-17-thowum_S046.wav	tɕe nɤkinɯ, ɯ-ŋgɯ ɯ-rqhu kɯ-jaʁ kɯ-fse nɯra mbraj cho naχtɕɯɣ.
hist140510_sanpian_yumao_S116.wav	"tɕe nɯnɯ ɣɯ ɯ-jɤ-kɯ-ɣɯt nɯ kɯ rɟɤlpu a-thɯ-ndɤm"" to-ti-nɯ."
hist140513_abide_he_mogui_S018.wav	tɕe nɯ sɤznɤ, nɯnɯ mɤ-kɯ-stu ra ɣɯ, nɯnɯ pjɯ-znɯtɕhɤl tɕe nɤki iɕqha,
hist140505_liuhaohan_zoubian_tianxia_S188.wav	tɕendɤre ri, ku-rtoʁ tɕe ɯ-tɯ-ci nɯra pjɤ́-wɣ-lwoʁ tɕe kɯ-tu pjɤ-me qhe, 
hist140519_yeying_S200.wav	ɬɤndʐi nɯnɯ, iɕqha nɯ, a-sɯmpa tɕe, kɯ-me ɲɤ-tɯ-sɤβzu-t tɕe,
hist-07-Zmbri_S032.wav	tɕe nɯ ɯ-ku kɯ-me kɤ-ti ɲɯ-ŋu.
hist-25-akWzgumba_S030.wav	kɯ-xtɕɯ-xtɕi ʑi ɲɯ-saχsɤl.
hist-05-paR_S002.wav	ŋkhorwapa tɕe, thamtham xiangxia tɕe
hist-31-RlWm_S002.wav	tɯthɯ ɯ-ŋgɯ tɕe nɯ-kɯ-xtsu, 
hist140512_alibaba_S251.wav	maka ɯ-mbrɯ ɯ-tɯ-ŋgɯ, ɯ-tɯ-mu pjɤ-sɤre ʑo.
hist-18-qromJoR_S029.wav	ɯ-tɯ-ɬoʁ ɯ-tshɯɣa ɯ-tɯ-ɤɣɯrtɯrtaʁ ɯ-tshɯɣa nɯra nɯ ɲɯ-fse 
hist-27-qartshAz_S138.wav	qartshaz phu nɯ kɯ tɤ-mu nɯra ku-fskɤr nɤ ku-fskɤr tɕe
hist140504_huiguniang_S120.wav	tɕendɤre ɕɤχcɤl ɯ-qhu jamar tɕe tɕendɤre
hist140430_lang_he_qizhi_xiaoshanyang_S065.wav	tɕendɤre spjaŋkɯ nɯ li /tɤpɤtso/ nɤki, tshɯtho ra nɯ-kha nɯ tɕu jo-ɕe tɕe,
hist140428_mtshalu_kAsAla_S016.wav	tɕe tɯ-ci kɤ-kɤ-ta nɯ tɤ-ala tɕe, tɕe tɤ-kɯ-ɤla nɯ ɯ-ŋgɯ nɯ tɕu,
hist-11-paRzwamWntoR_S125.wav	nɤki, ɲɯ-ɤɲaʁndzɯm kɯ-fse ma wuma ʑo sthɯci mɯ-ɲɯ-ɤrŋi.
hist140511_yiqianlingyiye_yinzi_S055.wav	nɯ ɯ-fsomɯr tɕe, nɯ ɯ-fsomɯr tɕe, tɕe tɯ-rʑaʁ sɤznɤ tɯ-rʑaʁ ʑo ɯ-χpi kɯ-mpɕɤr ntsɯ pjɤ-fɕɤt tɕe,
hist140428_yonggan_de_xiaocaifeng_S140.wav	tɕendɤre tɤpɤtso nɯ ɲɤ-nɤkhu tɕe, nɤkinɯ,
hist-X1slobdpon_S342.wav	kɯ-mɤku nɯ sɤtɕha kɯ-kɯ-sɤscit ʑo jo-tsɯm ɲɯ-ŋu ri 
hist140520_xiaoyida_de_huar_S024.wav	"tɕendɤre iɕqha, mɯntoʁ iɕqha, chuju kɯ-fse lo, lanling kɯ-fse kɯ-rmi mɯntoʁ nɯnɯra, mɤʑɯ nɤʑɯɣ nɤ-mɯntoʁ nɯra kɯnɤ, li mɤ-tɯ-tso ndʐa ɕti ma, ju-ɕe-nɯ ɕti."" nɯra to-ti."
hist-28-smAnmi_S321.wav	ɯ-taʁ /pɣɤmbɣi/ pɣɤmbri ri ɲcɣɤnɤɲcɣɤt ɲɯ-pa tɕe, 
hist140514_huishuohua_de_niao_S149.wav	kɯki pjɯrɯ kɯki aʑɯɣ, nɤkinɯ, a-laχtɕha stu kɯ-mna ŋu tɕe,
hist-27-tApGi_S016.wav	nɯ-jaʁ ɯ-ŋgɯ ri, tɤɕi ɯ-rdoʁ tu-ndo-nɯ.
hist-03-zhenzhuquan2_S052.wav	nɯ ndʐa ɲɯ-ŋu rcama,
hist-27-tWCGArgu_S017.wav	ʑaʑa qhe, wushisui jamar,
hist140428_yonggan_de_xiaocaifeng_S027.wav	iɕqha nɯ to-stu (cataphoric)
hist-31-deluge_S047.wav	sɲikuku ʑo tɕe tɯ-mɯ nɤmkha nɯtɕu, qro χsɯm pjɯ-ɣi-nɯ.
hist-27-tWfCAl_S136.wav	tɯ-ɕna kɤ́-wɣ-nɯ-rpu tɕe tɤ-se chɯ-kɯ-ɬoʁ ci tu.
hist-07-deluge_S093.wav	tɕeri tɤtɕɯ nɯ kɯ tɕe, nɤkinɯ,
hist140515_huli_he_yuelv_S075.wav	pjɤ-qlɯt pjɤ-cha, tɕe nɯnɯ ɯ-ru nɯnɯ ɲɤ-tɕɤt pjɤ-cha ri,
hist-16-RlWmsWsi_S149.wav	ɯ-βri nɯnɯ rcanɯ, ɯ-mat rbɯɣrbɯɣ ʑo tu-ndzoʁ ŋu.  (ideoph)
hist140428_mtshalu_kAsAla_S044.wav	tɕe nɯ kɯ-fse kú-wɣ-tshi ŋu tɕe,
hist-28-kWpAz_S055.wav	tɕe tɤ-mthɯm kɯnɤ, nɤki, kɤ-ta mɯ́j-khɯ ma nɯ kɯ-fse qajɯ ʁnɯ-tɯphu nɯ ɲɯ-βze qhe,
hist-11-paRzwamWntoR_S107.wav	tɕe tɤru, tɤru kɤ-ti ci tu tɕe, 
hist-12-Zmbroko_S007.wav	ma nɯnɯ ʑmbroko nɯnɯ,
hist-23-mbrAZWm_S081.wav	cɤjmɤɣ kɤ-ti nɯnɯ, nɤkinɯ, kupa kɯ zhangzijun tu-ti ŋu.
hist-28-qAjdo_S016.wav	pot ɣɯ laχtɕha pjɯ-ɣɯt-a tɕe, rɟa zɯ ɕ-pjɯ-ntsɣe-a.
hist-19-khWlu_S042.wav	ʑmbraʁlaʁli nɯ tha-βzu ɕɯmɯma nɯ kɯ-ɤrŋi ŋu,
hist140520_ye_tiane_S082.wav	tɕeri koŋla ʑo ɲɤ-sɤŋo ri, tɤ-zgra ci pjɤ-tu.
hist140516_zaixiang_he_candou_S002.wav	stoʁ nɯnɯ, candou pjɤ-rmi ri, tɕe iʑora nɯ me tɕe, stoʁ tu-kɯ-ti.
hist140514_xizajiang_he_lifashi_S032.wav	rɟɤlpu nɯ kɯ pa-mto tɕe, nɯra ɯ-mdoʁ ɯ-tɯ-mpɕɤr ɯ-tɯ-pe pjɤ-sɤre ʑo tɕe tɕendɤre, nɤkinɯ,
hist140519_chou_xiaoya_S066.wav	tɕe kɯki yazi ɯ-pɯ kɯ-sɤjloʁ nɯnɯ wuma ʑo ɲɤ-mu,
hist140504_baixue_gongzhu_S031.wav	tɕe li tɯ-sŋi sɤz tɯ-sŋi chɯ-mpɕɤr pjɤ-ŋu.
hist140522_Kamnyu_zgo_S152.wav	tɕe nɯtɕu kɯ-lɤɣ tu-kɯ-ɕe pɯ-ŋu
hist-09-mi_S039.wav	taʁrɤt hanɯni pjɯβzunɯ ma nɯma mɯpɯsna
hist140517_buai_shuohua_de_gongzhu_S130.wav	tɕe tɯrme ra nɯ-rca kɤ-nɤrɤɟaʁ kɯnɤ ɯ-ʁjiz kɯ-ɣi ɲɤ-sɤpa kɤ-ti ɲɯ-ŋu
hist140512_fushang_he_yaomo_S046.wav	tɕe tɤ-wɯ nɯ ko-rɤʑi tɕe tó-wɣ-qur pjɤ-ŋu.
hist140430_yufu_he_tade_qizi_S057.wav	tɕendɤre ɯ-fso tɯmtɕi tɕe tɕe, ndɤre, iɕqha nɯ,
hist140501_jingli_tshering_skyid_S121.wav	thamtham a-χti tɕhimi waŋldɤn nɯ kɤ-nɯfse-t-a.
hist140519_mai_huochai_de_xiaonvhai_S105.wav	nɯ ɯ-pa nɯtɕu pjɤ-k-ɤmdzɯ-ci kɯ-fse qhe, 
hist-05-paR_S087.wav	paʁ ɣɯ ɕa kɯ-mɯm ɯ-stu ʑo nɯ ɲɯ-phɯt-nɯ  pjɯ-rɤkrɯ-nɯ tɕe
hist-X1-tWJo_S037.wav	"""ɣa"" to-ti tɕe"
hist-24-qro_S021.wav	qro nɯnɯ nɤkinɯ, qro ɣɯ ɯ-ɕa, ɯ-se nɯra
hist-X1-qachGa_S143.wav	lo-ɕe-nɯ ɲɯ-ŋu tɕe tɕeri,
hist140506_woju_guniang_S066.wav	tɕhemɤpɯ kɯ-mpɕɯ-mpɕɤr ci chɤ-k-ɤβzu-ci.
hist140522_Kamnyu_zgo_S163.wav	nɯnɯ ɣzɯku tɕe, nɯtɕu fsaŋ pjɯ́-wɣ-ta ra ŋgrɤl.
hist-24-kWmu_S066.wav	ma ɯ-jme nɯra kɯ-zɯ-zri ʑo ŋu.
hist140512_alibaba_S078.wav	tɕendɤre geximu nɯ rcanɯ, wuma ʑo kɯ-nɯrɟɯrŋom ci pjɤ-ɕti tɕe,
hist140522_RdWrJAt_S088.wav	tɕe nɯnɯra, nɯ-mat ra wuma ʑo pe.
hist140515_jiesu_de_laoren_S017.wav	tɕhi mɯ-ta-spa ŋu mɤ-kɯ-saχsɤl ʑo nɯ to-ʑɣɤnɤmqe.
hist-30-Com_S102.wav	zaŋ nɯnɯ tɕhoma ɯ-kɯ-βzu me
hist140516_huli_de_baofu_S107.wav	tɯmbri ci ɲɯ-ɕar-a qhe, tɕe nɯnɯ pjɯ-ɕɯɴqoʁ-a qhe, 
hist-26-mYaRmtsaR_S001.wav	mɲaʁmtsaʁ kɤ-ti ci tu
hist-27-tWfCAl_S105.wav	tɕendɤre lɤ-nɯtsɯm-nɯ ɲɯ-ntshi to-ti-nɯ matɕi, 
hist140519_yeying_S146.wav	tɕendɤre rɟɤlpu chondɤre rɟɤβlun nɯra, chondɤre zhongguo tɯrme nɯnɯra kɯ, nɯnɯ iɕqha nɯ,
hist140518_jinyin_chengbao_S086.wav	tɕe nɯnɯ li wuma ʑo pjɤ-wxti.
hist140519_chou_xiaoya_S036.wav	tɕendɤre kɤ-ti ta-sthɯt qhendɤre, jo-ɣi qhe, nɯnɯ yazi ɯ-pɯ kɯ-sɤjloʁ nɯ to-nɤmtsioʁ.
hist-15-babW_S258.wav	tɯji ɯ-rkɯ ra tu-ɬoʁ ɕti.
hist-07-tAtho_S031.wav	nɯ ɯ-ŋgɯ ɯ-rɣi pjɯ-nɯ-ɬoʁ ŋu.
hist-30-CnAto_S015.wav	tɕe rcanɯ ɯ-tɯ-ndɯβ kɯ ɲɯ-ɤtɕaʁlaʁ ʑo kɯ-fse ɲɯ-ŋu ma nɯnɯ 
hist-23-RmWrcWftsa_S059.wav	te ʑɴɢoloʁ jamar ma maŋe wo.
hist-03-zhenzhuquan2_S047.wav	mɤʑɯ ɯ-qa zɯ, nɤki iɕqha, 
hist-20-kApjAt_S040.wav	tɕe nɯnɯra tɤ-kɤ-sɤtʂoʁloʁ nɯra nɯtɕu pjɯ́-wɣ-lɤt tɕe tɕe
hist140430_lang_he_qizhi_xiaoshanyang_S088.wav	tɕe nɯnɯ mɯ-pjɤ-mto tɕe tɕendɤre,
hist-28-smAnmi_S324.wav	"tɕe ""wuma ʑo ɲɯ-mna ri, alo rɟɤlsa qhaqhu kutɕu zɯ, nɤki,"
hist140427_shuizhao_de_gou_yu_lang_S025.wav	"""tɤ-tɯ-nɯ-tɯt nɯ /ɲɤ/ a-mɤ-nɯ-tɯ-nɯ-jmɯt ra nɤ"" nɯra to-ti ɲɯ-ŋu."
hist140520_xiaoyida_de_huar_S035.wav	tɕendɤre iɕqha tiane nɯ nɯ ɯ-ɕki ju-ɣi ŋu tɕe,
hist140518_huifei_de_muma_S088.wav	"tɕe ""nɯnɯ a-pɯ-nɯ-me"" to-ti."
hist140514_guowang_he_lieying_S011.wav	kɤ-rɯndzɤtshi nɯ kɯ-mbat tɕe tɕe nɯnɯ ɯ-khɯtsa ɯ-ŋgɯ nɯtɕu ɯ-ndzɤtshi nɯra tu-rke pjɤ-ŋu.
hist140428_mu_e_guniang_S106.wav	nɯnɯ tɤɕime nɯ cho kedejin nɯni kɯ pɣa ra jo-no-ndʑi tɕe 
hist-X1-qachGa_S142.wav	tɤ-pi nɯ /mɯto/, ta-ʁi mɯ-to-khɯ-ndʑi tɕe
hist140514_huishuohua_de_niao_S057.wav	ʑɯmkhɤm ɯ-xpa ʑo ɲɤ-ɕe tɕe tɕendɤre, 
hist140506_shizi_he_huichang_huichang_de_bailingniao_S286.wav	tɕendɤre, nɤkinɯ, pɤjkhu ɕɤχcɤl zɯ tɕendɤre iɕqha,
hist140514_huishuohua_de_niao_S018.wav	tɕendɤre tɯ-xpa to-tsu tɕe nɯnɯ βdaʁmu nɯ ɣɯ ɯ-tɕɯ ci to-tu.
hist-28-qAjdo_S028.wav	tɕendɤre, nɤkinɯ, ɯ-kɤ-ɣɯɕkat pɯwɯ ci ɲɤ-kho.
hist-27-kikakCi_S039.wav	ma kɯki nɤki zhangluchang ku-χsu-nɯ tɕe, nɤkinɯ,
hist140507_jinniao_S366.wav	tɕe nɯ masɤrɯrju ʑo nɤkinɯ, nɯnɯ, nɤ-rɟɤlsa nɯtɕu jɤ-nɯɕe tɕe,
hist140427_qala_kWrtsAG_S001.wav	qala ci pjɤ-tu tɕe, nɤkinɯ iɕqha nɯ,
hist-07-deluge_S100.wav	nɯ nɤ-βri kɯ-kɯ-spoʁ a-kɤ-tɯ-nɯ-sɯ-mtshɤt qhe nɯnɯ nɤ-rzɤz ŋu to-ti
hist140506_nongfu_he_mogui_S010.wav	tɕe nɯtɕu pjɤ-ndʑɤβ, to-nɯt tɕe tɕendɤre wuma ɲɤ-nɤmtshɤr tɕe,
hist-25-RmArYWG_S023.wav	nɯ ɯ-qhu qhe, ɲɯ-nɤndʐo qhe, ɲɯ-me ɲɯ-ɕti.
hist-07-tAtho_S048.wav	tɯxpɤlɤskɤr nɯ kɯ-ɤrŋɯrŋi ʑo ɕti.
hist140514_huishuohua_de_niao_S076.wav	ju-kɯ-ɕe nɤ ju-kɯ-ɕe tɕe ɣnɤsqɯ-sŋi ju-kɯ-ɕe tɕe,
hist140519_wandou_gongzhu_S068.wav	nɯnɯ koŋla ʑo tɤɕime pɯ-pɯ-maʁ nɤ,  
hist140521_huangdi_de_xinzhuang_S140.wav	tɕendɤre li /tɤr/ nɤki, taqaβ ɯ-rna tɤ-ri mɯ-nɯ-kɤ-rku kɯ ma ɯ-grɤl kɯ-me kɯ-rɤtʂɯβ ra to-ʑɣɤpa-ndʑi tɕe,
hist140425_shizi_lang_he_huli_S039.wav	"tɕe ""pe"" to-ti, tɕe nɯ ɕɯmɯma nɯ to-stu."
hist-11-paRzwamWntoR_S108.wav	tɤru nɯ nɤkɤro ʑo mbro tɕe, 
hist140522_RdWrJAt_S097.wav	tshapa ra tʂhɯɣ jima ɯ-kɯ-ji kɯ-khɯ me ma maŋlo-nɯ tsa ɕti ma,
hist-22-BlamajmAG_S063.wav	ɯ-zrɤm nɯra kɯ-tu maŋe ma tɤjmɤɣ nɯ ɯ-zrɤm ra tu mɯ́j-ŋgrɤl.
hist-31-deluge_S107.wav	"tɕendɤre ""qhe a-mke kɤ-rqoʁ qhe a-rca tɤ-ɣi ra"" to-ti."
hist-02-montagnes-kamnyu-cz_S036.wav	nɯnɯ tɕe tɕethi tɤmujku nɯ lu-ɣi ŋu tɕe
hist-16-RlWmsWsi_S108.wav	zdɯɬa nɯnɯ sɯjno ŋu
hist140513_abide_he_mogui_S027.wav	tɯrme ra /nɯk/ nɯ-mɤ-kɯ-pe ʁɟa ʑo tu-βze,
hist140517_buai_shuohua_de_gongzhu_S034.wav	tɕendɤre nɯnɯ tɯrme ɯ-χpi tɤ-kɤ-rkɤz nɯ wuma ʑo pjɤ-mpɕɤr tu-ti ŋu. 
hist140522_RdWrJAt_S125.wav	mbroχpa a-nɯ-ɤtɯɣ-nɯ qhe mbroχpa tɯrme ʑo fse-nɯ
hist140512_alibaba_S208.wav	tɕe iɕqha, alibaba pjɯ-kɤ-sat ftɕaka.
hist-29-mWBZi_S035.wav	tɕe nɯnɯ qandʐe ɣɯ ɯ-jme tu-ti-nɯ ŋu.
hist140427_zei_he_lvguan_laoban_S033.wav	nɯ kɯ-fse tu-ti-a ŋu nɤ, nɤkinɯ,
hist-12-BzaNsa_S057.wav	nɯnɯ iʑo i-kha ku-rɤʑi ŋgrɤl 
hist-03-zhenzhuquan2_S013.wav	nɯnɯ zgo nɯ tu-fskɤr kɯ-fse ɲɯ-ŋu tɕe, nɤki,
hist-28-kWpAz_S047.wav	nɯ ɯ-ŋgɯ ri pjɯ-nɯ-rku-j ɕti ma
hist140507_tangguowu_S140.wav	ɯ-ku nɯnɯ iɕqha kaolu ɯ-ŋgɯ nɯnɯ tɕu la-rku ʑo tɕe tɕendɤre,
hist-20-kApjAt_S013.wav	ɲɯ-fka ŋu tɕe, tɕe nɯ nɯ-fka ɯ-stu nɯtɕu qale jɯ-jɤ-kɤri nɯreri, iɕqha, xiangliao thɯ-kɤ-lɤt nɯra ju-tsɯm ɲɯŋu
hist140511_alading_yu_shendeng_S156.wav	alading nɯɕɯmɯma ʑo kha jo-nɯzɣɯt.
hist140517_buai_shuohua_de_gongzhu_S089.wav	tɕe nɯra pɯ-fse qhe jɤ-anɯri ɕti to-ti qhe
hist140428_xiaohongmao_S140.wav	tɕeri pjɯ-sɯso tɕe, ɕɤmɯɣdɯ lɤt pjɤ-ŋu ri (conative)
hist140514_xiee_de_shewang_S050.wav	ɬɤndʐi nɯ li /jo/ nɤkinɯ, 
hist-23-pGAYaR_S043.wav	tɕe tɤrɤku kɤ-ndza wuma ʑo χɕu ma nɯnɯ 
hist-24-pGArtsAG_S116.wav	aʑo pɯ-xtɕɯ-xtɕi-a ʑo ri tɯxtɤŋɤm nɯ-atɯɣ-a tɕe, nɯ kɤ-mŋɤm pɯ-rɲo-t-a ri,
hist140513_qianshang_he_xiaotou_S013.wav	"""aʑo rcanɯ, iɕqha  nɯ, maka qale chɯ-kɤ-ɣɤmɯt ʑo kɯ-fse ʑo tɯ-xɕɤt kɤ-lɤt mɤ-kɯ-ra kɯ, "
hist140505_liuhaohan_zoubian_tianxia_S234.wav	chɤ-sɯβzu qhendɤre, tɕendɤre nɤkinɯ, 
hist140516_huli_de_baofu_S115.wav	"tɕe iɕqha nɯ, qachɣa kɯ ""nɯ fse raŋ ɕti ma, fse-a raŋ-a"" nɯra to-ti."
hist140517_buai_shuohua_de_gongzhu_S058.wav	"tɯrme ɲɤ-sɤβzu ɲɯ-ŋu tɕe, nɯ ɣɯ a-pɯ-ŋu ɲɯ-tʂaŋ"" to-ti."
hist140513_abide_he_mogui_S025.wav	to-sɤmbrɯ tɕe,
hist140510_sanpian_sheye_S040.wav	to-ngo qhe tɕendɤre, ɯ-kɯ-mŋɤm nɯ wuma ʑo pjɤ-thɯ qhe nɤkinɯ,
hist-23-scuz_S047.wav	tɕe tɤkhe pɣɤtɕɯ phu nɯnɯ tɕe mpɕɤr tɕe,
hist140512_alibaba_S149.wav	"nɤ-mɲaʁ ɯ-tɯ-pe nɯ!"" to-ti."
hist-31-cha_S164.wav	tɕe tɯthɯ ɣɯ ɯ-χcɤl nɯtɕu tu-z-nɤtɯɣ-nɯ 
hist-03-zhenzhuquan2_S003.wav	kɯ-ɤrqhi ju-kɯ-ru tɕe maka
hist140517_huli_he_lang_de_gushi_S057.wav	"""qaɟy, qaɟy tɤ-ɣi wo, qaɟy kɯ-wxti kɯ-xtɕi ʑo tɤ-ɣi-nɯ"" nɯra to-ti."
hist140505_liuhaohan_zoubian_tianxia_S166.wav	nɯ kɯ, ɯ-mi tɯ-ldʑa kɯnɤ pjɤ-mbjom ɕti tɕe,
hist-25-GdAso_S001.wav	qajɯ ɣdɤso kɤ-ti ci tu tɕe nɯnɯ,
hist-28-smAnmi_S151.wav	tɕendɤre pjɤ-ɕe tɕe ɕ-pjɤ-sɤŋo tɕe, nɯ pjɤ-ŋu tɕe, 
hist-18-qromJoR_S019.wav	ma kɤ-βʑoʁ nɯra ɲɯ-mbat ma ɯʑo tú-wɣ-ntɕhoz qhe ʑaʑa pjɯ-ɴɢlɯt-nɯ ɕti qhe,
hist140506_shizi_he_huichang_huichang_de_bailingniao_S010.wav	tɕe ɣɯ-lu-qre ntsɯ pjɤ-ŋu.
hist140507_jinniao_S182.wav	"nɯnɯ /amɤ/ a-mɤ-nɯ-tɯ-nɤmɤle ra"" to-ti."
hist140511_xinbada_hanghai_lixianji_S204.wav	pjɤ-βde tɕe tɕendɤre rdɤstaʁ kɯ-wxtɯ-wxti ʑo ɲɤ-ɕar tɕe,
hist-21-lWlu_S032.wav	tɕe lɯlu a-pɯ-me rcanɯ, βʑɯ ɯ-tɯ-ŋɤn saχaʁ.
hist140430_yufu_he_tade_qizi_S044.wav	tɕe nɤkinɯ iɕqha nɯ, /kɯrɯɕmi/ kɤ-rɯɕmi kɯ-spa ci lo-tɕat-a tɕe, 
hist140514_xiee_de_shewang_S017.wav	rɟɤlpu la-ndo ɯ-qhu tɕe rcanɯ, 
hist140515_facai_meng_S040.wav	"chɯ-mɤɕi-a cha"" nɯ kɯ-fse tu-tu ɲɯ-ŋu, to-ti ɲɯ-ŋu ri,"
hist140513_shenqi_de_feitan_S037.wav	tɯ-xpa ɯ-qhu tɕe tɕe, kukutɕu /ɲɤ/ nɤki, 
hist140505_xiaohaitu_S137.wav	tɕe nɯ ɕɯŋgɯ pɯ-kɯ-nɯ-ŋɯ-ŋu nɯ kɯ-fse ɲɤ-ʑɣɤsɤβzu-ndʑi.
hist-28-qapar_S195.wav	ma nɯnɯ tɕe tɕe, nɤkinɯ, ma qaɲi nɯ li saʁnɤt.
hist140516_yiguan_ganlan_S049.wav	tɕe nɯ mɤɕtʂa ʑo /ɲɤ/ ɲɯ-ɤta ri, nɯtɕu ʑo tɕe tɕe mɯ-ɲɤ-znɤɕqa tɕe to-cɯ tɕe, nɤki,
hist-16-RlWmsWsi_S093.wav	ɣzɯthɯz ndɤre, sɯjno tɕi mɯ-ɲɯ-ɤrtsi, si tɕi mɯ-ɲɯ-ɤrtsi.
hist-29-mWBZi_S055.wav	ɕɤr kɤ-qanɯ jamar ri tɕe, tɕe ɯ-kɯ tsa ri rɤʑi tɕe nɤki, 
hist-05-qambrW_S062.wav	tɕeri li qambrɯ tu. tɕe qambrɯ nɯnɯ 
hist-04-cuiniao_S046.wav	tɕe cuiniao nɯnɯ kɯ, nɯnɯ qaɟy ɣɯ ɯ-tɤ-ntɤβ nɯ pjɯ-tɯ-mto tɕe tɕe
hist-27-kikakCi_S193.wav	kɯ-sɤsat nɯra tɕe, nɯ-ndzrɯ ɣɤʑu, nɯ-ndzɣi ɣɤʑu.
hist140504_huiguniang_S127.wav	tɕendɤre iɕqha, nɯnɯra kɤtsa nɯra tɕe, nɤki, jɤ-azɣɯt-nɯ tɕe tɕe,
hist-25-caiqajW_S029.wav	tɕe nɯnɯ tshɤj qajɯ kɤ-ti nɯnɯ.
hist-11-mYAm_S066.wav	tsantʂa ɣɯ ɯ-jwaʁ nɯ lu-oʑɯrja rbɤrbɤt ʑo tɕe, nɤki
hist-28-smAnmi_S077.wav	"tɕe ""nɯ tu-nɯ-ndam-a qhe, nɯ ma kɯ-ra me,"
hist140511_alading_yu_shendeng_S052.wav	ɯ-ŋga kɯ-ɕɤɣ to-χtɯ, qhe nɤki, sɤz-rɯndzɤtshi ra jo-tsɯm,
hist-20-RmbroN_S026.wav	ki aʑo a-jaʁ ki jamar ɣɤʑu.
hist140520_xiaoyida_de_huar_S073.wav	suofeiya ɯ-ɕki /to-ti/ tɤ-tɯt-a tɕe,
hist140517_huli_he_lang_de_gushi_S092.wav	"ɕ-ko-rŋgɯ tɕe tɕe ""hajuju, ajojo"" ntsɯ to-ti, tɕe wuma kɯ-mŋɤm to-nɯɕpɯz."
hist-13-xsArW_S012.wav	ɯ-mɯntoʁ tu-βze tɕe, nɯ ɯ-rɣi ra pjɯ-ŋgra ŋgrɤl.
hist-11-mYAm_S032.wav	tɕe nɯnɯ mɤʑɯ, tɯɣur pa-ta tɕe, tɕe ɯ-jwaʁ pjɯ-ŋgra qhe,
hist140522_Kamnyu_tWji2_S072.wav	kɯndom maŋtaʁ, kɯndom maŋpa tu-ti-nɯ tɕe,
hist-11-qarGW_S072.wav	nɯnɯ ɣɯ tɕe tɕe nɯ, ɯ-mɯntoʁ nɯ kɯ-ɤɣɯrnɯɕɯr kɯ-fse ɯ-mɯntoʁ ɲɯ-lɤt ŋu ma
hist-18-qromJoR_S142.wav	tɕe nɤki ɯ-phoŋbu ɣɯ ɯ-jwaʁ me, ɯ-ru me, nɯra ɯ-ro nɤki, rʁɤβrʁɤβ ʑo pa. 
hist140519_mai_huochai_de_xiaonvhai_S181.wav	tɕe tɕhemɤpɯ nɯ ɯ-laz ɯ-tɯ-khe qhe, nɯtɕu ɲɤ-si.
hist-22-qAjdo_S039.wav	"s-chɯ-ʑɣɤβde-a ɲɯ-ntshi"" to-ti."
hist140427_bianfu_jingji_he_shuiniao_S006.wav	nɯnɯ nɯ-kɤ-ntɕhoz ɯ-spa to-mɲo.
hist140501_jingli_tshering_skyid_S132.wav	nɯreri xingzheng ɣɯ tama ɲɯ-nɤme-a pɯ-ŋu.
hist-25-khArWm_S050.wav	tɕe nɯ ɯ-zhengzhuang nɯ nɯ kɯ-fse ɲɯ-ŋu.
hist-21-jmAGni_S066.wav	tɕe nɯnɯ nɤkinɯ li dɤn.
hist140428_mtshalu_kAsAla_S030.wav	lú-wɣ-rɯfsɤri kɯ-fse tɕe ɲɯ́-wɣ-sɯ-ɣle.
hist140428_kAtsxWB_S028.wav	tɤɕphɤtta ʁɟa ʑo chɯ́-wɣ-βzu ra.
hist-14-sWNgWJu_S133.wav	tɕe tɯ-mdʑu ɯ-taʁ ma-nɯ-ɤtɕaʁ ra ma tɯ-mdʑu tu-sɤzoŋzoŋ ʑo qhe chɯ-sɯɣmbɤβ ɕti.
hist-30-tWNga_S010.wav	tɕe ɯ-taʁ ɯ-kuŋa pjɯ́-wɣ-tshoʁ ra. 
hist-21-GzWLa_S020.wav	ma ɣzɯɬa ŋu tɕe, ɯ-rme nɯra βʑɯ ɣɯ ɯ-rme cho naχtɕɯɣ, pɣi.
hist-13-tCamu_S043.wav	tɯrme tɯ-fsu jamar tu-mbro cha.
hist-12-kAtsxWB_S058.wav	raz kɯ tɕheme-ŋga chɯ́-wɣ-βzu tɕe, nɯnɯ ɕɤntsɯt tu-kɯ-ti pɯ-ŋu.
hist140520_xiaoyida_de_huar_S046.wav	tɕe kɯkɯra mɯntoʁ kɯra, tɕe nɯɕɯmɯma ʑo li nɯnɯtɕu, nɯ-rɟɤlsa ɯ-ŋgɯ nɯtɕu ju-ɕe-nɯ ɕti tɕe, 
hist-30-kWrAfcAr_S004.wav	nɯra li nɯ kɯ tsuku rdɤstaʁ tsuku pjɯxtsi ɲɯra
hist140428_xiaohongmao_S132.wav	"""nɯ tɤ-wi nɯnɯ jisŋi ɯ-sŋur kɯ-wxti ɯ-tɯ-sɤmtshɤr nɯ!"" ɲɤ-sɯso."
hist140520_xiaoyida_de_huar_S072.wav	nɯnɯ ɣɯ ɯ-sta nɯtɕu, ɯ-sɤ-rŋgɯ nɯtɕu  ɕ-tɤ-ta-t-a, nɤkinɯ,
hist140522_Kamnyu_zgo_S324.wav	prɤɕta ɯ-ndɤcu ri ŋu.
hist140430_jin_e_S161.wav	ɲɤ-nɤre, ɯ-xɕɤt tɯ-tu ʑo ɲɤ-nɤre ɲɯ-ŋu.
hist-26-GZo_S062.wav	nɯ maka mɤ-kɯ-mbrɤt ʑo ɲɯ-rɤma ɲɯ-ɕti tɕe, 
hist-15-babW_S157.wav	qandzɤjo nɯ ɯ-mdzu me.
hist-22-BlamajmAG_S012.wav	tɤ-kɯ-ɤmphɯr kɯ-fse tu-ɬoʁ tɕe, tɕendɤre, nɤki ɲɯ-ŋu
hist-30-rkAsnom_S020.wav	tɕe ɯ-mŋu nɯnɯ mŋurɯm
hist140520_ye_tiane_S293.wav	tu-rɯɕmi mɯ-pjɤ-jɤɣ.
hist-26-tshoBdWnpW_S009.wav	tɕeri nɤkinɯ, snarndipɯ nɯ kɯ pjɤ-mto, praʁpa.
hist-23-mbrAZWm_S052.wav	praʁ ɯ-taʁ nɯra kɯ-fse nɯra 
hist140515_facai_meng_S011.wav	ɯnɯnɯtɕu zɯ, nɤkinɯ, iɕqha nɯ, nɤʑo chɯ-tɯ-mɤɕi cha tɕe, 
hist-18-qromJoR_S127.wav	nɯra ju-tsɯm-nɯ ŋgrɤl ma nɯnɯ ɯ-di wuma ʑo mɯm.
hist-16-CWrNGo_S027.wav	ri tɯ-rdoʁ tɯ-rdoʁ tɕe kɯ-wxti tsa ʑo ŋu.
hist140505_xiaohaitu_S079.wav	"""wo tɤ-tu, tɤ-tu, aʑo, nɤkinɯ, "
hist140505_liuhaohan_zoubian_tianxia_S195.wav	tɕendɤre  rɟɤlpu nɯ kɯ, nɤki, ɯ-kha ɯ-ŋgɯ lo-tsɯm tɕe rcanɯ, 
hist-08-qaCti_S008.wav	ɯ-tɯ-jpum ra kɯnɤ naχtɕɯɣ
hist-24-zwArqhAjmAG_S021.wav	ɯʑo ɲɯ-wɣrum sɯŋsɯŋ ʑo, tɕe nɯnɯ zwɤrqhɤjmɤɣ ŋu. (ideoph)
hist140426_yelv_he_jialv_S024.wav	tɕendɤre sɯŋgɯ ɣɯ pɯwɯ nɯ kɯ pa-mto tɕe tɕendɤre, nɤkinɯ,
hist140516_guowang_halifa_he_mutong_S100.wav	"aʑo kɯ tɕe /a/ ki rɟɤlpu ɣɯ ɯ-sta ki mɯma ʑo nɯ, ɯʑɤɣ ɲɯ-kham-a jɤɣ."""
hist-06-BGa_S163.wav	nɯkɯ chɯ́-wɣ-sɯpɕiz ŋu tɕe,
hist140514_xizajiang_he_lifashi_S081.wav	feizao kɯ-fse ɲɯ́-wɣ-sɤβzu tɕe, zraχtɕi ɲɯ́-wɣ-sɤβzu tɕe, 
hist-07-pAXCi_S003.wav	paχɕi ndɤre pjɤ-tu, kɯɕɯŋgɯ 
hist140427_xuanshi_zhi_shen_S049.wav	"""kɯki tɯrme kɯ-rɯkhramba, tɯrme ra nɯ-ɕki tɤ-ŋu tɕe tɕendɤre,"
hist140519_wandou_gongzhu_S055.wav	"""jɯfɕɯr, nɤki, ɯ-pɯ-tɯ-scit, kɤ-nɯʑɯβ ɯ-pɯ-khɯ?"" to-ti ri,"
hist140522_RdWrJAt_S138.wav	qiche chɯ-kɯ-lɤt ra tu-nɯ,
hist-11-qrontshom_S023.wav	ɯ-jwaʁ ɯ-ʁɤri nɯnɯ, ɯ-rme rkɯn.
hist-25-cWXCWz_S049.wav	tɕe yangyu kɯnɤ jndʐɤz.
hist-27-kikakCi_S018.wav	tɕe nɯ kɯjkɤkɕi ɲɯ-ŋu.
hist140520_xiaoyida_de_huar_S029.wav	iɕqha rɟɤlpu nɯ ftɕar tɕe nɯtɕu ju-ɕe ŋu tɕe, 
hist-22-kumpGa_S039.wav	tɕe kumpɣa kɯnɤ ɯ-mdoʁ rcanɯ, mɤ-fse mɤ-raŋ ʑo me
hist140522_Kamnyu_zgo_S066.wav	tɕe nɯ ɯ-taʁ zgoku tu-kɯ-nɯɬoʁ ŋu ma nɯnɯ scɯfte rmi.
hist140518_jinyin_chengbao_S085.wav	ɯ-χcɤl zɯ li, nɤki, kɯ-ɤrŋi ɯ-si cho xɕaj tu-kɯ-ɬoʁ, kɯ-ɤrŋi kɯ-tu ci pjɤ-ŋu. 
hist-20-ldWGi_S019.wav	ɯ-ʁrɯ nɯ nɯ kɯ-fse ɲɯ-ŋu tɕe tɕe ki tu-fse tɕe, tu-ŋgɤɣ ɲɯ-ŋu.
hist140514_huishuohua_de_niao_S206.wav	tɕe jɤ-anɯzɣɯt-nɯ ɯ-qhu tɕe tɕendɤre, nɤkinɯ, 
hist140515_congming_de_wusui_xiaohai_S038.wav	"nɤj /nɤ-/ nɤjsti nɤ-ɕki mɤ-kham-a"" to-ti. "
hist-19-GzW_S020.wav	ma nɯnɯ ɯ-jme kɯ-zɯ-zri ɲɯ-ŋu.
hist-29-tAmtshAzkAkWndo_S069.wav	tɕe nɯnɯ ɣɯ, nɯnɯra kɯ nɤki tu-fse tu-ɣɤɣɤjɣɤj-nɯ ʑo qhe 
hist-26-kWrNukWGndZWr_S038.wav	kɯki ʑo kɯ-fse kɯ-wxti ɣɤʑu.
hist-18-qromJoR_S159.wav	tɯ-ŋga ɯ-taʁ ra ɯ-mat bɤbɤβ ʑo ku-ndzoʁ.  (ideoph)
hist140515_huli_he_yuelv_S033.wav	"""wo nɯ kɯ-fse ci a-nɯ-ɤtɯɣ-a kɯ"" ntsɯ ɲɯ-sɯsɤm tɕe tɕe nɯ ntsɯ chɯ-rɯsɯso tɕe, ku-nɯ-rɤʑi pjɤ-ŋu tɕe,"
hist140429_qingwa_wangzi_S173.wav	li rɟɤlpu ci ɣɯ ɯ-tɕɯ pjɤ-ɕti rca,
hist-26-kWrNukWGndZWr_S033.wav	nɯnɯ ɲɯ-nɯɕɯʁjɯ tu-ti-nɯ ŋu.
hist-20-tArka_S009.wav	ɯ-phoŋbu nɯra nɯ kɯ ɲɯ-xtshɯm.
hist-31-cha_S106.wav	tɕendɤre li ʁlɯm kɯnɤ ta-mar ɯ-ŋgɯ ku-nɯxsɯrnɯ
hist-13-NAnWkWmtsWG_S050.wav	ɯ-mɯntoʁ kɯ-tu ɯ-stu nɯra ɯ-jwaʁ maŋe.
hist-08-cWpaspoRspoR_S011.wav	βɣɤtu ɣɯ ɯrkɯ ndʑu pɯkɤsɤtsa nɯnɯ 
hist-20-grWBgrWB_S035.wav	tsuku kɯ tɯ-rdoʁ qhe cinɤ mɤ-kɯ-mto tu.
hist-11-paRzwamWntoR_S019.wav	ɯ-zrɤm nɯnɯ, nɤki, ɯ-χcɤl nɯnɯ, nɤki,
hist-X1slobdpon_S297.wav	"jilco ra kɯ ""pɤnmawɤndɤr jo-nɯɣi ɯ-mɤ-kɯ-ŋu-ci ma,"
hist-05-qaZo_S162.wav	tɕe khɤpa zɯ, nɯŋa a-pɯ-tu tɕe, 
hist140427_laoying_mao_he_yezhu_S020.wav	ki si ki a-pɯ-tʂaβ tɕe tɕendɤre, iɕqha nɯ,
hist140506_shizi_he_huichang_huichang_de_bailingniao_S169.wav	"tɕe nɯnɯ a-pɯ-tɯ-qri"" to-ti,"
hist140514_huishuohua_de_niao_S179.wav	"""aʑɯɣ, a-pi ʁnɯz nɯni /mɯ-pjɤ-cha-nɯ/ (mɯ-pjɤ-cha-ndʑi),"
hist-26-qro-fourmi_S128.wav	iɕqha, pɯ-nɤŋkɯŋke ɯ-sta nɯra rcanɯ,
hist140516_huli_de_baofu_S059.wav	aʑo ndɤre mɤ-ta-znɯzdɯɣpa ŋu ma
hist140516_yiguan_ganlan_S106.wav	tɕeri lo-tsɯm-nɯ ri, tɤ-pɤtso tɯ-rdoʁ kɯ nɯnɯ tɕhorzi-ɴqra nɯnɯ  khɯtsa kɯ tɕhorzi to-z-nɯɕpɯz-nɯ tɕe, 
hist140519_chou_xiaoya_S113.wav	kɯ-sɤmtshɤr, mɤ-kɯ-naχtɕɯɣ kɯ-fse tu-lɤt-nɯ pjɤ-ŋu tɕe,
hist140520_xiaoyida_de_huar_S047.wav	"ɯnɯnɯtɕu tɕe ʑara ʑara-sɯso ʑo ɲɯ-ɤnnɯɣro-nɯ ŋu"" to-ti."
hist140429_qingwa_wangzi_S086.wav	iɕqha, βdaχtɕɤl nɯ tɕu, nɯ-kha ɣɯ ɯ-βdaχtɕɤl nɯ tɕu tɯ-mɢla nɤ tɯ-mɢla, /taʁ/ tu-kɯ-mtsaʁ kɯ-fse ɯ-zgra pjɤ-tu.
hist-14-tasa_S015.wav	ɯ-ŋgɯ ri tɕe ɯ-mdoʁ nɯ ɲɯ-ɤfsoʁŋgi kɯ-fse,
hist-11-paRzwamWntoR_S095.wav	tɕe nɯnɯ, nɤkinɯ, ɯ-mɯntoʁ nɯnɯ kɯ-ɤɣɯrnɯɕɯr ɲɯ-ŋu.
hist-14-tApitaRi_S169.wav	tɕe nɯ-sɤrŋgɯ, nɯ-khɤjmu, nɯ-kho kɤntɕhɯ nɯra na-sɯβzu.
hist140430_yufu_he_tade_qizi_S083.wav	"ki to-ti tɕe, ""nɯ kɯki kɯ-fse kha ki ɲɯ-pe low matɕi,"
hist140511_xinbada_hanghai_lixianji_S074.wav	tɕe xinbada nɯ kɯ nɯ ɯ-qhɯqhu nɯtɕu chɤ-ɕe.
hist140514_xiee_de_shewang_S079.wav	"iɕqha ""qapri rɟɤlpu"" to-sɤrmi-nɯ."
hist140507_tangguowu_S086.wav	tɕe wuma ʑo, nɤki, kɯ-sna ra to-ʑɣɤpa tɕe,
hist-X1-qachGa_S132.wav	ri tɤ-tɕɯ nɯ kɯ a-tɕheme ri kɯsthɯci mpɕɤr a-pɣɤtɕɯ ri kɯsthɯci mpɕɤr,
hist-13-tApWpjoR_S013.wav	tɕe nɯnɯ ɯ-ŋgɯ nɯ tɕu,
hist140428_yonggan_de_xiaocaifeng_S259.wav	li tɯrme kɯ-wxtɯ-wxti ʑo tɯrme ʁnɯz nɯ pɯ-sat-a,
hist-19-khWlu_S095.wav	tɕe iɕqha, fsapaʁ, tshɤt qaʑo, qaʑo ɣɯ thɯ ma
hist-12-ndZiNgri_S088.wav	tɕe ɯ-mɯntoʁ wuma ʑo mpɕɤr tɕe,
hist140430_jin_e_S101.wav	"tɕendɤre kɤsɯfse kɯ ""ɯ-muj tɯ-ldʑa aʑɯɣ ɲɯ-ra"" ntsɯ ɲɤ-sɯso-nɯ."
hist140510_sanpian_yumao_S105.wav	ndɤre, ɯ-xso ci kɯki kɯ-rɤma ɣɯ tɕheme ci /tonɯndondʑi/ tɯka jo-ɣɯt-ndʑi.
hist-07-tAtho_S038.wav	ndʑu kɯ-fse ɲɯ-βzu-nɯ tɕe 
hist-24-kWqar_S012.wav	tɕe nɯnɯ li nɤki jɤ-kɯ-ɤkhu nɯ tu-ɕɯngɤm ɲɯŋgrɤl
hist-12-kAtsxWB_S057.wav	ɕɤntsɯt tu-kɯ-ti tɕe,
hist140511_alading_yu_shendeng_S208.wav	"tɤtʂu kɯ-ɕɤɣ cho /tu-sɤnde-a ŋu/ tú-wɣ-nɯ-sɤndu ŋu"" to-ti."
hist140514_huishuohua_de_niao_S152.wav	ju-nɤɕejɣi pɯ-pɯ-khɯ nɤ, aʑɯɣ mɤ-kɯ-pe me ndʐa ŋu 
hist140428_mu_e_guniang_S056.wav	ɯ-sni ɲɤ-zdɯɣ tɕe ɲɤ-ɣɤwɯwu.
hist140514_huishuohua_de_niao_S191.wav	maka ɲɯ́-wɣ-ɕɯɣmu mɯ-pjɤ-cha ma mɯ-pjɤ-mtshɤm matɕi ɯ-rna pjɤ-k-ɤsti-ci. 
hist-06-zrAntCW_S011.wav	staʁpɯ sthɯci tumbro mɯ́jcha
hist-27-tWfCAl_S166.wav	tɕe nɯ-ɕna tu-sti ɲɯ-ra.
hist140501_jingli_tshering_skyid_S037.wav	kɤndza ɯ-spa nɯtɕu.
hist-08-saCW_S013.wav	núndʐa nɯ saɕɯ nɯ tɕe pjɯ-kɯ-nɯɕɯrɲɟo ɲɤ-k-ɤpa-ci tu-kɯ-ti ɲɯ-ŋu
hist140427_wuya_he_huli_S014.wav	tɕe kɤ-ɕe ra /ɲɤz/ to-z-nɯna tɕe nɯ tɕu to-ndzur.
hist-06-zrAntCW_S001.wav	zrɤntɕɯ nɯnɯ tɤrɤku ŋu tɕe,
hist-06-mbrAj_S003.wav	tɕe mbraj nɯnɯ, ɯʑo ɣɯ ɯzdoŋbu ɣɯ ɯsi nɯ wuma ʑo ʑru
hist140425_shizi_puluomixiusi_he_daxiang_S015.wav	tu-βze-a kɤ-cha nɯra lonba ʑo nɤʑɯɣ tɤ-ɣɤtu-t-a ɕti tɕe, 
hist-23-scuz_S006.wav	tɕe nɯnɯ ɲɯ-mpɕɤr. ɯ-mdoʁ nɯ nɤkinɯ ɲɯ-fse.
hist140508_benling_gaoqiang_de_si_xiongdi_S197.wav	tɕendɤre rcanɯ, ɯ-ndzɣi ra to-tɕɤt,
hist-29-mWBZi_S074.wav	iɕqha pɯ-tɯ-fɕɤt
hist140516_zaixiang_he_candou_S031.wav	"nɯtɕu tɕetha iɕqha, χsɤr tʂoŋka stoŋtsu ci nɤʑɯɣ khɤm"" to-ti."
hist-13-tApWpjoR_S027.wav	kɯnɯmar nɯnɯ tɕe, li ɯ-pju tu.
hist140427_zhameng_he_maotouying_S022.wav	"aʑo tɕe mɤʑɯ a-ʑɯβ mɯ́j-ɣi ma ɲɯ-mpɕɤr"" to-ti ɲɯ-ŋu."
hist140517_buai_shuohua_de_gongzhu_S094.wav	"tɕendɤre qaɟy nɯ kɯ ""aʑo kɯki rɟɤmtshu ɯ-ŋgɯ ɲɯ-ɕar-a"" to-ti tɕe ɲɤ-nɯ-ɴɢɤt-nɯ tɕe ɲɤ-ɕar."
hist140510_rkoNJAl_S059.wav	mɯ́j-sɤstu matɕi nɯra ɣɯ́-ntɕhoz ɲɯ-ra tɕe,
hist-30-mboR_S023.wav	tɕe nɯnɯ mboʁ ŋu.
hist-03-zhenzhuquan2_S108.wav	nɯ ntsɯ ɲɯ-sɯsam-a ŋu.
hist140514_huishuohua_de_niao_S056.wav	tɕe nɯtɕu ku-rɤʑi pjɤ-ra tɕe, tɕendɤre,
hist140515_rJama_S016.wav	kɯɕɯŋgɯ ɣɯ rɟama jinde ɯ-kɯ-ntɕhoz maŋe.
hist-07-pAXCi_S066.wav	tɕe nɯnɯ nditɕhin ɲɯ-rmi.
hist-24-pGArtsAG_S136.wav	nɯnɯ ɕɤltɕhɯz chɤ-βzu tu-kɯ-ti ŋu ma
hist-24-pGArtsAG_S103.wav	ma nɯ tɤkɤzbɣaʁ.
hist140506_shizi_he_huichang_huichang_de_bailingniao_S209.wav	tɕendɤre ɯ-thoʁ ko-kɤmdzɯ tɕe ɲɤ-ɣɤwu ri,
hist140507_jinniao_S123.wav	nɯ ɯ-ŋgɯ zɯ si kɯ kha tu-kɤ-sɯ-βzu ci tu,
hist140513_shenqi_de_feitan_S147.wav	tɕendɤre nɯ tɤru nɯ kɯ, nɯ-wa nɯ kɯ rɟɤlpu nɯ kɯ, nɤkinɯ,
hist-16-RlWmsWsi_S092.wav	tɕe nɯnɯ paʁɕɤɣ ŋu.
hist140512_fushang_he_yaomo_S188.wav	"kɯki rgɤtpu chondɤre, iɕqha nɯ, ɯ-ɕki tɕe ""wuma pɯ-tɯ-χɕu pɯ-tɯ-rnaʁ"" ra ""kɤnɤβdi"" ra to-ti tɕe "
hist-12-ndZiNgri_S125.wav	arŋi, mpɯ tɕe tú-wɣ-ndza rca ɯ-tɯ-tɕur saχaʁ ʑo.
20140429090403_S103.wav	woja tɕe tɕe kɯki zgrɯl nɯ kɯ 
hist140513_mutong_de_disheng_S135.wav	tɤrcɯrca ku-rɟaʁ-nɯ ɲɯ-ŋu tu-ti-nɯ ɲɯ-ŋu qhe,
hist140521_huangdi_de_xinzhuang_S180.wav	"nɯnɯ, nɤki, ji-rɟɤlpu kɯ tɯ-ŋga kɯ-ɕɤɣ tu-ŋge nɯ ɯ-tɯ-mpɕɤr nɯ!"" to-ti-nɯ"
hist140507_jinniao_S187.wav	tɕeri, nɤkinɯ tɯ-ta-tɯt nɯ to-stu ri,
20140429090403_S106.wav	kɯki nɯ thi chɯ-ɣi qhe,
hist-13-xsArW_S049.wav	nɯreri ɯ-mɯntoʁ tɯ-khɤl ɲɯ-lɤt,
hist140510_mYWrgAt_S021.wav	tɕeri ɯ-ʁɤri stu ʁɟa ʑo ju-kɯ-ɕe tɕe, 
hist140505_Bulaimei_de_yinyuejia_S109.wav	"""kɯ-mɯrkɯ kɤ-ndo-nɯ, kɯ-mɯrkɯ kɤ-ndo-nɯ"" to-ti."
hist-X1slobdpon_S330.wav	tɕe li jo-nɯɣi ɲɯ-ŋu tɕe,  
hist-06-zrAntCW_S027.wav	tɕe staʁpɯ suoxiao nɯ-kɯ-ɤβzu cho naχtɕɯɣ (nɯ-kɤ-ɣɤxtɕi kɯ-fse)
hist-31-thathor_S009.wav	ɯ-mdʑu tu tɕe, nɯ ɯ-mdʑu nɯ ɕom /ku/ kɤ-mtɕoʁ tɕe tɯ-ndʑi nɯ ɲɯ-sɯspoʁ tɕe nɯtɕu ɲɯ-raʁ 
hist140515_congming_de_wusui_xiaohai_S101.wav	"nɯ koʁmɯz nɤ, kɯki, nɯ-χsɤr nɯ a-ɣɯ-jɤ-tɯ-nɯ-ru-nɯ"" to-ti."
hist140514_huishuohua_de_niao_S162.wav	tɕe huangerweisi nɯ, kɯ nɤki iɕqha, rgoŋlu nɯ, nɤkinɯ, ɯ-qhu jo-ɕe tɕe, 
hist-30-macha_S019.wav	ɲɯ-ɤɣɯrnɯɕɯr ɲɯ-ɤɲaʁndzɯm ʑo ŋu tɕe
hist140511_alading_yu_shendeng_S111.wav	tɕendɤre iɕqha nɯ, rca rŋɯl cho χsɤr rcanɯ zgo ʑo pjɤ-fse pjɤ-k-ɤrmbɯ-ci. 
hist140514_huishuohua_de_niao_S049.wav	tɕendɤre, nɤki, nɯnɯ βdaʁmu ɣɯ ɯ-pi ni kɯ nɯnɯ pjɤ-sɯz-ndʑi tɕe, li nɯnɯ ɯ-tɤ-rɟit nɯ ʁnaʁna ʑo tɯ-ci ɯ-ŋgɯ s-chɤ-βde-ndʑi.
hist140514_huishuohua_de_niao_S123.wav	tɕendɤre bahaman nɯnɯ kɯ wuma ʑo ɲɤ-nɤxtʂɯn tɕe tɕendɤre,
hist140521_jianding_de_xibing_S114.wav	tɕendɤre ɯ-ɕɤmɯɣdɯ nɯ mɤʑɯ ʑo ko-sɤsɯɣ ma nɯma mɯ-to-nɯβdaʁ.
hist140511_xinbada_hanghai_lixianji_S002.wav	xinbaba, kɯɕɯŋgɯ tɕe, iɕqha nɤki, 
hist140518_xuezhe_he_huangshulang_S032.wav	nɯnɯ, nɤki, ɯ-loʁ ɯ-ŋgɯ nɯtɕu tɤ-pɤtso nɯ kɯ-pɯ-pe ʑo pjɤ-nɯʑɯβ.
hist140512_fushang_he_yaomo_S100.wav	"nɯnɯ kɯ tu-nɤrkɤje pjɤ-ŋu"" to-ti "
hist140427_qala_kWrtsAG_S014.wav	"nɯ tɕu,nɯ tu-kɯ-fse ɲɯ-phɤn ɯ́-ŋu""/tukɯ/  to-ti."
hist140427_xuanshi_zhi_shen_S054.wav	"thɤjtɕu kɯmaʁ ta-nɤma tɕe, thɤjtɕu tɕe kɤ-znɯtɕhɤl kɯ-ra ɕti"" tu-ti ɲɯ-ŋu."
hist140515_huli_he_yuelv_S005.wav	tɕe tɯ-ɣjɤn tɕe tɕendɤre, kɯki qachɣa ki maka /kɤpɯpri ʑo/, maʁ 
hist-24-kWmu_S075.wav	tɯji ɯ-ŋgɯ kɯnɤ, nɯnɯre tɤrɤku ra ɣɯ-tu-mɯrke tu-ndze.
hist140519_yeying_S077.wav	kɯki a-rɟɤlsa ki mɤʑɯ ʑo ci tɤ-zrɤmpɕɤr-nɯ tɕe, iɕqha nɯ,
hist140513_shenqi_de_feitan_S118.wav	"""kɯki sthɯci pingguo nɯ nɤki, kɯ-sɤmtshɤr nɯ, tɕhi ʑo mɤ-kɯ-naχtɕɯɣ tu?"" to-ti."
hist-23-RmWrcWftsa_S045.wav	//nɯɣɯ// ku-nɯqambɯmbjom-nɯ ma nɯ ma ɯ-mto mɤ-rɲam-a.
hist-14-tApitaRi_S318.wav	tɤ-mu nɯ ɣɯjpa kɯre mɤɕtʂa mɯ-nɯ-si, tɤ-wa nɯ ʑatsa ri nɯ-si
hist140507_jinniao_S263.wav	mɤʑɯ, χsɤr mbro nɯ nɤ-jaʁ ɲɯ-zɣɯt ŋu,
hist140425_shizi_huli_he_lu_S077.wav	"""kukutɕu nɤki tɤ-se kɯ-rɤmbɯmbri qartshaz ci pɯ-tɯ-mto-nɯ ɯ-tu?"" to-ti ɲɯ-ŋu."
hist-23-mbrAZWm_S124.wav	ma nɯnɯ li sɯŋgɯ, nɤki, ɕkrɤz ɯ-ŋgɯ tɕe tu-ɬoʁ,
hist-03-zhenzhuquan2_S087.wav	tɯ-tɤ-ri tɯ-tɤ-ri kɯ-fse ʑo
hist-31-cha_S091.wav	tɕe nɯnɯ tɤ-sna tɕe tɕe nɤki nɯnɯ 
hist-24-zwArqhAjmAG_S029.wav	tɕe pjɯ́-wɣ-sɤkhɯ ŋgrɤl.
hist-05-khWna_S003.wav	nɯ ɯ-ŋgɯz
hist140520_xiaoyida_de_huar_S193.wav	tɕe nɯ kɯki, /mɯn/ nɤkinɯ, rɤɣo nɯ wuma ʑo ɲɯ-sɤre ma,
hist-11-mYAm_S043.wav	ma nɯnɯ si ŋu ri, kɯ-mbɯ-mbɤr ci ɕti.
hist-24-pGArtsAG_S032.wav	tɕe nɯnɯ ɲɯ-ɣɤŋgi low.
hist140514_huishuohua_de_niao_S172.wav	kɤ-rɤʑi mɯ-ɲɤ-cha qhe, tɤ-tɕɯ to-nɯɕpɯz.
hist-19-qachGamWntoR_S132.wav	tɕe ɣɤjtɯ tɕe nɯnɯ, nɤkinɯ,
hist140517_mogui_de_jing_S064.wav	sudan ɯ-me nɯ ɯ-taʁ nɯtɕu ɕe-a tɕe, ɯ-βri ɯ-taʁ nɯtɕu ɕe-a tɕe, 
hist-25-kACAl_S012.wav	nɯnɯ maka mɯ́j-mtɤm.
hist140520_ye_tiane_S028.wav	tɕendɤre yilisha nɯnɯ sqamŋu-pɤrme chɤ-zɣɯt tɕe tɕendɤre, 
hist-20-ldWGi_S059.wav	ma sɤtɕha kɯ-mbro, kɯ-mɯɕtaʁ tsa ku-rɤʑi ɲɯ-ŋu.
hist-27-kikakCi_S125.wav	stɤmku ri ju-ɕe qhe, tɕe 
hist140522_Kamnyu_tWji_S111.wav	tɯ-ji ci tu tɕe, nɯ cɤŋgɤɣ rmi.
hist-31-khAjmu_S028.wav	tɕe nɯ ɯ-tɯ-ɤmdzɯ kɯ-βdi mɤ-kɯ-βdi kɯnɤ ʑo chɯ-sɤfɕɤra-nɯ pɯ-ɕti. 
hist-07-tCGom_S016.wav	tɕe nɯnɯ tɕɣom ŋu tɕe
hist-27-spjaNkW_S181.wav	tɕe nɯnɯ ɯʑo nɯ kú-wɣ-sɤsɯɣ pɯ-pɯ-kɯ-cha nɯ tɕe,
hist140511_alading_yu_shendeng_S151.wav	tɕeri jiezhishen nɯnɯ, jiezhi ɬa nɯ kɯ ta-tɯt nɯnɯ pa-mtshɤm ɯ-qhu tɕe tɕendɤre,
hist140504_baixue_gongzhu_S069.wav	tɕendɤre nɤkinɯ, kɯ-maqhu tɕe, stu kɯ-maqhu nɯnɯ kɯ 
hist140519_chou_xiaoya_S025.wav	"tɕeri ""ɣɯ-jɤ-ru-nɯ woma, tɕhi ku-nnɯ-ŋu kɯma?"
hist140512_fushang_he_yaomo_S021.wav	tɕendɤre ɬɤndʐi nɯ kɯ iɕqha nɯ scapa nɯ to-joʁ tɕe, 
hist-26-tChWra_S006.wav	tɕhɯra nɯnɯ tɯthɯ kɯ-wxtɯ-wxti ʑo ɲɯ́-wɣ-ɣɤntaβ ŋu.
hist-30-mboR_S077.wav	stɤɴɢaʁ tu-ti-nɯ ɲɯ-ŋu.
hist-13-tApWpjoR_S017.wav	nɯnɯ ɲɯ́-wɣ-tɕɤt tɕe.
hist-12-Zmbroko_S108.wav	jinde tɕe, nɯ sthɯci ɯ-kɯ-ndza maŋe ma
hist140516_huli_de_baofu_S090.wav	nɯ sɤz kɯ-mɤku tu-ta-ndza tɕe nɯ kóʁmɯz tu-ti-a nɯra to-ti. 
hist-21-pri_S055.wav	si ɯ-pa kɯ-spoʁ nɯ, nɤki
hist140520_xiaoyida_de_huar_S196.wav	kɯ-ɤrŋi ci, nɤkinɯ, jincaihua kɤ-ti ci ɣɤʑu, mɤʑɯ kɯ-ɤɣɯrnɯɕɯr ɣɯ nɯ yincaohua kɤ-ti ɣɤʑu, 
hist140426_jiagou_he_lang_S047.wav	ɯ-tɯfɕɤt pjɤ-βzu ɲɯ-ŋu.
hist140519_yeying_S133.wav	"tɕendɤre, koŋla, ""koŋla ɕɤrpɣa nɯ sɤz ndɤre, wuma ʑo ɲɯ-mpɕɤr"" to-ti."
hist140501_jingli_tshering_skyid_S008.wav	tɕe tɕeri a-wa nɤkinɯ low, tɯrme pjɤ-pe low,
hist-25-akWzgumba_S083.wav	nɯreri ɯ-qe ku-lɤt qhe tɕe nɯ ɯ-ŋgɯ nɯ ɯ-pɯ nɯnɯ ra ɲɯ-ɤβzu-nɯ.
hist-13-xsArW_S011.wav	tɕe nɯnɯ ɯ-mɯntoʁ nɯnɯ kɯ-ɤɲaʁndzɯm tsa ci ŋu tɕe, nɯnɯ
hist-30-komAr_S094.wav	nɯnɯ ɯ-tshɯɣa nɯnɯ li 
hist-23-RmWrcWftsa_S068.wav	nɯ kɯ-xtɕɯ-xtɕi ci ŋu.
hist-03-hehua_S030.wav	tɕe nɯ ʑo kɯ-fse kɯ-dɤn hehua ɣɤʑu, mɯntoʁ, mɤʑɯ...
hist-25-khArWm_S020.wav	nɯnɯ sɤɣdɯɣ ŋgrɤl.
hist140519_mai_huochai_de_xiaonvhai_S095.wav	nɯra ɯ-mɲaʁndo nɯfse ku-ntɕhɤr tɕe, ɲɯ-nɯsmɯlɤm tɕe
hist-22-pGAkhW_S024.wav	tɕe ɯ-ndzrɯ nɯra li kɯmaʁ pɣa ra kɯ-kɯ-fse ʑo fse qhe,
hist-22-BlamajmAG_S085.wav	wuyuefen jamar ri tu-ɬoʁ ŋu.
hist140513_abide_he_mogui_S028.wav	nɯsthɯci ʑo nɯ-mɤ-kɯ-pe tu-βze ɲɯ-ŋu tɕe,
hist140514_xizajiang_he_lifashi_S025.wav	to-mɯrkɯ qhe jo-nɯtsɯm qhe, kɯ-ɤrqhɯrqhi ʑo jo-phɣo.
hist-29-mWBZi_S010.wav	ɯ-xso a-mɤ-tɤ-kɯ-sɯxɕɤt ɲɯ-kɯ-nɤrɯra qhe
hist140522_GJW_S011.wav	nɯ kɯβde nɯ ɣɤʑu ma nɯ ma kɤ-mto ʑo kɯ-tu nɯ ma me.
hist-03-hehua_S025.wav	tsuku pɯ-pɯ-ŋu nɤ, pɤjkhu nɤkinɯ, ɯ-mɯntoʁ, nɤki, zdoʁzdoʁ kɯ-pa tɕe tu-lɤt, tɯ-ʁaʁ nɯ-kɯ-ʑa kɯ-fse ɲɯ-ɕti ma,
hist-31-qala_S066.wav	"ɯ-rkɯ nɯnɯ tɕu, hɤjtsu tɯ-khɯtsa cho qarɤt nɯ nɯ-te"" to-ti."
hist140511_alading_yu_shendeng_S213.wav	"nɤki tɤɕime nɯ kɯ ɯ-ʁjoʁ ra nɯ-ɕki ""kɯki tɤtʂu iɕqha, ɯ-mbe nɯnɯ jɤ-tsɯm tɕe,  "
hist-27-tWfCAl_S019.wav	tɕeri tɯfɕɤl nɯ nɯ-thɯ tɕe,
hist-24-pGArtsAG_S058.wav	tɕe nɯ pɣɤrtsɤɣ ŋu.
hist-14-tApitaRi_S025.wav	tɕendɤre nɯ ɯqhu qhe ɯʑo pɯsɤzdɯxpa ma
hist140519_mai_huochai_de_xiaonvhai_S085.wav	pɣa ɯ-ɕa thɯ-kɤ-ɣɤmpja, thɯ-kɤ-pu ɣɯ ɯ-di ra pjɤ-mnɤm kɯ-fse.
hist-22-BlamajmAG_S026.wav	jpum nɤri, tɕe ɯ-tshɯɣa nɯnɯ san ɲɯ-fse ma 
hist-22-BlamajmAG_S057.wav	sijmɤɣ nɯ iʑora i-sɤtɕha dɤn ri,
hist140513_mutong_de_disheng_S169.wav	ndʑi-tɯ-ɲat kɯ mɯ-ɲɤ-cha-ndʑi.
hist-28-qapar_S113.wav	tɕe nɯ kɯ-mpɕɤr tu-nɯ-sɯpa-nɯ ŋu.
hist140426_wangzizunda_de_lang_S012.wav	tɕe ɯʑo kɯ nɯra to-nɯ-ti.
hist140430_jin_e_S201.wav	tɕendɤre nɤkinɯ iɕqha nɯ, 
hist140506_woju_guniang_S062.wav	"tɕendɤre ɯ-rmi nɯ ""woju"" to-tɕɤt."
hist-08-rasti_S023.wav	pjɯ́-wɣ-nɤrqaʁ pɯ-khɯ
hist-31-cha_S160.wav	ki tú-wɣ-stu tɕe pjɯ-χtɕi-nɯ tɕe tɕe 
hist140510_fengwang_S016.wav	tɕendɤre kɤndʑɯxtɤɣ ra aʁɤndɯndɤt ʑo kɯ-nɤʁɯmʁar li /jo-ɕe-ndʑi/ jo-ɕe-nɯ
hist-22-kuwu_S007.wav	ɯ-ro, ɯ-xtɤpa, ɯ-rqopa cho ɯ-phoŋbu... ɯ-xtu chɯ-chɯ-kɯ-ɕe nɯra 
hist-14-tasa_S072.wav	ɲɯ-wɣrum ŋu tɕe,
hist-26-ndzWrnaR_S033.wav	nɯ-rɟɤlpu nɯnɯ kɯ-wxtɯ-wxti ɲɯ-ŋu.
hist-07-pAXCi_S019.wav	chɯ-tɯt ɕɯŋgɯ nɯ ɲɯ-tɕur
hist140508_shier_ge_tiaowu_de_gongzhu_S070.wav	putaojiu, nɤkinɯ, tɯ-beibei ɲɤ-kho-nɯ.
hist140522_Kamnyu_tWji_S080.wav	nɯreri jigendao lo-tsɯm-nɯ,
hist140426_luozi_he_qiangdao_S022.wav	tɕe toʁde tɕe ʁlɤwɯr ʑo tɕendɤre, nɤkinɯ,
hist140519_mai_huochai_de_xiaonvhai_S013.wav	nɯnɯtɕu tʂu kɯ-wxti nɯtɕu jɤ-ari tɕe, tɕendɤre,
hist-20-RmbroN_S101.wav	ɯ-zda kɤ-tɕhɯ mɯ́j-mbat, ɯ-ʁrɯ mɯ́j-nɯɣɯntɕhoz.
hist140521_jianding_de_xibing_S181.wav	iɕqha qandʑi nɯ to-nɤstɤr ʑo tɕe, nɤki, tɕaχkhɤβ ɯ-ŋgɯ nɯtɕu /lowɣ/ ló-wɣ-βde.
hist140504_baixue_gongzhu_S029.wav	tɕendɤre βdaʁmu nɯnɯ tɤ-rga kɯ /ma/ ɯ-xɕɤt tɯ-tu ʑo ɲɯ-nɤre ntsɯ pjɤ-ŋu.
hist-25-cWXCWz_S027.wav	nɯ-ji nɯ pjɯ-ɤɣɯɕa tsa, tɯji pjɯ-sna tsa ra.
hist140522_Kamnyu_zgo_S064.wav	tɕe? _scɯfte, scɯfte tɕe rŋgɯkɤta maŋlo maŋthi tu-orɕo tɕe 
hist-02-montagnes-kamnyu-cz_S052.wav	ma tɕendɤre nɤki 
hist-03-mWrmWmbjW_S047.wav	juɕea ŋu
hist140508_shier_ge_tiaowu_de_gongzhu_S166.wav	rgɤnmɯ kɯ tɯ-ŋga nɯ-kɤ-mbi nɯra ɲɤ-tɕɤt tɕe tɕendɤre 
hist-13-tCamu_S008.wav	ma nɯnɯ ɯʑo ʁɟa tɯ-mdʑu ɯ-taʁ kú-wɣ-sthaβ tɕe mɤrtsaβ, 
hist-27-tWfCAl_S097.wav	tɕe tɯ-ci chɯ-jtshi-nɯ qhe lu-nɯ-ɬoʁ, 
hist140521_jianding_de_xibing_S192.wav	tɕendɤre nɯ jamar qhe tɕe, nɯɕɯmɯma ʑo qhe tɕendɤre pjɤ-nɯt-ndʑi qhe, pjɤ-k-ɤrɕo-ndʑi-ci ɲɤ-me-ndʑi.
hist-21-kWwGrummAG_S049.wav	tɕe ɲɯ-sɯɣrom-nɯ ɲɯ-ŋu.
hist140515_huli_he_yuelv_S042.wav	tɕe nɯ pjɯ-tɯ-mtshɤm ʑo tɕe, iɕqha qachɣa nɯ ɯ-sroʁ kɯ-mbrɤt ʑo to-rɤŋgat ɕti ri,
hist140517_buai_shuohua_de_gongzhu_S056.wav	"tɕendɤre tɤɕime nɯ kɯ ""nɯnɯ ndɤre iɕqha, nɤki nɯ ɣɯ, χpɯn nɯ ɣɯ a-pɯ-ŋu /ɲɯ/ ɲɯ-tʂaŋ ma nɯ ma me ri, nɤkinɯ, "
hist-12-Zmbroko_S062.wav	núndʐa ɲɯ-ŋu rca ma smɯrqom tu-kɯ-ti ɲɯ-ŋu.
hist-22-kumpGatCW_S039.wav	ʁzɤmi ni tu-stu tu-mbat-ndʑi  ʑo ku-rɤloʁ-ndʑi ɲɯ-ŋu
hist140506_shizi_he_huichang_huichang_de_bailingniao_S212.wav	"a-pɯ-mtam-a ntshi"" to-ti."
hist140428_mu_e_guniang_S104.wav	kɯki tɤɕime nɯnɯ kɯ /pjɤ/ pjɤ-sɯz tɕe wuma ʑo ɲɤ-nɯzdɯɣ.
hist-14-sWNgWJu_S021.wav	"ma ɯ-ru nɯra nɯ-rom tɕe rʁɤβrʁɤβ tu-pa ɲɯ-ŋu tɕe nɯ ɲɯ-rʁom ma (ideoph)	"
hist-15-babW_S183.wav	tɕe nɯnɯ ɯ-taʁ nɯnɯ, qawɯz ɯ-mɯntoʁ ɯ-spa wuma nɯnɯ kɯnɤ, ɯ-mɯntoʁ nɯnɯ wɣrum.
hist140516_huli_de_baofu_S106.wav	"tɕendɤre nɤkinɯ iɕqha nɯ, ""nɯnɯ tɤ-ɬoʁ-a tɕe, tɕendɤre,"
hist-26-zrWgndza_S017.wav	ɯʑo ɯ-mɤlɤjaʁ ra kɯnɤ kɯ-ɤrŋi, ɯ-ku tɕi kɯ-ɤrŋi, ɯ-mtɕhi tɕi kɯ-ɤrŋi.
hist-30-komAr_S085.wav	ci tɯ-xtsa nɯ cho naχtɕɯɣ ɕti
hist140513_abide_he_mogui_S040.wav	nɯ kɯ-maqhu tɕendɤre ɬɤndʐi nɯnɯ, nɤki,
hist140427_liangge_shibing_he_qiangdao_S025.wav	tham, tɕendɤre aʑo ta-nɤstu tɕe nɯnɯ tɤ-tɯ-tɯt nɯra nɤ-stu ŋu nɯ, ta-nɤstu ma 
hist140505_xiaohaitu_S065.wav	tɕe tɤ-tɕɯ nɯ pa-mto tɕe tɕendɤre nɤkinɯ,
hist-28-kWpAz_S134.wav	tɕe ɯʑo pjɯ-ɤtɤr qhe, ɯ-thoʁ pjɯ-nɯɕe qhe, tɕe
hist-26-ndzWrnaR_S053.wav	sɯku ri ku-ndzoʁ ŋu.
hist-15-babW_S171.wav	tɕendɤre ɯnɯnɯ smi tɤ-ra tɕe tɕe,
hist140427_liangge_shibing_he_qiangdao_S032.wav	nɤʑo, nɤkinɯ, nɤ-mɤ-kɯ-tso, nɤ-mɤ-kɯ-sɯz nɯra tɕe kɤ-nɯβlu tɯ-cha ma,
hist-06-BGa_S146.wav	tɕe nɯnɯ βɣɤɣur tukɯti ŋu tɕe,
hist140428_yonggan_de_xiaocaifeng_S143.wav	"tɯrme kɯ-wxtɯ-wxti nɯ kɯ ""pjɯ-sat-a ra"" ɲɤ-sɯso tɕendɤre"
hist140505_xiaohaitu_S078.wav	tɕe qaɟy chɤ-rɯsɯso tɕe stu kɯ-maqhu tɕe to-ti.
hist-07-deluge_S007.wav	"""skalpa ndʑɯɣ nɯ ɲɯŋu tɕe, ji-nɯŋa pjɯ́-wɣ-nɯntɕha ɲɯ-ntshi totinɯ."
hist140519_yeying_S172.wav	tɕendɤre iɕqha kɯ-si ɣɯ ɯ-ɬɤndʐi nɯnɯ, ɯnɯnɯ ɣɯ ɯ-ɬa nɯnɯ, ɬɤndʐi pjɤ-maʁ nɤ,
hist-28-CAmWGdW_S072.wav	qha tasa nɯ kɯfse pjɯxtsɯnɯ ɲɯra
hist140504_baixue_gongzhu_S107.wav	"ɣurʑa, nɤkinɯ, ɣurʑa-pɕirtɕhaʁ nɤki, mpɕɤr"" to-ti ɲɯ-ŋu. "
hist140506_woju_guniang_S105.wav	nɯ kɯ-fse ko-tso tɕe tɕendɤre 
hist140516_yiguan_ganlan_S075.wav	tɕendɤre maka, wuma ʑo, nɤkinɯ, nɤki, kɯ-nɤsɤɣdɯɣ ra to-ʑɣɤpa tɕendɤre,
20140429090403_S104.wav	kɯki tɯ-ldʑa tɯ-ldʑa nɯnɯ, kɯki ku-sɤʑɯrje tɕe zgrɯl nɯ kɯnɤ pjɯ-nɯβre ra. 
hist-28-kWpAz_S074.wav	tɕe nɤkinɯ, stu ʑo ɯ-kɤ-ndza nɯnɯ tɯ-ŋga, tɤ-rme kɯ-fse tɯ-ŋga nɯra ŋu.
hist-12-kAtsxWB_S074.wav	kú-wɣ-pɣaʁ tɕe ɯ-pa kɯ-ro nɯnɯ ci nɯ ɣɯ ɯ-taʁ ri kú-wɣ-ɲɟoʁ tɕe 
hist140505_xiaohaitu_S135.wav	tɕe nɯ tɯ-ci ɯ-ŋgɯ pjɤ-ɕe-ndʑi tɕe,
hist140520_ye_tiane_S005.wav	ɯ-me tɯ-rdoʁ pjɤ-tu tɕe, nɯ yilisha pjɤ-rmi.
hist-X1slobdpon_S117.wav	tɤ-pɤtso nɯ mɯ-to-khɯ kɯ, nɤki, 
hist140506_shizi_he_huichang_huichang_de_bailingniao_S275.wav	kɯ-nɯʑɯβ to-ʑɣɤpa
hist-28-CAmWGdW_S105.wav	aʁɤndɯndɤt ʑo tɤ-kɤ-nɯkhɤphrɯ ʑo ju-fse tɕe ju-ɕe ɲɯ-ŋu 
hist-27-qartshAz_S074.wav	qartshaz ɯ-ndʐi zgrawa tu-ti-nɯ tɕe
hist-30-Com_S116.wav	ma χajaŋ sɤlaŋphɤn tu ŋgrɤl
hist140428_kAtsxWB_S017.wav	ʁjɯβkɯ, nɤkinɯ, tɤ-tɕhɤz nɯ ɣɯ ɯ-spa nɯ hanɯni ɲɯ-kɯ-ro tú-wɣ-βzu.
hist140428_yonggan_de_xiaocaifeng_S144.wav	tɕeri tɤpɤtso nɯ /kɯ/ li, nɤki, jo-nɯ-phɣo tɕe ko-k-ɤnbaʁ-ci tɕe kɤ-sat mɯ-pjɤ-ŋgrɯ 
hist140506_woju_guniang_S032.wav	"""wo, nɤkinɯ, a-rʑaβ, tɕhindʐa ŋu"" to-ti ri,"
hist140517_huli_he_lang_de_gushi_S090.wav	ɯ-ku ɯ-taʁ nɯtɕu, nɤki, tɤjlɤpi ra pjɤ-ɲɟoʁ.
hist-26-qambalWla_S057.wav	ɯ-ku pɕoʁ nɯreri ɯ-mi, ɯ-jaʁ kɯ-fse tɯ-tɕha ɣɤʑu.
hist-16-CWrNGo_S060.wav	tɕe nɯnɯ sɯŋgɯ pɤjka ŋu.
hist140427_zei_he_lvguan_laoban_S013.wav	ɯ-jaʁ nɯ-kɯ-ɣe mucin pjɤ-me,
hist140511_alading_yu_shendeng_S199.wav	"""alading nɯnɯ kɯ-ɣɤrʁaʁ jo-ɕe, "
hist140513_shenqi_de_feitan_S032.wav	tɕe jo-ɕe-nɯ nɤ jo-ɕe-nɯ tɕe,
hist140522_Kamnyu_tshupa_S109.wav	ɯ-ʁjoʁ kɯ-fse pjɤ-ŋu-nɯ.
hist-22-BlamajmAG_S135.wav	ɲɯ́-wɣ-nɤmɯma tɕe kɯ-mpɯ-mpɯ ʑo ŋu.
hist-18-NGolo_S145.wav	tɕe ɲɯ́-wɣ-phɯt tɕe 
hist140516_yiguan_ganlan_S082.wav	"aʑo a-ɕki, nɤki, χsɤr na-kho kɯ-tu me."" to-ti."
hist-17-ndZWnW_S105.wav	nɯnɯ li sɯjno ŋu.
hist140518_huifei_de_muma_S099.wav	tɕendɤre nɤkinɯ iɕqha nɯ, ɯ-me nɯnɯ, nɯ ɣɯ stu kɯ-xtɕi nɯ nɯ ɣɯ ɲɯ-kɤ-kho  /mɯtonɯ/ mɯ-to-nɤla qhe, 
hist-19-GzW_S004.wav	ɕa tɕi ɲɯ-ndze, qhe tɯjpu tɕi ɲɯ-ndze,
hist-20-xsar_S028.wav	qi ba shi jin jamar a-pɯ-zɣɯt tɕe,
hist140429_qingwa_wangzi_S079.wav	"qaɕpa nɯ kɯ ""tɤɕime, ku-kɯ-nɤjo-a!"" ntsɯ to-ti."
hist-17-ndZWnW_S039.wav	ma nɤki, sɯjno tɕe nɤki nɯ ɕti ma,
hist-22-tAmbrWm_S009.wav	tɕe nɯ ɯ-qhu mɤ-kɯ-nɤmbrɯm tu-ti-nɯ ɲɯ-ŋu ri,
hist-23-mbrAZWm_S090.wav	khɯtsa jamar kɯ-tu tu.
hist140510_sanpian_sheye_S080.wav	tɯ-mpɕar nɯnɯ iɕqha, ɯʑo pɯ-kɤ-ʁndzɤr nɯnɯ ɣɯ nɯnɯ iɕqha,
hist140519_mai_huochai_de_xiaonvhai_S150.wav	"tɕe nɯ ""a-wi"" to-ti tɕendɤre, tɤ-pɤtso nɯ kɯ, to-ti ʑo, to-ɣɤɕqali ʑo ri,"
hist-22-qAjdo_S045.wav	"""tɤ-mtsɯr kɯ mɯ́j-cha-a"" to-ti."
hist140513_qianshang_he_xiaotou_S021.wav	kha ju-tɯ-zɣɯt ʑo tɕe, 
hist-27-kikakCi_S060.wav	cɤmtsho ŋu maʁ nɯnɯ, iɕqha nɯ,
hist140513_mutong_de_disheng_S093.wav	"""nɯ-phoŋbu ra a-nɯ-ɤrlɯrla"" to-ti tɕe, "
hist-23-RmWrcWftsa_S041.wav	ma nɯnɯ qalekɯtshi ŋu tɕe, 
hist140520_ye_tiane_S341.wav	tɕendɤre, mɤʑɯ tɯ-rdoʁ tɕe tɕe chɯ-sthɯt pjɤ-ŋu ri, 
hist-18-NGolo_S127.wav	tɕendɤre, nɤki tu-sɯ-mtɕɯr 
hist-23-pGAYaR_S097.wav	ma ʁmɯrcɯ ɣɯ nɯ ki tsa ɲɯ-fse tɕe,
hist-11-mtshalu_S028.wav	nɯnɯ qusput tu-mbri ɕɯŋgɯ tɕe, smɤn ŋu tu-kɯ-ti ŋu
hist140513_shenqi_de_feitan_S216.wav	tɕe sɤtɕha ɯ-ku mɯ-ɲɤ-rɤʑi.
hist-26-qambalWla_S005.wav	kɯ-ɣɯrni rkɯn.
hist140427_laoying_mao_he_yezhu_S003.wav	lɯlu nɯ kɯ li, iɕqha nɯ, nɯnɯ si nɯ ɣɯ ɯ-taʁ nɯ tɕu kɯ-spoʁ ci /ɣɤʑu/ pjɤ-tu tɕe,
hist-27-tApGi_S070.wav	nɯ koʁmɯz tu-saχsɤl ɕti tɕe, nɯ wuma ʑo ɲɯ-mŋɤm.
hist140516_zaixiang_he_candou_S059.wav	tɯtsɣe ɯ-kɯ-βzu tɯrme nɯnɯ kɯ, iɕqha nɯ, kɯki iɕqha rɟɤβlun kɯ ɯʑo ɣɯ rŋɯl nɯ-kɤ-kho nɯnɯ kɯ tɯtsɣe to-sɯβzu tɕe, ʑaʑa ʑo chɤ-mɤɕi,
hist-22-qAjdo_S008.wav	tɕe qajdo nɯ, nɤkinɯ, li tu-mbri tɕe mɤ-naχtɕɯɣ ma 
hist140428_mu_e_guniang_S168.wav	"nɤki, tɕhɯpɣa ɯ-kɯ-lɤɣ mɤ-ɕe-a"" to-ti ɲɯ-ŋu."
hist140512_fushang_he_yaomo1_S168.wav	"tɕendɤre, tɕe kɯki nɤ-χpi pjɯ-fɕat-a ki ɯ-ɲɯ́-sɤmtshɤr, ɯ-ɲɯ́-pe?"" to-ti."
hist140505_stonka_mWntoR_S010.wav	tɕe nɯ li ci stonka mɯntoʁ tu.
hist140510_fengwang_S023.wav	qro ɯ-kho ci pjɤ-mto-ndʑi tɕe tɕendɤre tɤ-pi nɯni wuma ɲɤ-rga-ndʑi tɕe,
hist-22-pGAkhW_S006.wav	ma nɯnɯ pɣɤkhɯ ŋu tɕe,
hist140515_congming_de_wusui_xiaohai_S076.wav	tɕe tɤpɤtso nɯ kɯ rcanɯ wuma ʑo, nɤki, ɲɯ-ʑɣɤmgɯ ʑo tɕe to-ti tɕe, 
hist-28-qapar_S077.wav	iʑora kɯrɯ ra tɕe rɤjla ɯ-ndo ra ku-nɯ-lɤt-i tɕe,
hist140505_sWjno_S021.wav	zɣɤmbu ɯ-spa ɲɯ-nɯ-phɯt-nɯ ŋgrɤl.
hist-23-scuz_S137.wav	tɕe nɯ tɕhɯβja ŋu, nɯ tɕhɯpɣa.
hist140512_fushang_he_yaomo1_S124.wav	"tɕe nɯnɯ pɯ-tɯ-mtshɤm tɕe koŋla ʑo, ʑgrɯɣ ʑo tɯ-rga ɕti"" to-ti."
hist140508_benling_gaoqiang_de_si_xiongdi_S065.wav	tɕe nɯnɯ ɯ-sloχpɯn to-sɯβzu.
hist140519_wandou_gongzhu_S006.wav	tɕe tɕendɤre, nɤki, rɟɤlpu ɯ-tɕɯ nɯ rcanɯ, /rɟ/, ʑɯmkhɤm ɯ-ku ʑo chɤ-ɕar ri, 
hist-15-babW_S163.wav	ma nɯnɯ qandzɤpɤr ŋu.
hist140516_huli_de_baofu_S022.wav	nɤki, nɯ-sɤ-ndo ɯ-spa pjɤ-ŋu.
hist140519_mai_huochai_de_xiaonvhai_S024.wav	kɯki tɯ-sŋi kɯki,  (calque)
hist140516_huli_de_baofu_S134.wav	kɯki lɤzŋɤn spjaŋkɯ khi. 
hist140520_ye_tiane_S063.wav	ɯ-βri nɯra kɯ-ɲɯ-ɲaʁ ʑo tɕe, tɤrpat ɯ-mdoʁ ʑo kɯ-fse  ɲɤ-sɯndo,
hist140518_mao_he_laoshu_S018.wav	tɕe nɯ jamar tɕe tɕendɤre, kɯ-spoʁ ɯ-ŋgɯ, 
hist-12-ndZiNgri_S181.wav	tɕe nɯnɯ ɯ-mɯntoʁ nɯnɯ ɲɯ-ŋu tɕe,
hist-14-tApitaRi_S073.wav	tɕe a-ftsa ɣɯ ɯ-χti nɯ pe 
20140429090403_S032.wav	kɯki kɯra ɯ-ɕnat ŋu.
hist-08-tWrgi_S005.wav	tɕe nɯ kɯ-jpɯ-jpum ʑo ɲɯ-βze tɕe,
hist140501_jingli_tshering_skyid_S070.wav	"tɕe a-pi kɯ ndɤre ""smɤnba ɲɯ-pe ɕti ma,"
hist-17-xCAj_S106.wav	tɤpɤtso ɯ-kɯmŋɤm, tɤpɤtso ra,
hist140515_facai_meng_S014.wav	tɕendɤre ɯ-fso tɯmtɕi ʑo qhe tɕendɤre ɯ-rʑaβ ɯ-rɟit nɯra ɲɤ-βde qhendɤre, nɤki,
hist-14-tApitaRi_S347.wav	tɕe nɯnɯra kɤndʑɯʁi ra nɯra ŋu-j tɕe, nɤ-tɯ-fɕɤt ŋu
hist140427_qamtsWrmdzu_S019.wav	tɕe qamtsɯrmdzu nɯnɯ, nɤkinɯ, ɯ-mdoʁ ra, ɯ-jwaʁ me, ɯ-mdzu me, kɯ-pɣi ci ŋu.
hist140430_lang_he_qizhi_xiaoshanyang_S049.wav	iʑo ji-mu ɣɯ ɯ-ndzrɯ kɯki kɯ-fse kɯ-ɲaʁ maʁ,
hist-X1slobdpon_S175.wav	"""mtshoʁlaŋ ni a-khɤkɯm, nɤki, a-khɯna ʑo a-pɯ-fse-ndʑi ra"" to-ti ɲɯ-ŋu tɕe "
hist-14-tApitaRi_S098.wav	tɕe tham alo kha ɯkɯnɯndo aftsa nɯ nɯnɯ ŋu ma 
hist-19-qachGamWntoR_S113.wav	nɯ ɣɯ ɯ-rme kɯ-fse ci tu tɕe,
hist-25-RmArYWG_S020.wav	ʁmɤrɲɯɣ ftɕar tɕe, iʑora qi bayuefen tu ma, nɤkinɯ,
hist140512_fushang_he_yaomo1_S025.wav	ɯ-taʁ rtɤβ pjɤ-ŋu tɕe tɕendɤre, 
hist140504_baixue_gongzhu_S203.wav	tɕe tɤpɤtso kɯ-ndɯ-ndɯβ nɯra jɤ-azɣɯt-nɯ tɕe tɕendɤre,
hist-30-CnAto_S007.wav	nɯ tɕhi nɯ ŋu mɤxsi ma nɯnɯ chɯ-ndɯl-nɯ
hist140513_shenqi_de_feitan_S156.wav	nɯnɯ ɕu, tɯdi jɤ-lɤt-nɯ tɕe,
hist-31-deluge_S084.wav	"qhe ""nɤ-rca tu-kɯ-tsɯm-a ra"" to-ti."
hist140521_jianding_de_xibing_S124.wav	iɕqha ʑmbrɯ nɯnɯ tɯ-ci kɯ-wxti /ɣɯ jo/ jó-wɣ-sɤzɣɯt.
hist-14-sWNgWJu_S035.wav	tɕe nɯnɯ sɯŋgɯɟu ŋu.
hist-03-zhenzhuquan1_S021.wav	kɯki zhenzhuquan kɯki ɯ-mdoʁ nɯnɯ, nɤki, kɯ-ɤrŋɯrŋi ʑo, kɯ-ɤrɯldʑaŋkɯ ʑo kɯ-fse ɣɯ tɯ-ci ɲɯ-ŋu.
hist-24-ZmbrWpGa_S044.wav	kɯmaʁ ra kɯ-fse mɯ́j-rɲɟi.
hist140511_alading_yu_shendeng_S088.wav	tɕendɤre iɕqha nɯ, matɕi sŋaspa nɯ kɯ ɯ-ftɕɤfkɤt to-tɕɤt.
hist-02-deluge2012_S028.wav	tu-ɕe nɤ tu-ɕe pjɤ-ɕti qhe
hist140522_Kamnyu_tshupa_S116.wav	tɕe nɯnɯ prɤɕta ŋu, nɯ ɯ-thɤcu tɕe prɤku.
hist140517_buai_shuohua_de_gongzhu_S026.wav	nɯnɯ tɯrme nɯ rcanɯ, ɯ-tɯ-fse pjɤ-saχaʁ ʑo rcanɯ, 
hist140510_sanpian_sheye_S051.wav	tɯrsa ɯ-rkɯ nɯtɕu ku-omdzɯ tɕe, 
hist140510_fengwang_S022.wav	ɯ-thoʁ nɯ tɕe, iɕqha nɯ, qro ɣɯ ɯ-kho ci /pjɤ-mto-ndʑi/ pjɤ-mto-nɯ.
hist140506_shizi_he_huichang_huichang_de_bailingniao_S105.wav	tɕe nɯnɯ nɤmkha ɲɯ-nɯqambɯmbjom-a tɕe 
hist-14-tApitaRi_S255.wav	tɕe nɯ ɯ-pa ri a-ʁi nɤmkhathɤr kɤ-ti ci tu,
hist-29-tAmtshAzkAkWndo_S073.wav	tɕe nɯ pjɯ-nɯzarzɯr tu-ti-nɯ ŋgrɤl tɕe,
hist140430_jin_e_S205.wav	nɯnɯ rgɤtpu nɯ nɯnɯ ɯ-sta nɯtɕu ʑo pjɤ-rɤʑi tɕe,
hist140428_mu_e_guniang_S061.wav	tɕe mbro ɯ-taʁ to-ɕe tɕe li jo-ɕe-nɯ.
hist140506_woju_guniang_S100.wav	"""woju, nɤ-kɤrme pɯ-sɯɣe wo, pɯ-ɕɯɴqoʁ tɕe, /nɤki/"" to-ti"
hist140514_huishuohua_de_niao_S021.wav	nɯnɯ ndʑi-ftsa nɯnɯ, nɤki, ɟu taɴɢoʁ ɯ-ŋgɯ to-rku-ndʑi qhendɤre,
hist140510_fengwang_S043.wav	nɯnɯ si ɯ-ku zɯ, nɤkinɯ, iɕqha ɣʑo ɣɯ ɯ-loʁ pjɤ-tu.
hist-12-Zmbroko_S034.wav	tɕe nɯnɯ ʑmbroko ŋu.
hist-12-kAtsxWB_S084.wav	tɕheme ɣɯ nɯnɯ tɕe, kundi ɲɯ-ɕe tɕe nɯ kóʁmɯz pa pjɯ-ɕe ŋu.
hist140516_guowang_halifa_he_mutong_S091.wav	tɕendɤre nɯɕɯmɯma ʑo kumpɣɤtɕɯ nɯ ɲɤ-lɤt.
hist140506_shizi_he_huichang_huichang_de_bailingniao_S040.wav	ɯ-taʁ to-rɤβʁa tɕe,
hist140501_jingli_tshering_skyid_S017.wav	tɕe nongcun ʑo ku-rɤʑi-a pɯ-ŋu 
hist140518_jinyin_chengbao_S025.wav	nɯnɯ tɕe, nɯ-tɯfɕɤt pjɤ-βzu tɕe, 
hist-25-rtChWRjW_S064.wav	tɕe nɯnɯ kɯ staχpɯ ɯ-jwaʁ tu-ndze ŋu ɕi, 
hist140513_shenqi_de_feitan_S058.wav	"kɯki a-tɤ-nɯ-χti jɤɣ"" to-ti."
hist140521_jianding_de_xibing_S063.wav	iɕqha ɕnɤto ɯ-fkɯm ɣɯ ɯ-fkaβ to-ɲɟɯ.
hist-27-spjaNkW_S128.wav	tɕe nɯ ɯ-tʂɤm nɯnɯ ra kɯnɤ, nɯnɯ, nɯ-χpɯm cho ŋotɕu kɯ-mŋɤm ra ɲɯ-mar-nɯ 
hist140501_jingli_tshering_skyid_S011.wav	tɕe sɤ-xtɕɯ-xtɕi pɯ-xtɕi-a tɕe tɕe,
hist140510_fengwang_S017.wav	tɕendɤre ɯ-pi ni, tu-kɯ-wxti ni kɯ tu-ŋke-ndʑi ɯ-khɯkha 
hist140516_guowang_halifa_he_mutong_S027.wav	halifa nɯ wuma ʑo to-sɤmbrɯ tɕe nɯnɯ ɯ-ʁjoʁ ra nɯ-ɕki kɯki tɤ-pɤtso kɯki kɤ-ndo-nɯ tɕe nɤki,
hist-23-scuz_S092.wav	nɯ ʁɟa ʑo ɣɯ-tu-ndze ɲɯ-ŋu.
hist-22-BlamajmAG_S014.wav	tɕe ki ʑo ɲɯ-fse tu-ɬoʁ tɕe boŋboŋ ʑo ɲɯ-pa (ideoph)
hist140507_tangguowu_S015.wav	"tɕe ""kɯsthɯci ʑo maka ɲɯ-ŋgɯ-j ɕti tɕe,"
hist140515_jiesu_de_laoren_S109.wav	tɕendɤre wuma ʑo pjɤ-sɤscit ri, kɯ-ɕe ɯ-skɤt maka mɯ-pjɤ-βzu. 
hist-26-mYaRmtsaR_S148.wav	tɕe aʑo a-kɤ-sɯz kɯβde-tɯphu ɣɤʑu ma porɤt nɯ ɲɯ-ŋu,
hist-07-deluge_S044.wav	tɕendɤre nɯ ɯfsomɯr qhendɤre, tɯlɤt nɯ ɯtaʁ kondzoʁ qhe
hist140427_yuanhou_he_lianggeren_S021.wav	"nɯ-ftɕɤfkɤt to-tɕɤt tɕe, ""iɕqha tɯrme ʁnɯz nɯ jɤ-ɣɯt-nɯ, a-ʁɤri lɤ-ɣɯt-nɯ ra"" to-ti ɲɯ-ŋu."
hist140514_beifeng_yu_taiyang2_S035.wav	daltsɯtsa ɲɯ-kɤ-nɯkhɤda kɯ-fse, tu-kɤ-ti tɕe, 
hist-14-sWNgWJu_S033.wav	sɯŋgɯ kɯnɤ ɴqiaβ ri tɕe, si kɯ-wxti ra ɣɯ nɯ-rchɤβ ri, tu-ɬoʁ
hist-04-qala1_S032.wav	qala kɯ tɤmthɯm mɤ-ndze tɕe, xɕaj ʁɟa ʑo tu-ndze ɕti 
hist140508_benling_gaoqiang_de_si_xiongdi_S097.wav	taqaβ tɯ-ldʑa ɲɤ́-wɣ-mbi tɕe, mɯntoʁ sɤ-tʂɯβ taqaβ pjɤ-ŋu tɕe,
hist140425_shizi_huli_he_lu_S097.wav	sɯŋgɯ kɯ, nɤʑo nɤ-rna pa-rɤɕi nɯnɯ tɕe 
hist140513_abide_he_mogui_S093.wav	"ɯ-xso tɯrme ɲɯ-tɯ-ɕti tɕe, tɕhindʐa kɯ-ɕɯnŋo-a ra?"" to-ti ɲɯ-ŋu."
hist-30-kWrAfcAr_S063.wav	(nɤʑo kɯki kɤɣɯjre, aʑo kɯki kɤɣɯjruta)
hist-19-mi2_S017.wav	ɯ-jndɯz kɯ-fse nɯ ɣɤʑu, ɯ-srɯn kɯ-fse nɯ ɣɤʑu,
hist140518_xuezhe_he_huangshulang_S014.wav	tɕendɤre maka pjɯ-ɣɤrʑɯɣlɯɣ ʑo tɕendɤre 
hist-X1slobdpon_S047.wav	"tɕe tɕheme nɯ kɯ ""ɣa"" to-ti ɲɯ-ŋu tɕe,"
hist-17-xCAj_S117.wav	ftɕar tɕe, paʁ ra rɯŋgu ntsɯ ɕ-tu-no-nɯ ɲɯ-ŋu.
hist140428_kAtsxWB_S007.wav	tɕe nɯnɯ tɕe kɯ-mpɕɤr kɤ-nɯ-sɯ-pa.
hist-05-qaZo_S157.wav	tɯrme ra kɯ-ŋgɯ kɯ-fse tu-sɤpa-nɯ ɕti ma nɯ
hist-27-qartshAz_S128.wav	tɕe nɯ rirɤβ stu kɯ-wxti nɯtɕu ʑo
hist-31-deluge_S071.wav	"""nɤ-rca tu-kɯ-tsɯm-a ra"" to-ti ri, "
hist140515_facai_meng_S016.wav	tɕendɤre tʂu ra wuma ʑo kɤ-ŋke pjɤ-ɴqa matɕi 
hist140505_xiaohaitu_S086.wav	nɯtɕu tɕendɤre pjɤ-mto.
hist140430_yufu_he_tade_qizi_S103.wav	tɕendɤre ɯ-ɕki to-ti tɕe,
hist140507_tangguowu_S157.wav	ndʑi-mu nɯnɯ to-ngo tɕe, iɕqha tɤ-ɬaʁ nɯ to-ngo tɕe ɲɤ-si
hist140426_xiaohaizi_he_hua_de_shizi_S020.wav	ɯ-tɕɯ nɯnɯ kɤ-ɣɤrʁaʁ pjɤ-rga tɕe,
hist140515_huli_he_yuelv_S087.wav	nɯnɯ pɯwɯ nɯ pjɤ-si ʁo alala ri, tɕe iɕqha, nɤkinɯ, qachɣa kɯ-fkrɯz nɯ kɯ to-ndza tɕe, nɯ kɯnɤ ɯ-sroʁ to-tɕɤt ɲɯ-ŋu.
hist-13-tCamu_S019.wav	ɯ-mɯntoʁ ɯ-taʁ kɯnɤ ɯ-jwaʁ ɲɯ-βze ŋu ma
hist-07-tAtho_S022.wav	tɕe kupa ra kɯ tɕe (nɤkinɯ) ɯ-tshuxtoʁ kɯ-tu ma 
hist-27-qartshAz_S058.wav	nɯnɯ ɯ-ŋgɯ ndɤre
hist-04-cuiniao_S064.wav	"kɤ-ndo mɤ-tɯ-cha-nɯ"" to-ti."
hist-08-qaCti_S019.wav	ɯ-χcɤl ri ɯ-jndɯz kɯ-fse ci tu tɕe nɯnɯ
hist140513_mutong_de_disheng_S118.wav	tɕendɤre nɤki iɕqha kɯ-βʁa nɯ kɯ tɕe, ɯ-mbrɯ sɤ-ŋgɯ-ŋgɯ, 
hist140513_shenqi_de_feitan_S107.wav	"tɯ-jaʁ mɤ-ɣi thaŋ"" tɕe,"
hist-X1slobdpon_S259.wav	"kɤ-ndza kowa tú-wɣ-βzu ɕti tɕe ku-ta-sɤnbaʁ ŋu"" to-ti tɕe,"
hist-27-tWfCAl_S040.wav	a-pɯ-ɤcilej, ɯ-ɕtʂi ra a-pɯ-dɤn kɯ-fse tɕe,
hist-14-sWNgWJu_S015.wav	tɕe ɯ-mɯntoʁ kɯ-fse ra kɯ-tu maŋe.
hist-05-qaZo_S113.wav	ɯro nɯnɯ ra nɯ maʁ nɤ kɯɣɯrni, nɯ maʁ nɤ kɯɲaʁ ŋu tɕe,
hist-22-qomndroN_S045.wav	tɕe ɯ-ɕpɤβ pjɤ-mto nɤ, kɯki ɯ-ʁar ɯ-ndzom ɯ-spɯɣ kɯra ɲɤ-rɯqajɯ.
hist140521_huangdi_de_xinzhuang_S094.wav	tɕeri iɕqha /jɤkɤ/ jɤ-kɯ-ɤri nɯ kɯ, iɕqha nɯ, ɯ-raz ɣɯ ɯ-tɯ-ɤkhra cho ɯ-taʁ nɯra nɯ tu-fse ŋu, nɯ tu-raŋ ŋu tɕe,
hist-26-kWrNukWGndZWr_S085.wav	tɕe nɯnɯ ndɤ koŋla ʑo ɯ-ʁar ɣɤʑu.
hist-06-qaZmbri_S034.wav	ku-orʁɯrʁu kɯ-fse ŋu
hist140510_sanpian_sheye_S025.wav	tɕendɤre ri, tɤ-tɕɯ nɯra, ɯ-ɕki nɤkinɯ, ɯ-kɯ-thu pjɤ-me ma,
hist-30-tWjrukho_S003.wav	kɯ-rɤfcɤr kɯ tɯfcɤr nɯra ta-βzu tɕe,
hist-18-qromJoR_S011.wav	tɕe li aɣɯrtɯrtaʁ tɕe, ʁnɯ-rtsɤɣ jamar tu-mbro cha.
hist-X1slobdpon_S295.wav	kha jo-nɯ-sɤtɕitʂi-ndʑi tɕe
hist-05-qaZo_S091.wav	tɯji ɯŋgɯ chɯ́wɣlɤt tɕe tɤrɤku ɣɯ pɯnɯŋu 
hist140513_abide_he_mogui_S080.wav	tɕendɤre abide nɯ kɯ ɕlaʁ ʑo /kɤlɤt kɤ-ɤlɯlɤt  to-znɯna tɕe, /toti/ to-thu
hist140510_rkoNJAl_S052.wav	tɕe nɯnɯ tɤ-rpi ɲɯ́-wɣ-sɯβzu tɕe tɕe χtɕɤt ra pjɯ́-wɣ-sɯlɤt tɕe tɕe phɤn ɲɯ-ŋgrɤl tu-ti-nɯ ri, 
hist-30-macha_S030.wav	χtʂɯɣdʑa tu tɕe, tʂha ɲɯ-kɯ-nɯβzdɤr tu 
hist-08-khWjNga_S029.wav	ʑɯrɯʑɤri tu-wxti ŋu
hist140516_yiguan_ganlan_S064.wav	"tɕendɤre ɯ-sɯm tɕe nɯ kɯɕnɯ-xpa to-tsu ri, sɯmat nɯ kɯsthɯci kɯ-sɤr mɤ-ŋgrɤl"" ɲɤ-sɯso tɕe,"
hist-27-kharwut_S058.wav	ma nɯnɯ lɯɣmbrɯm ɲɯ-ŋu tɕe nɯnɯ,
hist-16-CWrNGo_S096.wav	tɯ-rdoʁ nɯ rca kɯ-wxtɯ-wxti ʑo.
hist140427_zei_he_lvguan_laoban_S010.wav	"nɤkinɯ, iɕqha nɯ ""kha ɯ-ŋgra ɲɯ-kham-a, "
hist-15-babW_S190.wav	lu-ɣɯrni sthɯci mɤ-pe ma tɕe 
hist140513_shenqi_de_feitan_S169.wav	tɕe kɤ-mto ɲɤ-me tɕe tɕendɤre,
hist140517_mogui_de_jing_S049.wav	ɯ-βlu to-tu tɕe bonuomu ɯ-ɕki to-ti tɕe, nɤkiɯ, nɤki,
hist140522_Kamnyu_tWji_S093.wav	_cindzɯku, wo nɯnɯ praʁwɯ ɯ-locu ri tɕe,
hist-11-mYAm_S053.wav	tɕe ftɕar tɕe tɕe ɯ-mɯntoʁ ɲɯ-lɤt ŋu laʁma,
hist-12-BzaNsa_S104.wav	tɕendɤre ɯ-ŋgɯ ri tʂɤm ra na-rku
hist-30-tChorzi_S029.wav	ɯnɯnɯ ɟu nɯ chɤmdɤru rmi
hist140427_wuya_he_huli_S006.wav	nɯ tɕu pjɤ-rɤʑi tɕe tɕendɤre,
hist-14-tApitaRi_S147.wav	tɕe nɯni ɣɯ ndʑi-me ci, ndʑi-tɕɯ ci tu
hist-25-tChWXpri_S020.wav	iʑo kɤmɲɯ ra kɯ tɕhɯχpri tu-ti-j ŋu.
hist-09-stoR_S020.wav	tɕe stoʁ nɯnɯ ŋu tɕe
hist-09-stoR_S052.wav	nɯ ɕɯŋgɯ tɕe tɕendɤre kɤ́rɯru ʑo pjɯ́wɣ-tɤβ 
hist-24-ZmbrWpGa_S018.wav	dɯdɯt sɤz kɯnɤ ɲɯ-xtɕi.
hist140519_wandou_gongzhu_S065.wav	kɯki ndɤre, koŋlaʑo tɤɕime ɲɯ-ŋu ma,
hist-31-deluge_S149.wav	nɯ kɯ-fse tɕe ɲɯ-ɲɤ-dɤn ʑo. 
hist-13-NAnWkWmtsWG_S035.wav	tɕe ŋgɯsɯ nɯnɯ, nɤkinɯ,
hist-26-qro-fourmi_S018.wav	qroɲaʁ nɯ sthi mɤ-sɤmtsɯɣ.
hist-28-smAnmi_S194.wav	tɕeri li maka srɯnmɯ cho srɯtphu nɯra jo-ɣi-nɯ tɕe tɕe nɯ,
hist-14-sWNgWJu_S090.wav	tɕe thɯci, tɯ-ɕa ɯ-mdoʁ tsa asɯ-ndo kɯ-fse.
hist-X1slobdpon_S146.wav	"""a rɟɤlpu fka ɕti tɕe, mɤ-kɤ-ɕe mɤ-khɯ."" to-ti ɲɯ-ŋu tɕe,"
hist140513_qianshang_he_xiaotou_S027.wav	ɯ-βlu ra tɤ-kɤ-tɕɤt tu-nɤme pjɤ-ŋu tɕe, 
hist-26-tWcipaR_S041.wav	zdɯmlaʁrɯʁrɯ ŋu tɕe,
hist140428_yonggan_de_xiaocaifeng_S021.wav	ɯʑo ɣɯ, nɤkinɯ, ɯ-mthɯxtɕɤr ɯ-taʁ nɯ tɕu, tɤscoz tɯ-tɤmphrɯm ko-rɤt tɕe ɯ-taʁ nɯ tɕu, nɤki,
hist-27-kikakCi_S203.wav	ɯ-ʁrɯ nɯ, ɕkɤrɯ ɣɯ ɯ-ʁrɯ nɯ, kɯ-xtɕɯ-xtɕi ci ma maŋe loβ.
hist140518_huifei_de_muma_S183.wav	tɕendɤre, kɯki tɤru ɯ-tɕɯ nɯ kɯ, rɟɤlpu ɯ-tɕɯ nɯ kɯ, spoz ra to-zwɤr tɕe, iɕqha tɕheme nɯ chondɤre mbro nɯnɯ ko-fskɤr /nɤ/, ʁnɯ-tɤxɯr ko-fskɤr.
hist140515_congming_de_wusui_xiaohai_S099.wav	"ci nɯra kɯ ""pɯ-ŋu, nɯra tɤ-nɯkrɤz-i pɯ-ŋu"" to-ti-nɯ."
hist140506_nongfu_he_mogui_S090.wav	tɤ-rga kɯ kha jo-nɯɕe tu-kɯ-ti ɲɯ-ŋu.
hist-05-paR_S011.wav	li gongyeyuan liaojie ɲɯŋu lo ma
hist-12-Zmbroko_S040.wav	ndʑɯrwɯz nɯnɯ li nɤkinɯ, 
hist-30-mboR_S084.wav	ɕɤnthɤβ nɯnɯ tɕhi kɯ-fse nɯ ŋu mɤxsi, nɯnɯ ɕɤnthɤβ nɯnɯ
hist140510_fengwang_S003.wav	nɯra nɯ-rɟɤlpu nɯ ɣɯ, nɤki iɕqha nɯ, ɯ-tɕɯ χsɯm pjɤ-tu.
hist-12-ndZiNgri_S136.wav	tɕe nɯ ɯ-prɤm pjɯ́-wɣ-lɤt tɕe
hist-23-mbrAZWm_S206.wav	kupa ra kɯnɤ tu-nɯ-ndza-nɯ ɲɯ-ɕti rca ma ju-ɣɯt-nɯ ɲɯ-ŋu.
hist-05-qaZo_S005.wav	tɕe zrɤβ apɯtu koʁmɯz nɤ tshɤnmu chɤrɤpɯ tɕe nɯ ɲɯ-mphɯl ra 
hist-25-rtChWRjW_S043.wav	li rŋgɯ ɯ-pa ri tu-ɲɟoʁ qhe nɯ ɯ-ŋgɯ ri ku-rɤʑi tɕe,
hist140514_xizajiang_he_lifashi_S035.wav	tɕe nɯ ɯ-qhu qhe, tɕe jier nɯnɯ ɣɯ, nɤkinɯ, ɯ-tɯtsɣe ra wuma ʑo pjɤ-khɯ matɕi,
hist-07-deluge_S113.wav	nɯ ndʑi-rɟit nɯra chɤ-rɤrɟit-nɯ, nɯ kɯ-fse ɲɤ-k-ɤmphɯmphri-ci qhe,
hist140430_lang_he_qizhi_xiaoshanyang_S112.wav	"tɕe a-pi ra kɤsɯfse ʑo, nɤki, spjaŋkɯ kɯ ta-ndza ɕti"" to-ti ɲɯ-ŋu."
hist-21-jmAGni_S086.wav	kɯ-me nɯra qhe me, 
hist-19-RloNbutChi_S009.wav	ma nɯnɯ kú-wɣ-rtoʁ rcanɯ, 
hist-14-sWNgWJu_S156.wav	tú-wɣ-χɕoʁ ɲɯ-khɯ. 
hist-15-babW_S008.wav	woja, nɯ cho nɤ, ɯ-jwaʁ cho nɤ naχtɕɯɣ ri,
hist140501_jingli_tshering_skyid_S048.wav	tɕe mbarkhom kɯ-rɤβzjoz thɯ-ɣe-a, 
hist140513_mutong_de_disheng_S024.wav	ɯkɯki tɤpɤtso kɯ rcanɯ, maka ʑo mɯ́j-sɯxtɕhaʁ tɕe
hist140428_mtshalu_kAsAla_S009.wav	tɯ-jaʁ kú-wɣ-tshoʁ qhe tɯ-jaʁ ku-mtsɯɣ ɕti.
hist-18-saCW2_S010.wav	tɕe kɯ-ɤrqhɯrqhi pjɯ-nɯɕɯrɲɟo tɕe, ŋotɕu tu ʑo saχsɤl.
hist140506_woju_guniang_S042.wav	tɕendɤre ɯ-fso tɕe tɕeri, mɤʑɯ ʑo tu-ndze ɲɯ-sɯsɤm pjɤ-ɕti.
hist-X1-qachGa_S027.wav	"""lɤ-tɯ-ɤri tɕe, tɤte, kɯ-rɯru xcat ʑo ɕti,"
hist140511_alading_yu_shendeng_S163.wav	tɤtʂu nɯ ɲɯ-pɕiz-a tɕe a-tɯ-ɤχsɯko /ɲɯ/
hist-09-mi_S034.wav	tɕe nɯnɯ mi ŋu. (205)
hist140521_huangdi_de_xinzhuang_S080.wav	tɕendɤre, iɕqha kɯ-taʁ nɯni kɯ kɯki iɕqha nɯ, li ʑɯmkhɤm ʑo rŋɯl chondɤre pɕawtsɯ chondɤre nɤkinɯ, koxtɕinri χsɤr nɯra ɲɤ-nɯ-mɟa-ndʑi.
hist-27-tApGi_S130.wav	tɯ-ɕɣa kɯ-nɯsmɤn, tɕɤthi, ndɯchu kɯreri rɤʑi ma,
hist-14-tApitaRi_S124.wav	a-ʁi tɤ-tɕɯ stu kɯ-wxti nɯ ŋu
hist-15-babW_S034.wav	kɯ-ɤqarŋɯrŋe kɯ-fse ci ɲɯ-βze ŋu tɕe tɕe ʑɯrɯʑɤri tɕe pjɯ-khrɯ tɕe pjɯ-ŋgra ŋu tɕe, tɕe ɯ-sta nɯnɯ ɯ-mat ɲɯ-βze ŋu.
hist140522_Kamnyu_zgo_S304.wav	nɯnɯ ɯ-ndɤcu tsa ri ŋu tɕe,
hist140430_yufu_he_tade_qizi_S064.wav	"""bimuyu nɤʑo a-rju ɯ-pɯ-tɯ-mtshɤm tɕe, tɤ-nɯɬoʁ ma"
hist140511_alading_yu_shendeng_S130.wav	pjɤ-ja qhe kɤ-nɯɬoʁ mɯ-ɲɤ-khɯ qhe tɕendɤre 
hist140520_xiaoyida_de_huar_S043.wav	"tɕendɤre ɯ-zda slama nɯ kɯ ""wo nɯnɯra, lonba ʑo, nɤkinɯ, rɟɤlsa ɯ-ŋgɯ jo-ɕe-nɯ."" to-ti."
hist-19-qachGamWntoR_S110.wav	ɯ-mɯntoʁ ɯ-spa tu-kɯ-ɬoʁ nɯnɯ, rɟɤskhi...
hist140522_GJW_S015.wav	tɕe kɯ-ɤβʑɯrdu qhe, tɕe ɯ-qa nɯra hanɯni ɲɯ-jpum,
hist-26-NalitCaRmbWm_S039.wav	kɤ-nɯkho tɕe tɕe 
hist-19-GzW_S057.wav	ɯ-tshɤt tu-sɯβzu-nɯ mɯ́j-khɯ ma,
hist140516_zaixiang_he_candou_S051.wav	tɯ-rʑaʁ tɕe tɕendɤre wuma ʑo tɯ-mɯ qale kɯ-thɯ ʑo ɣɯ tɯrmɯ ciz jo-zɣɯt tɕendɤre, 
hist-30-Com_S105.wav	tɯthɯ pɕoʁ nɯ kɤ-ntɕhoz mɯ́j-pe
hist-27-tApGi_S047.wav	tɯ-ɣmba ɯ-phaʁ ra tu-ɕɯ-mŋɤm, 
hist140430_jin_e_S052.wav	ɕkɤrnɤɕkɤr ʑo, nɤki, ʑɤwu tɯ-ŋke jo-tsɯm tɕe kha jo-nɯɕe tɕe, to-sɯ-mphɯr pjɤ-ra. 
hist-30-macha_S036.wav	tɕe nɯnɯ kɯ-fse kú-wɣ-tshi ŋgrɤl
hist-31-deluge_S085.wav	mɤ-jɤɣ ma fse raŋ tɕe, atu tɕe rcanɯ, kɯ-sɤɕkɯɕke ʑo tu mɤ-tɯ-cha,
hist140512_alibaba_S048.wav	tɕendɤre ɯ-kɯm chɤ-tɕɤt tɕe tɕendɤre,
hist140510_sanpian_sheye_S058.wav	tɕe tɕhi jamar ʑo to-nnɯ-tsu kɯma, li tɤ-rʑaʁ kɯ-nɤkɤro ɲɤ-ɕe ma,
hist140429_qingwa_wangzi_S075.wav	"""nɯra kɯ-ra me"" ɲɯ-sɯsɤm pjɤ-ɕti qhe,"
hist-30-komAr_S047.wav	nɤki, komɤr tu-ɕe ra, konaʁ tu-ɕe ra
hist-14-tasa_S007.wav	tɕe nɯnɯ tasa ɣɯ ɯ-rɣi nɯnɯ sɤtɕha wuma ʑo kɯ-sna,
hist-13-tCamu_S027.wav	kɯɕɯŋgɯ tɕe, tʂha pɯ-rkɯn, pjɤ-me tɕe,
hist140510_fengwang_S059.wav	tɕeri ɲɤ-ɕar-nɯ ri, rɟɤlsa ɣɯ ɯ-kɯm cho ɯ-khɯɣɲɟɯ nɯ lonba ʑo pjɤ-k-ɤpa-ci boʁboʁ ʑo ɕti. 
hist140514_guowang_he_lieying_S037.wav	tɤ-lu ʑo pjɤ-fse.
hist140427_qala_kWrtsAG_S072.wav	nɯ maʁ nɤ ɣɯ-ndza pjɤ-ŋu.
hist140516_huli_de_baofu_S117.wav	ɯʑo to-ʑɣɤsɤstɤko qhe, tɕe qachɣa nɯ to-mtsaʁ qhendɤre,
hist-28-qapar_S226.wav	ɯʑo pha ɯ-phoŋbu ʑo kɯ-wɣrum qhe, ɯ-βri nɯ aʁɤndɯndɤt ʑo kɯ-ɤrtɯm kɯ-fse xɯrxɯr,
hist140505_liuhaohan_zoubian_tianxia_S045.wav	li tɯtɯrca jo-ɕe-nɯ.
hist140522_Kamnyu_tWji_S033.wav	ɯ-qa nɯnɯ paʁ pjɯ-mbi-nɯ.
hist-17-xCAj_S092.wav	tɕe nɯnɯ ŋu tɕe, ɯ-mɯntoʁ nɯnɯ ɯ-ku ri tu-ɣi tɕe, ɯ-mɯntoʁ nɯ kɯ-wɣrum ɲɯ-lɤt ŋu.
hist-03-hehua_S013.wav	nɯnɯ boʁboʁ ʑo kɯ-pa nɯnɯ ɲɯ-ŋu tɕe, (ideoph)
hist140514_guowang_he_lieying_S055.wav	tɕe mbro nɯ kɯ pɤjku pjɯ-tshi mɯ-pjɤ-tsu ma
hist-03-zhenzhuquan1_S012.wav	mɯntoʁ wuma ɲɯ-dɤn.
hist140522_Kamnyu_tshupa_S061.wav	tɕe tɤtsoʁsta nɯ ɲɯ-ɕe tɕe, tɕendɤre, iɕqha,
hist140517_mogui_de_jing_S025.wav	tɕe nɯ nɤ-fkur nɯ tɯ-sŋi sɤz tɯ-sŋi/a/ a-tɤ-ʑo tɕe tɕendɤre,
hist140426_buxiejiang_gaizuo_yisheng_S021.wav	kɯki tɯ-xtsa ɯ-kɯ-ɣɤβdi ɣɯ smɤn tɤ-kɤ-βzu tɕe 
hist-18-qromJoR_S059.wav	tɕe nɯ maldo ŋu.
hist140512_alibaba_S288.wav	ci nɯ ɯ-sci ɲɯ-mgrɯn pjɤ-ɕti ri, 
hist-27-tWfCAl_S115.wav	nɯreri tɕhɯwur tu-rke ŋu tɕe, 
hist-27-kikakCi_S096.wav	ɯ-phoŋbu nɯ pjɯ-rtɤβ kɯ-fse qhe, kɯ-ɲaʁ ntsɯ pjɯ-rtɤβ qhe,
hist140504_baixue_gongzhu_S234.wav	iɕqha ɯ-ɬaʁ nɯnɯ kɯ nɯra pɯ-kɯ-fse nɯra pa-sɯz tɕe tɕendɤre
hist-14-tApitaRi_S062.wav	tɕe nɯŋa pjɯχse, paʁ pjɯχse, tshɤt pjɯχse 
hist-X1-tWJo_S049.wav	tɕe ɯ-thɤcu nɯtɕu, tɯ-qe stɤɲcrɯɣ lo-nɯɬoʁ tɕe tɕe, nɤki ci nɤ,
hist-31-deluge_S091.wav	tɕendɤre ɯ-fsomɯr qhendɤre, ɯ-fso qhe,
hist140430_jin_e_S020.wav	tɕe sɯŋgɯ jɤ-azɣɯt tɕendɤre iɕqha nɯ,
hist-22-kumpGatCW_S015.wav	ɲɯ-sɤɣʑɯr tɕe, nɯ ɕqraʁ tɕe
hist-13-NAnWkWmtsWG_S008.wav	ɯ-jwaʁ ɯ-qhuchu nɯ ɲɯ-pɣi,
hist140426_buxiejiang_gaizuo_yisheng_S014.wav	tɕendɤre, nɤkinɯ, tɯrme ra kɯ wuma ʑo ɲɤ́-wɣ-nɤstu tɕe ɯ-rmi to-caʁ ɲɯ-ŋu.
hist140427_zhameng_he_maotouying_S046.wav	wuma ʑo ɲɯ-cha ɲɯ-ŋu, ɲɯ-znɤŋɯŋu-nɯ ɲɯ-ŋu tɕe
hist140430_jin_e_S037.wav	tɯrpa ci to-lɤt ri, nɤkinɯ 
hist140514_guowang_he_lieying_S038.wav	tɕendɤre nɯ rɟɤlpu nɯ kɯ, iɕqha nɯ, qaliaʁ ɯ-mke khɯtsa nɯ,
